-- phpMyAdmin SQL Dump
-- version 5.2.1
-- https://www.phpmyadmin.net/
--
-- Počítač: bbw4qewc3ugqfkyjwwoe-mysql.services.clever-cloud.com:3306
-- Vytvořeno: Stř 05. čen 2024, 07:24
-- Verze serveru: 8.0.22-13
-- Verze PHP: 8.3.7

SET SQL_MODE = "NO_AUTO_VALUE_ON_ZERO";
START TRANSACTION;
SET time_zone = "+00:00";


/*!40101 SET @OLD_CHARACTER_SET_CLIENT=@@CHARACTER_SET_CLIENT */;
/*!40101 SET @OLD_CHARACTER_SET_RESULTS=@@CHARACTER_SET_RESULTS */;
/*!40101 SET @OLD_COLLATION_CONNECTION=@@COLLATION_CONNECTION */;
/*!40101 SET NAMES utf8mb4 */;

--
-- Databáze: `bbw4qewc3ugqfkyjwwoe`
--

-- --------------------------------------------------------

--
-- Struktura tabulky `bom`
--

CREATE TABLE `bom` (
  `product_code` varchar(10) COLLATE utf8mb4_czech_ci NOT NULL,
  `part_number` varchar(10) COLLATE utf8mb4_czech_ci NOT NULL,
  `usage` decimal(10,3) NOT NULL
) ENGINE=InnoDB DEFAULT CHARSET=utf8mb4 COLLATE=utf8mb4_czech_ci;

--
-- Vypisuji data pro tabulku `bom`
--

INSERT INTO `bom` (`product_code`, `part_number`, `usage`) VALUES
('BGPK000001', 'BRND000001', 1.000),
('BGPK000001', 'BRND000003', 1.000),
('BGPK000001', 'BRND000006', 1.000),
('BGPK000001', 'BRND000007', 1.000),
('BGPK000001', 'BRND000023', 1.000),
('BGPK000001', 'BRND000024', 1.000),
('BGPK000001', 'FBRK000011', 0.120),
('BGPK000001', 'FBRK000017', 0.700),
('BGPK000001', 'FBRK000069', 0.220),
('BGPK000001', 'FBRK000086', 1.125),
('BGPK000001', 'FLNG000003', 0.075),
('BGPK000001', 'HRDW000017', 0.800),
('BGPK000001', 'HRDW000018', 0.400),
('BGPK000001', 'HRDW000020', 3.000),
('BGPK000001', 'HRDW000054', 2.000),
('BGPK000001', 'HRDW000055', 1.000),
('BGPK000001', 'HRDW000058', 2.000),
('BGPK000001', 'HRDW000059', 1.000),
('BGPK000001', 'HRDW000061', 1.000),
('BGPK000001', 'HRDW000092', 2.000),
('BGPK000001', 'HRDW000093', 1.000),
('BGPK000001', 'PCKG000001', 1.000),
('BGPK000001', 'PCKG000002', 1.000),
('BGPK000001', 'STRP000001', 1.800),
('BGPK000001', 'STRP000003', 1.800),
('BGPK000001', 'STRP000004', 2.500),
('BGPK000001', 'STRP000005', 1.700),
('BGPK000001', 'STRP000006', 8.200),
('BGPK000001', 'STRP000052', 0.700),
('BGPK000001', 'STRP000053', 2.400),
('BGPK000001', 'STRP000060', 0.150),
('BGPK000001', 'STRP000061', 0.750),
('BGPK000001', 'STRP000062', 0.160),
('BGPK000001', 'THRD000001', 200.000),
('BGPK000001', 'THRD000007', 30.000),
('BGPK000002', 'BRND000001', 1.000),
('BGPK000002', 'BRND000003', 1.000),
('BGPK000002', 'BRND000006', 1.000),
('BGPK000002', 'BRND000007', 1.000),
('BGPK000002', 'BRND000023', 1.000),
('BGPK000002', 'BRND000024', 1.000),
('BGPK000002', 'FBRK000011', 0.120),
('BGPK000002', 'FBRK000017', 0.700),
('BGPK000002', 'FBRK000069', 0.220),
('BGPK000002', 'FBRK000096', 1.125),
('BGPK000002', 'FLNG000003', 0.075),
('BGPK000002', 'HRDW000017', 0.800),
('BGPK000002', 'HRDW000018', 0.400),
('BGPK000002', 'HRDW000020', 3.000),
('BGPK000002', 'HRDW000054', 2.000),
('BGPK000002', 'HRDW000055', 1.000),
('BGPK000002', 'HRDW000058', 2.000),
('BGPK000002', 'HRDW000059', 1.000),
('BGPK000002', 'HRDW000061', 1.000),
('BGPK000002', 'HRDW000092', 2.000),
('BGPK000002', 'HRDW000093', 92.000),
('BGPK000002', 'PCKG000001', 1.000),
('BGPK000002', 'PCKG000002', 1.000),
('BGPK000002', 'STRP000001', 1.800),
('BGPK000002', 'STRP000003', 1.800),
('BGPK000002', 'STRP000004', 2.500),
('BGPK000002', 'STRP000005', 1.700),
('BGPK000002', 'STRP000006', 8.200),
('BGPK000002', 'STRP000052', 0.700),
('BGPK000002', 'STRP000053', 2.400),
('BGPK000002', 'STRP000060', 0.150),
('BGPK000002', 'STRP000061', 0.750),
('BGPK000002', 'STRP000062', 0.160),
('BGPK000002', 'THRD000001', 10.000),
('BGPK000002', 'THRD000003', 200.000),
('BGPK000002', 'THRD000007', 30.000),
('BGPK000003', 'BRND000001', 1.000),
('BGPK000003', 'BRND000003', 1.000),
('BGPK000003', 'BRND000006', 1.000),
('BGPK000003', 'BRND000007', 1.000),
('BGPK000003', 'BRND000023', 1.000),
('BGPK000003', 'BRND000024', 1.000),
('BGPK000003', 'FBRK000011', 0.120),
('BGPK000003', 'FBRK000017', 0.800),
('BGPK000003', 'FBRK000069', 0.220),
('BGPK000003', 'FBRK000086', 1.125),
('BGPK000003', 'FLNG000003', 0.075),
('BGPK000003', 'HRDW000017', 1.300),
('BGPK000003', 'HRDW000018', 0.400),
('BGPK000003', 'HRDW000020', 4.000),
('BGPK000003', 'HRDW000054', 2.000),
('BGPK000003', 'HRDW000055', 1.000),
('BGPK000003', 'HRDW000058', 2.000),
('BGPK000003', 'HRDW000059', 1.000),
('BGPK000003', 'HRDW000061', 1.000),
('BGPK000003', 'HRDW000092', 2.000),
('BGPK000003', 'HRDW000093', 92.000),
('BGPK000003', 'PCKG000001', 1.000),
('BGPK000003', 'PCKG000002', 1.000),
('BGPK000003', 'STRP000001', 1.800),
('BGPK000003', 'STRP000003', 1.800),
('BGPK000003', 'STRP000004', 2.500),
('BGPK000003', 'STRP000005', 1.700),
('BGPK000003', 'STRP000006', 8.200),
('BGPK000003', 'STRP000052', 0.700),
('BGPK000003', 'STRP000053', 2.400),
('BGPK000003', 'STRP000060', 0.150),
('BGPK000003', 'STRP000061', 0.150),
('BGPK000003', 'STRP000062', 0.160),
('BGPK000003', 'THRD000001', 200.000),
('BGPK000003', 'THRD000007', 30.000),
('BGPK000004', 'BRND000001', 1.000),
('BGPK000004', 'BRND000003', 1.000),
('BGPK000004', 'BRND000006', 1.000),
('BGPK000004', 'BRND000007', 1.000),
('BGPK000004', 'BRND000023', 1.000),
('BGPK000004', 'BRND000024', 1.000),
('BGPK000004', 'FBRK000011', 0.120),
('BGPK000004', 'FBRK000017', 0.800),
('BGPK000004', 'FBRK000069', 0.220),
('BGPK000004', 'FBRK000096', 1.125),
('BGPK000004', 'FLNG000003', 0.075),
('BGPK000004', 'HRDW000017', 0.800),
('BGPK000004', 'HRDW000018', 0.400),
('BGPK000004', 'HRDW000020', 3.000),
('BGPK000004', 'HRDW000054', 2.000),
('BGPK000004', 'HRDW000055', 1.000),
('BGPK000004', 'HRDW000058', 2.000),
('BGPK000004', 'HRDW000059', 1.000),
('BGPK000004', 'HRDW000061', 1.000),
('BGPK000004', 'HRDW000092', 2.000),
('BGPK000004', 'HRDW000093', 92.000),
('BGPK000004', 'PCKG000001', 1.000),
('BGPK000004', 'PCKG000002', 1.000),
('BGPK000004', 'STRP000001', 1.800),
('BGPK000004', 'STRP000003', 1.800),
('BGPK000004', 'STRP000004', 2.500),
('BGPK000004', 'STRP000005', 1.700),
('BGPK000004', 'STRP000006', 8.200),
('BGPK000004', 'STRP000052', 0.700),
('BGPK000004', 'STRP000053', 2.400),
('BGPK000004', 'STRP000060', 0.150),
('BGPK000004', 'STRP000061', 0.750),
('BGPK000004', 'STRP000062', 0.160),
('BGPK000004', 'THRD000001', 30.000),
('BGPK000004', 'THRD000003', 100.000),
('BGPK000004', 'THRD000007', 30.000),
('BGPK000005', 'BRND000001', 1.000),
('BGPK000005', 'BRND000003', 1.000),
('BGPK000005', 'BRND000006', 1.000),
('BGPK000005', 'BRND000007', 1.000),
('BGPK000005', 'BRND000023', 1.000),
('BGPK000005', 'BRND000024', 1.000),
('BGPK000005', 'FBRK000011', 0.120),
('BGPK000005', 'FBRK000017', 0.800),
('BGPK000005', 'FBRK000069', 0.220),
('BGPK000005', 'FBRK000087', 1.125),
('BGPK000005', 'FLNG000003', 0.075),
('BGPK000005', 'HRDW000017', 1.300),
('BGPK000005', 'HRDW000018', 0.400),
('BGPK000005', 'HRDW000020', 4.000),
('BGPK000005', 'HRDW000054', 2.000),
('BGPK000005', 'HRDW000055', 1.000),
('BGPK000005', 'HRDW000058', 2.000),
('BGPK000005', 'HRDW000059', 1.000),
('BGPK000005', 'HRDW000061', 1.000),
('BGPK000005', 'HRDW000092', 2.000),
('BGPK000005', 'HRDW000093', 92.000),
('BGPK000005', 'PCKG000001', 1.000),
('BGPK000005', 'PCKG000002', 1.000),
('BGPK000005', 'STRP000001', 1.800),
('BGPK000005', 'STRP000003', 1.800),
('BGPK000005', 'STRP000004', 2.500),
('BGPK000005', 'STRP000005', 1.700),
('BGPK000005', 'STRP000006', 8.200),
('BGPK000005', 'STRP000053', 0.700),
('BGPK000005', 'STRP000060', 0.150),
('BGPK000005', 'STRP000061', 0.150),
('BGPK000005', 'STRP000062', 0.160),
('BGPK000005', 'THRD000001', 10.000),
('BGPK000005', 'THRD000007', 30.000),
('BGPK000005', 'THRD000010', 200.000),
('BGPK000006', 'BRND000001', 1.000),
('BGPK000006', 'BRND000003', 1.000),
('BGPK000006', 'BRND000006', 1.000),
('BGPK000006', 'BRND000007', 1.000),
('BGPK000006', 'BRND000023', 1.000),
('BGPK000006', 'BRND000024', 1.000),
('BGPK000006', 'FBRK000011', 0.120),
('BGPK000006', 'FBRK000069', 0.220),
('BGPK000006', 'FBRK000089', 1.125),
('BGPK000006', 'FLNG000003', 0.075),
('BGPK000006', 'HRDW000017', 0.800),
('BGPK000006', 'HRDW000018', 0.400),
('BGPK000006', 'HRDW000020', 3.000),
('BGPK000006', 'HRDW000054', 2.000),
('BGPK000006', 'HRDW000055', 1.000),
('BGPK000006', 'HRDW000058', 2.000),
('BGPK000006', 'HRDW000059', 1.000),
('BGPK000006', 'HRDW000061', 1.000),
('BGPK000006', 'HRDW000092', 2.000),
('BGPK000006', 'HRDW000093', 92.000),
('BGPK000006', 'PCKG000001', 1.000),
('BGPK000006', 'PCKG000002', 1.000),
('BGPK000006', 'STRP000001', 1.800),
('BGPK000006', 'STRP000003', 1.800),
('BGPK000006', 'STRP000004', 2.500),
('BGPK000006', 'STRP000005', 1.700),
('BGPK000006', 'STRP000006', 8.200),
('BGPK000006', 'STRP000053', 3.300),
('BGPK000006', 'STRP000060', 0.150),
('BGPK000006', 'STRP000061', 0.750),
('BGPK000006', 'STRP000062', 0.160),
('BGPK000006', 'THRD000001', 30.000),
('BGPK000006', 'THRD000008', 200.000),
('BGPK000007', 'BRND000001', 1.000),
('BGPK000007', 'BRND000003', 1.000),
('BGPK000007', 'BRND000006', 1.000),
('BGPK000007', 'BRND000007', 1.000),
('BGPK000007', 'BRND000023', 1.000),
('BGPK000007', 'BRND000024', 1.000),
('BGPK000007', 'FBRK000011', 0.120),
('BGPK000007', 'FBRK000012', 0.800),
('BGPK000007', 'FBRK000069', 0.220),
('BGPK000007', 'FBRK000088', 1.125),
('BGPK000007', 'FLNG000003', 0.075),
('BGPK000007', 'HRDW000017', 0.800),
('BGPK000007', 'HRDW000018', 0.400),
('BGPK000007', 'HRDW000020', 3.000),
('BGPK000007', 'HRDW000054', 2.000),
('BGPK000007', 'HRDW000055', 1.000),
('BGPK000007', 'HRDW000058', 2.000),
('BGPK000007', 'HRDW000059', 1.000),
('BGPK000007', 'HRDW000061', 1.000),
('BGPK000007', 'HRDW000092', 2.000),
('BGPK000007', 'HRDW000093', 92.000),
('BGPK000007', 'PCKG000001', 1.000),
('BGPK000007', 'PCKG000002', 1.000),
('BGPK000007', 'STRP000001', 1.800),
('BGPK000007', 'STRP000003', 1.800),
('BGPK000007', 'STRP000004', 2.500),
('BGPK000007', 'STRP000005', 1.700),
('BGPK000007', 'STRP000006', 8.200),
('BGPK000007', 'STRP000053', 3.300),
('BGPK000007', 'STRP000060', 0.150),
('BGPK000007', 'STRP000061', 0.750),
('BGPK000007', 'STRP000062', 0.160),
('BGPK000007', 'THRD000001', 50.000),
('BGPK000007', 'THRD000004', 200.000),
('BGPK000008', 'BRND000001', 1.000),
('BGPK000008', 'BRND000003', 1.000),
('BGPK000008', 'BRND000006', 1.000),
('BGPK000008', 'BRND000007', 1.000),
('BGPK000008', 'BRND000023', 1.000),
('BGPK000008', 'BRND000024', 1.000),
('BGPK000008', 'FBRK000011', 0.120),
('BGPK000008', 'FBRK000017', 0.700),
('BGPK000008', 'FBRK000069', 0.220),
('BGPK000008', 'FBRK000087', 1.125),
('BGPK000008', 'FLNG000003', 0.075),
('BGPK000008', 'HRDW000017', 0.800),
('BGPK000008', 'HRDW000018', 0.400),
('BGPK000008', 'HRDW000020', 3.000),
('BGPK000008', 'HRDW000054', 2.000),
('BGPK000008', 'HRDW000055', 1.000),
('BGPK000008', 'HRDW000058', 2.000),
('BGPK000008', 'HRDW000059', 1.000),
('BGPK000008', 'HRDW000061', 1.000),
('BGPK000008', 'HRDW000092', 2.000),
('BGPK000008', 'HRDW000093', 92.000),
('BGPK000008', 'PCKG000001', 1.000),
('BGPK000008', 'PCKG000002', 1.000),
('BGPK000008', 'STRP000001', 1.800),
('BGPK000008', 'STRP000003', 1.800),
('BGPK000008', 'STRP000004', 2.500),
('BGPK000008', 'STRP000005', 1.700),
('BGPK000008', 'STRP000006', 8.200),
('BGPK000008', 'STRP000053', 3.300),
('BGPK000008', 'STRP000060', 0.150),
('BGPK000008', 'STRP000061', 0.750),
('BGPK000008', 'STRP000062', 0.160),
('BGPK000008', 'THRD000001', 10.000),
('BGPK000008', 'THRD000007', 30.000),
('BGPK000008', 'THRD000010', 200.000),
('BGPK000009', 'BRND000001', 1.000),
('BGPK000009', 'BRND000003', 1.000),
('BGPK000009', 'BRND000006', 1.000),
('BGPK000009', 'BRND000007', 1.000),
('BGPK000009', 'BRND000023', 1.000),
('BGPK000009', 'BRND000024', 1.000),
('BGPK000009', 'FBRK000011', 0.120),
('BGPK000009', 'FBRK000069', 0.220),
('BGPK000009', 'FBRK000089', 1.125),
('BGPK000009', 'FLNG000003', 0.075),
('BGPK000009', 'HRDW000017', 0.800),
('BGPK000009', 'HRDW000018', 0.400),
('BGPK000009', 'HRDW000020', 3.000),
('BGPK000009', 'HRDW000054', 2.000),
('BGPK000009', 'HRDW000055', 1.000),
('BGPK000009', 'HRDW000058', 2.000),
('BGPK000009', 'HRDW000059', 1.000),
('BGPK000009', 'HRDW000061', 1.000),
('BGPK000009', 'HRDW000092', 2.000),
('BGPK000009', 'HRDW000093', 92.000),
('BGPK000009', 'PCKG000001', 1.000),
('BGPK000009', 'PCKG000002', 1.000),
('BGPK000009', 'STRP000001', 1.800),
('BGPK000009', 'STRP000003', 1.800),
('BGPK000009', 'STRP000004', 2.500),
('BGPK000009', 'STRP000005', 1.700),
('BGPK000009', 'STRP000006', 8.200),
('BGPK000009', 'STRP000053', 3.300),
('BGPK000009', 'STRP000060', 0.150),
('BGPK000009', 'STRP000061', 0.750),
('BGPK000009', 'STRP000062', 0.160),
('BGPK000009', 'THRD000001', 10.000),
('BGPK000009', 'THRD000008', 200.000),
('BGPK000010', 'BRND000001', 1.000),
('BGPK000010', 'BRND000003', 1.000),
('BGPK000010', 'BRND000006', 1.000),
('BGPK000010', 'BRND000007', 1.000),
('BGPK000010', 'BRND000023', 1.000),
('BGPK000010', 'BRND000024', 1.000),
('BGPK000010', 'FBRK000011', 0.120),
('BGPK000010', 'FBRK000012', 0.700),
('BGPK000010', 'FBRK000069', 0.220),
('BGPK000010', 'FBRK000088', 1.125),
('BGPK000010', 'FLNG000003', 0.075),
('BGPK000010', 'HRDW000017', 0.800),
('BGPK000010', 'HRDW000018', 0.400),
('BGPK000010', 'HRDW000020', 3.000),
('BGPK000010', 'HRDW000054', 2.000),
('BGPK000010', 'HRDW000055', 1.000),
('BGPK000010', 'HRDW000058', 2.000),
('BGPK000010', 'HRDW000059', 1.000),
('BGPK000010', 'HRDW000061', 1.000),
('BGPK000010', 'HRDW000092', 2.000),
('BGPK000010', 'HRDW000093', 92.000),
('BGPK000010', 'PCKG000001', 1.000),
('BGPK000010', 'PCKG000002', 1.000),
('BGPK000010', 'STRP000001', 1.800),
('BGPK000010', 'STRP000003', 1.800),
('BGPK000010', 'STRP000004', 2.500),
('BGPK000010', 'STRP000005', 1.700),
('BGPK000010', 'STRP000006', 8.200),
('BGPK000010', 'STRP000053', 3.300),
('BGPK000010', 'STRP000060', 0.150),
('BGPK000010', 'STRP000061', 0.750),
('BGPK000010', 'STRP000062', 0.160),
('BGPK000010', 'THRD000001', 10.000),
('BGPK000010', 'THRD000004', 200.000),
('BGPK000011', 'BRND000001', 1.000),
('BGPK000011', 'BRND000003', 1.000),
('BGPK000011', 'FBRK000001', 0.300),
('BGPK000011', 'FBRK000013', 0.900),
('BGPK000011', 'FBRK000069', 0.190),
('BGPK000011', 'FBRK000102', 0.750),
('BGPK000011', 'FBRK000114', 0.125),
('BGPK000011', 'FLNG000001', 0.080),
('BGPK000011', 'FLNG000003', 0.075),
('BGPK000011', 'HRDW000005', 1.000),
('BGPK000011', 'HRDW000006', 1.000),
('BGPK000011', 'HRDW000010', 2.000),
('BGPK000011', 'HRDW000018', 0.350),
('BGPK000011', 'HRDW000019', 1.000),
('BGPK000011', 'LTHR000001', 0.180),
('BGPK000011', 'PCKG000001', 1.000),
('BGPK000011', 'PCKG000002', 1.000),
('BGPK000011', 'STRP000003', 2.200),
('BGPK000011', 'THRD000003', 20.000),
('BGPK000011', 'THRD000017', 100.000),
('BGPK000012', 'BRND000003', 1.000),
('BGPK000012', 'BRND000021', 1.000),
('BGPK000012', 'FBRK000001', 0.300),
('BGPK000012', 'FBRK000021', 0.900),
('BGPK000012', 'FBRK000033', 0.200),
('BGPK000012', 'FBRK000069', 0.190),
('BGPK000012', 'FBRK000103', 0.750),
('BGPK000012', 'FBRK000114', 0.125),
('BGPK000012', 'FLNG000001', 0.080),
('BGPK000012', 'FLNG000003', 0.075),
('BGPK000012', 'HRDW000005', 1.000),
('BGPK000012', 'HRDW000006', 1.000),
('BGPK000012', 'HRDW000010', 2.000),
('BGPK000012', 'HRDW000018', 0.800),
('BGPK000012', 'HRDW000019', 2.000),
('BGPK000012', 'LTHR000002', 0.180),
('BGPK000012', 'PCKG000001', 1.000),
('BGPK000012', 'PCKG000002', 1.000),
('BGPK000012', 'STRP000003', 2.200),
('BGPK000012', 'STRP000004', 0.200),
('BGPK000012', 'THRD000018', 120.000),
('BGPK000013', 'BRND000001', 1.000),
('BGPK000013', 'BRND000003', 1.000),
('BGPK000013', 'FBRK000001', 0.250),
('BGPK000013', 'FBRK000013', 1.200),
('BGPK000013', 'FBRK000033', 0.200),
('BGPK000013', 'FBRK000046', 0.200),
('BGPK000013', 'FBRK000070', 0.750),
('BGPK000013', 'FBRK000114', 0.150),
('BGPK000013', 'FLNG000001', 0.100),
('BGPK000013', 'FLNG000003', 0.075),
('BGPK000013', 'HRDW000005', 1.000),
('BGPK000013', 'HRDW000006', 1.000),
('BGPK000013', 'HRDW000010', 2.000),
('BGPK000013', 'HRDW000018', 0.800),
('BGPK000013', 'HRDW000019', 2.000),
('BGPK000013', 'LTHR000004', 0.015),
('BGPK000013', 'PCKG000001', 1.000),
('BGPK000013', 'PCKG000002', 1.000),
('BGPK000013', 'STRP000003', 2.200),
('BGPK000013', 'STRP000004', 2.600),
('BGPK000013', 'THRD000001', 150.000),
('BGPK000013', 'THRD000003', 20.000),
('BGPK000014', 'BRND000001', 1.000),
('BGPK000014', 'BRND000003', 1.000),
('BGPK000014', 'FBRK000001', 0.250),
('BGPK000014', 'FBRK000013', 1.200),
('BGPK000014', 'FBRK000033', 0.200),
('BGPK000014', 'FBRK000046', 0.200),
('BGPK000014', 'FBRK000070', 0.750),
('BGPK000014', 'FBRK000114', 0.150),
('BGPK000014', 'FLNG000001', 0.100),
('BGPK000014', 'FLNG000003', 0.075),
('BGPK000014', 'HRDW000005', 1.000),
('BGPK000014', 'HRDW000006', 1.000),
('BGPK000014', 'HRDW000010', 2.000),
('BGPK000014', 'HRDW000018', 0.800),
('BGPK000014', 'HRDW000019', 2.000),
('BGPK000014', 'HRDW000067', 1.000),
('BGPK000014', 'LTHR000004', 0.015),
('BGPK000014', 'PCKG000001', 1.000),
('BGPK000014', 'PCKG000002', 1.000),
('BGPK000014', 'STRP000003', 2.200),
('BGPK000014', 'STRP000004', 2.600),
('BGPK000014', 'THRD000001', 150.000),
('BGPK000014', 'THRD000003', 20.000),
('BGPK000015', 'BRND000001', 1.000),
('BGPK000015', 'BRND000003', 1.000),
('BGPK000015', 'FBRK000001', 0.250),
('BGPK000015', 'FBRK000013', 1.200),
('BGPK000015', 'FBRK000033', 0.200),
('BGPK000015', 'FBRK000046', 0.850),
('BGPK000015', 'FBRK000069', 0.100),
('BGPK000015', 'FBRK000114', 0.150),
('BGPK000015', 'FLNG000001', 0.100),
('BGPK000015', 'FLNG000003', 0.075),
('BGPK000015', 'HRDW000010', 2.000),
('BGPK000015', 'HRDW000018', 0.800),
('BGPK000015', 'HRDW000019', 2.000),
('BGPK000015', 'HRDW000039', 1.000),
('BGPK000015', 'LTHR000004', 0.015),
('BGPK000015', 'PCKG000001', 1.000),
('BGPK000015', 'PCKG000002', 1.000),
('BGPK000015', 'STRP000003', 2.800),
('BGPK000015', 'STRP000004', 2.700),
('BGPK000015', 'STRP000005', 0.500),
('BGPK000015', 'STRP000060', 0.050),
('BGPK000015', 'STRP000061', 0.050),
('BGPK000015', 'THRD000001', 150.000),
('BGPK000015', 'THRD000003', 20.000),
('BGPK000016', 'BRND000001', 1.000),
('BGPK000016', 'BRND000003', 1.000),
('BGPK000016', 'FBRK000001', 0.300),
('BGPK000016', 'FBRK000033', 0.200),
('BGPK000016', 'FBRK000069', 0.190),
('BGPK000016', 'FBRK000101', 0.750),
('BGPK000016', 'FBRK000114', 0.125),
('BGPK000016', 'FLNG000001', 0.080),
('BGPK000016', 'FLNG000003', 0.075),
('BGPK000016', 'HRDW000010', 2.000),
('BGPK000016', 'HRDW000018', 0.800),
('BGPK000016', 'HRDW000019', 2.000),
('BGPK000016', 'HRDW000055', 1.000),
('BGPK000016', 'LTHR000001', 0.180),
('BGPK000016', 'PCKG000001', 1.000),
('BGPK000016', 'PCKG000002', 1.000),
('BGPK000016', 'STRP000003', 2.200),
('BGPK000016', 'STRP000004', 0.200),
('BGPK000016', 'STRP000015', 2.500),
('BGPK000016', 'THRD000001', 100.000),
('BGPK000016', 'THRD000008', 20.000),
('BGPK000017', 'BRND000001', 1.000),
('BGPK000017', 'BRND000003', 1.000),
('BGPK000017', 'FBRK000001', 0.300),
('BGPK000017', 'FBRK000033', 0.200),
('BGPK000017', 'FBRK000069', 0.190),
('BGPK000017', 'FBRK000104', 0.750),
('BGPK000017', 'FBRK000114', 0.125),
('BGPK000017', 'FLNG000001', 0.080),
('BGPK000017', 'FLNG000003', 0.075),
('BGPK000017', 'HRDW000010', 2.000),
('BGPK000017', 'HRDW000018', 0.800),
('BGPK000017', 'HRDW000019', 2.000),
('BGPK000017', 'HRDW000055', 1.000),
('BGPK000017', 'LTHR000003', 0.015),
('BGPK000017', 'PCKG000001', 1.000),
('BGPK000017', 'PCKG000002', 1.000),
('BGPK000017', 'STRP000003', 2.200),
('BGPK000017', 'STRP000004', 0.200),
('BGPK000017', 'STRP000015', 2.500),
('BGPK000017', 'THRD000001', 100.000),
('BGPK000017', 'THRD000008', 20.000),
('BGPK000017', 'THRD000011', 20.000),
('BGPK000018', 'BRND000001', 1.000),
('BGPK000018', 'BRND000003', 1.000),
('BGPK000018', 'FBRK000001', 0.250),
('BGPK000018', 'FBRK000013', 1.200),
('BGPK000018', 'FBRK000033', 0.200),
('BGPK000018', 'FBRK000046', 0.200),
('BGPK000018', 'FBRK000053', 0.650),
('BGPK000018', 'FBRK000069', 0.100),
('BGPK000018', 'FBRK000114', 0.150),
('BGPK000018', 'FLNG000001', 0.100),
('BGPK000018', 'FLNG000003', 0.075),
('BGPK000018', 'HRDW000005', 1.000),
('BGPK000018', 'HRDW000006', 1.000),
('BGPK000018', 'HRDW000010', 2.000),
('BGPK000018', 'HRDW000018', 0.800),
('BGPK000018', 'HRDW000019', 2.000),
('BGPK000018', 'LTHR000004', 0.015),
('BGPK000018', 'PCKG000001', 1.000),
('BGPK000018', 'PCKG000002', 1.000),
('BGPK000018', 'STRP000003', 2.200),
('BGPK000018', 'STRP000004', 2.600),
('BGPK000018', 'THRD000001', 20.000),
('BGPK000018', 'THRD000003', 20.000),
('BGPK000018', 'THRD000014', 100.000),
('BGPK000019', 'BRND000001', 1.000),
('BGPK000019', 'BRND000003', 1.000),
('BGPK000019', 'FBRK000001', 0.250),
('BGPK000019', 'FBRK000013', 1.200),
('BGPK000019', 'FBRK000033', 0.200),
('BGPK000019', 'FBRK000046', 0.200),
('BGPK000019', 'FBRK000054', 0.650),
('BGPK000019', 'FBRK000069', 0.100),
('BGPK000019', 'FBRK000114', 0.150),
('BGPK000019', 'FLNG000001', 0.100),
('BGPK000019', 'FLNG000003', 0.075),
('BGPK000019', 'HRDW000005', 1.000),
('BGPK000019', 'HRDW000006', 1.000),
('BGPK000019', 'HRDW000010', 2.000),
('BGPK000019', 'HRDW000018', 0.800),
('BGPK000019', 'HRDW000019', 2.000),
('BGPK000019', 'LTHR000004', 0.015),
('BGPK000019', 'PCKG000001', 1.000),
('BGPK000019', 'PCKG000002', 1.000),
('BGPK000019', 'STRP000003', 2.200),
('BGPK000019', 'STRP000004', 2.600),
('BGPK000019', 'THRD000001', 20.000),
('BGPK000019', 'THRD000003', 20.000),
('BGPK000019', 'THRD000018', 100.000),
('BGPK000020', 'BRND000001', 1.000),
('BGPK000020', 'BRND000003', 1.000),
('BGPK000020', 'FBRK000001', 0.250),
('BGPK000020', 'FBRK000013', 1.200),
('BGPK000020', 'FBRK000033', 0.200),
('BGPK000020', 'FBRK000046', 0.200),
('BGPK000020', 'FBRK000048', 0.650),
('BGPK000020', 'FBRK000069', 0.100),
('BGPK000020', 'FBRK000114', 0.150),
('BGPK000020', 'FLNG000001', 0.100),
('BGPK000020', 'FLNG000003', 0.075),
('BGPK000020', 'HRDW000005', 1.000),
('BGPK000020', 'HRDW000006', 1.000),
('BGPK000020', 'HRDW000010', 2.000),
('BGPK000020', 'HRDW000018', 0.800),
('BGPK000020', 'HRDW000019', 2.000),
('BGPK000020', 'LTHR000004', 0.015),
('BGPK000020', 'PCKG000001', 1.000),
('BGPK000020', 'PCKG000002', 1.000),
('BGPK000020', 'STRP000003', 2.200),
('BGPK000020', 'STRP000004', 2.600),
('BGPK000020', 'THRD000001', 20.000),
('BGPK000020', 'THRD000003', 20.000),
('BGPK000020', 'THRD000017', 100.000),
('BGPK000021', 'BRND000001', 1.000),
('BGPK000021', 'BRND000003', 1.000),
('BGPK000021', 'FBRK000001', 0.250),
('BGPK000021', 'FBRK000013', 1.200),
('BGPK000021', 'FBRK000033', 0.200),
('BGPK000021', 'FBRK000046', 0.200),
('BGPK000021', 'FBRK000059', 0.650),
('BGPK000021', 'FBRK000069', 0.100),
('BGPK000021', 'FBRK000114', 0.150),
('BGPK000021', 'FLNG000001', 0.100),
('BGPK000021', 'FLNG000003', 0.075),
('BGPK000021', 'HRDW000005', 1.000),
('BGPK000021', 'HRDW000006', 1.000),
('BGPK000021', 'HRDW000010', 2.000),
('BGPK000021', 'HRDW000018', 0.800),
('BGPK000021', 'HRDW000019', 2.000),
('BGPK000021', 'LTHR000004', 0.015),
('BGPK000021', 'PCKG000001', 1.000),
('BGPK000021', 'PCKG000002', 1.000),
('BGPK000021', 'STRP000003', 2.200),
('BGPK000021', 'STRP000004', 2.600),
('BGPK000021', 'THRD000001', 20.000),
('BGPK000021', 'THRD000003', 20.000),
('BGPK000021', 'THRD000015', 100.000),
('BGPK000022', 'BRND000001', 1.000),
('BGPK000022', 'BRND000003', 2.000),
('BGPK000022', 'FBRK000001', 0.250),
('BGPK000022', 'FBRK000010', 0.250),
('BGPK000022', 'FBRK000014', 1.350),
('BGPK000022', 'FBRK000033', 0.020),
('BGPK000022', 'FBRK000046', 1.000),
('BGPK000022', 'FBRK000069', 0.250),
('BGPK000022', 'FBRK000114', 0.210),
('BGPK000022', 'FLNG000001', 0.150),
('BGPK000022', 'FLNG000002', 0.075),
('BGPK000022', 'HRDW000005', 3.000),
('BGPK000022', 'HRDW000006', 3.000),
('BGPK000022', 'HRDW000012', 2.000),
('BGPK000022', 'HRDW000014', 4.000),
('BGPK000022', 'HRDW000018', 0.800),
('BGPK000022', 'HRDW000019', 2.000),
('BGPK000022', 'LTHR000004', 0.015),
('BGPK000022', 'PCKG000001', 1.000),
('BGPK000022', 'PCKG000002', 1.000),
('BGPK000022', 'STRP000003', 5.700),
('BGPK000022', 'STRP000004', 2.500),
('BGPK000022', 'STRP000005', 0.800),
('BGPK000022', 'STRP000053', 0.450),
('BGPK000022', 'THRD000001', 250.000),
('BGPK000022', 'THRD000009', 40.000),
('BGPK000023', 'BRND000001', 1.000),
('BGPK000023', 'BRND000003', 2.000),
('BGPK000023', 'FBRK000001', 0.250),
('BGPK000023', 'FBRK000010', 0.250),
('BGPK000023', 'FBRK000014', 1.350),
('BGPK000023', 'FBRK000033', 0.020),
('BGPK000023', 'FBRK000046', 0.200),
('BGPK000023', 'FBRK000054', 0.800),
('BGPK000023', 'FBRK000069', 0.250),
('BGPK000023', 'FBRK000114', 0.210),
('BGPK000023', 'FLNG000001', 0.150),
('BGPK000023', 'FLNG000002', 0.075),
('BGPK000023', 'HRDW000005', 3.000),
('BGPK000023', 'HRDW000006', 3.000),
('BGPK000023', 'HRDW000012', 2.000),
('BGPK000023', 'HRDW000014', 4.000),
('BGPK000023', 'HRDW000018', 0.800),
('BGPK000023', 'HRDW000019', 2.000),
('BGPK000023', 'LTHR000004', 0.015),
('BGPK000023', 'PCKG000001', 1.000),
('BGPK000023', 'PCKG000002', 1.000),
('BGPK000023', 'STRP000003', 5.700),
('BGPK000023', 'STRP000004', 2.500),
('BGPK000023', 'STRP000005', 0.800),
('BGPK000023', 'STRP000053', 0.450),
('BGPK000023', 'THRD000001', 250.000),
('BGPK000023', 'THRD000009', 40.000),
('BGPK000023', 'THRD000018', 30.000),
('BGPK000024', 'BRND000001', 1.000),
('BGPK000024', 'BRND000003', 2.000),
('BGPK000024', 'FBRK000001', 0.250),
('BGPK000024', 'FBRK000010', 0.250),
('BGPK000024', 'FBRK000014', 1.350),
('BGPK000024', 'FBRK000033', 0.020),
('BGPK000024', 'FBRK000046', 0.200),
('BGPK000024', 'FBRK000047', 0.800),
('BGPK000024', 'FBRK000069', 0.250),
('BGPK000024', 'FBRK000114', 0.210),
('BGPK000024', 'FLNG000001', 0.150),
('BGPK000024', 'FLNG000002', 0.075),
('BGPK000024', 'HRDW000005', 3.000),
('BGPK000024', 'HRDW000006', 3.000),
('BGPK000024', 'HRDW000012', 2.000),
('BGPK000024', 'HRDW000014', 4.000),
('BGPK000024', 'HRDW000018', 0.800),
('BGPK000024', 'HRDW000019', 2.000),
('BGPK000024', 'LTHR000004', 0.015),
('BGPK000024', 'PCKG000001', 1.000),
('BGPK000024', 'PCKG000002', 1.000),
('BGPK000024', 'STRP000003', 5.700),
('BGPK000024', 'STRP000004', 2.500),
('BGPK000024', 'STRP000005', 0.800),
('BGPK000024', 'STRP000052', 0.450),
('BGPK000024', 'THRD000001', 250.000),
('BGPK000024', 'THRD000002', 30.000),
('BGPK000024', 'THRD000009', 40.000),
('BGPK000025', 'BRND000001', 1.000),
('BGPK000025', 'BRND000003', 2.000),
('BGPK000025', 'FBRK000017', 0.300),
('BGPK000025', 'FBRK000022', 1.100),
('BGPK000025', 'FBRK000033', 0.250),
('BGPK000025', 'FBRK000046', 0.800),
('BGPK000025', 'FBRK000069', 0.350),
('BGPK000025', 'FBRK000114', 0.250),
('BGPK000025', 'FLNG000002', 0.075),
('BGPK000025', 'HRDW000005', 2.000),
('BGPK000025', 'HRDW000006', 2.000),
('BGPK000025', 'HRDW000009', 2.000),
('BGPK000025', 'HRDW000011', 4.000),
('BGPK000025', 'HRDW000013', 8.000),
('BGPK000025', 'HRDW000014', 4.000),
('BGPK000025', 'HRDW000018', 1.300),
('BGPK000025', 'HRDW000019', 3.000),
('BGPK000025', 'HRDW000040', 2.000),
('BGPK000025', 'LTHR000004', 0.015),
('BGPK000025', 'PCKG000001', 1.000),
('BGPK000025', 'PCKG000002', 1.000),
('BGPK000025', 'STRP000002', 3.500),
('BGPK000025', 'STRP000003', 1.900),
('BGPK000025', 'STRP000004', 4.000),
('BGPK000025', 'STRP000052', 0.700),
('BGPK000025', 'THRD000001', 150.000),
('BGPK000025', 'THRD000007', 20.000),
('BGPK000025', 'THRD000018', 50.000),
('BGPK000026', 'BRND000001', 1.000),
('BGPK000026', 'BRND000003', 2.000),
('BGPK000026', 'FBRK000017', 0.300),
('BGPK000026', 'FBRK000022', 1.100),
('BGPK000026', 'FBRK000033', 0.250),
('BGPK000026', 'FBRK000054', 0.800),
('BGPK000026', 'FBRK000069', 0.350),
('BGPK000026', 'FBRK000114', 0.250),
('BGPK000026', 'FLNG000002', 0.075),
('BGPK000026', 'HRDW000005', 2.000),
('BGPK000026', 'HRDW000006', 2.000),
('BGPK000026', 'HRDW000009', 2.000),
('BGPK000026', 'HRDW000011', 4.000),
('BGPK000026', 'HRDW000013', 8.000),
('BGPK000026', 'HRDW000014', 4.000),
('BGPK000026', 'HRDW000018', 1.300),
('BGPK000026', 'HRDW000019', 3.000),
('BGPK000026', 'HRDW000040', 2.000),
('BGPK000026', 'LTHR000004', 0.015),
('BGPK000026', 'PCKG000001', 1.000),
('BGPK000026', 'PCKG000002', 1.000),
('BGPK000026', 'STRP000002', 3.500),
('BGPK000026', 'STRP000003', 1.900),
('BGPK000026', 'STRP000004', 4.000),
('BGPK000026', 'STRP000052', 0.700),
('BGPK000026', 'THRD000001', 10.000),
('BGPK000026', 'THRD000007', 20.000),
('BGPK000026', 'THRD000018', 200.000),
('BGPK000027', 'BRND000001', 1.000),
('BGPK000027', 'BRND000003', 1.000),
('BGPK000027', 'FBRK000001', 0.300),
('BGPK000027', 'FBRK000015', 0.900),
('BGPK000027', 'FBRK000070', 0.190),
('BGPK000027', 'FBRK000101', 0.750),
('BGPK000027', 'FBRK000114', 0.125),
('BGPK000027', 'FLNG000001', 0.080),
('BGPK000027', 'FLNG000003', 0.075),
('BGPK000027', 'HRDW000005', 1.000),
('BGPK000027', 'HRDW000006', 1.000),
('BGPK000027', 'HRDW000010', 2.000),
('BGPK000027', 'HRDW000018', 0.350),
('BGPK000027', 'HRDW000019', 1.000),
('BGPK000027', 'LTHR000002', 0.180),
('BGPK000027', 'PCKG000001', 1.000),
('BGPK000027', 'PCKG000002', 1.000),
('BGPK000027', 'STRP000003', 2.200),
('BGPK000027', 'THRD000001', 100.000),
('BGPK000027', 'THRD000008', 20.000),
('BGPK000028', 'BRND000001', 1.000),
('BGPK000028', 'BRND000003', 1.000),
('BGPK000028', 'FBRK000001', 0.300),
('BGPK000028', 'FBRK000069', 0.190),
('BGPK000028', 'FBRK000101', 0.750),
('BGPK000028', 'FBRK000114', 0.125),
('BGPK000028', 'FLNG000001', 0.080),
('BGPK000028', 'FLNG000003', 0.075),
('BGPK000028', 'HRDW000005', 1.000),
('BGPK000028', 'HRDW000006', 1.000),
('BGPK000028', 'HRDW000010', 2.000),
('BGPK000028', 'HRDW000018', 0.350),
('BGPK000028', 'HRDW000019', 1.000),
('BGPK000028', 'LTHR000001', 0.180),
('BGPK000028', 'PCKG000001', 1.000),
('BGPK000028', 'PCKG000002', 1.000),
('BGPK000028', 'STRP000003', 2.200),
('BGPK000028', 'THRD000001', 100.000),
('BGPK000028', 'THRD000008', 20.000),
('BGPK000029', 'BRND000001', 1.000),
('BGPK000029', 'BRND000003', 1.000),
('BGPK000029', 'FBRK000001', 0.300),
('BGPK000029', 'FBRK000029', 0.900),
('BGPK000029', 'FBRK000070', 0.190),
('BGPK000029', 'FBRK000104', 0.750),
('BGPK000029', 'FBRK000114', 0.125),
('BGPK000029', 'FLNG000001', 0.080),
('BGPK000029', 'FLNG000003', 0.075),
('BGPK000029', 'HRDW000005', 1.000),
('BGPK000029', 'HRDW000006', 1.000),
('BGPK000029', 'HRDW000010', 2.000),
('BGPK000029', 'HRDW000018', 0.350),
('BGPK000029', 'HRDW000019', 1.000),
('BGPK000029', 'LTHR000001', 0.180),
('BGPK000029', 'PCKG000001', 1.000),
('BGPK000029', 'PCKG000002', 1.000),
('BGPK000029', 'STRP000003', 2.200),
('BGPK000029', 'THRD000001', 20.000),
('BGPK000029', 'THRD000011', 100.000),
('BGPK000029', 'THRD000013', 80.000),
('BGPK000030', 'BRND000001', 1.000),
('BGPK000030', 'BRND000003', 1.000),
('BGPK000030', 'FBRK000001', 0.300),
('BGPK000030', 'FBRK000015', 0.900),
('BGPK000030', 'FBRK000070', 0.190),
('BGPK000030', 'FBRK000104', 0.750),
('BGPK000030', 'FBRK000114', 0.125),
('BGPK000030', 'FLNG000001', 0.080),
('BGPK000030', 'FLNG000003', 0.075),
('BGPK000030', 'HRDW000005', 1.000),
('BGPK000030', 'HRDW000006', 1.000),
('BGPK000030', 'HRDW000010', 2.000),
('BGPK000030', 'HRDW000018', 0.350),
('BGPK000030', 'HRDW000019', 1.000),
('BGPK000030', 'LTHR000003', 0.180),
('BGPK000030', 'PCKG000001', 1.000),
('BGPK000030', 'PCKG000002', 1.000),
('BGPK000030', 'STRP000003', 2.200),
('BGPK000030', 'THRD000001', 20.000),
('BGPK000030', 'THRD000008', 80.000),
('BGPK000030', 'THRD000011', 100.000),
('BGPK000031', 'BRND000001', 1.000),
('BGPK000031', 'BRND000003', 1.000),
('BGPK000031', 'FBRK000002', 1.250),
('BGPK000031', 'FBRK000046', 0.900),
('BGPK000031', 'FBRK000069', 0.190),
('BGPK000031', 'FBRK000114', 0.125),
('BGPK000031', 'FLNG000001', 0.080),
('BGPK000031', 'FLNG000003', 0.075),
('BGPK000031', 'HRDW000005', 1.000),
('BGPK000031', 'HRDW000006', 1.000),
('BGPK000031', 'HRDW000011', 2.000),
('BGPK000031', 'HRDW000018', 0.350),
('BGPK000031', 'HRDW000019', 1.000),
('BGPK000031', 'LTHR000004', 0.015),
('BGPK000031', 'PCKG000001', 1.000),
('BGPK000031', 'PCKG000002', 1.000),
('BGPK000031', 'STRP000003', 1.650),
('BGPK000031', 'STRP000004', 2.600),
('BGPK000031', 'STRP000007', 1.600),
('BGPK000031', 'THRD000001', 100.000),
('BGPK000031', 'THRD000004', 20.000),
('BGPK000032', 'BRND000001', 1.000),
('BGPK000032', 'BRND000003', 1.000),
('BGPK000032', 'FBRK000002', 1.250),
('BGPK000032', 'FBRK000046', 0.140),
('BGPK000032', 'FBRK000069', 0.190),
('BGPK000032', 'FBRK000076', 0.750),
('BGPK000032', 'FBRK000114', 0.125),
('BGPK000032', 'FLNG000001', 0.080),
('BGPK000032', 'FLNG000003', 0.075),
('BGPK000032', 'HRDW000005', 1.000),
('BGPK000032', 'HRDW000006', 1.000),
('BGPK000032', 'HRDW000011', 2.000),
('BGPK000032', 'HRDW000018', 0.350),
('BGPK000032', 'HRDW000019', 1.000),
('BGPK000032', 'LTHR000004', 0.015),
('BGPK000032', 'PCKG000001', 1.000),
('BGPK000032', 'PCKG000002', 1.000),
('BGPK000032', 'STRP000003', 1.650),
('BGPK000032', 'STRP000004', 2.600),
('BGPK000032', 'STRP000007', 1.600),
('BGPK000032', 'THRD000001', 100.000),
('BGPK000032', 'THRD000004', 20.000),
('BGPK000032', 'THRD000014', 80.000),
('BGPK000033', 'BRND000001', 1.000),
('BGPK000033', 'BRND000003', 1.000),
('BGPK000033', 'FBRK000001', 0.300),
('BGPK000033', 'FBRK000014', 0.950),
('BGPK000033', 'FBRK000046', 0.950),
('BGPK000033', 'FBRK000069', 0.190),
('BGPK000033', 'FBRK000114', 0.125),
('BGPK000033', 'FLNG000001', 0.080),
('BGPK000033', 'FLNG000003', 0.075),
('BGPK000033', 'HRDW000005', 2.000),
('BGPK000033', 'HRDW000006', 2.000),
('BGPK000033', 'HRDW000011', 2.000),
('BGPK000033', 'HRDW000018', 0.350),
('BGPK000033', 'HRDW000019', 1.000),
('BGPK000033', 'LTHR000004', 0.015),
('BGPK000033', 'PCKG000001', 1.000),
('BGPK000033', 'PCKG000002', 1.000),
('BGPK000033', 'STRP000003', 2.300),
('BGPK000033', 'STRP000004', 2.600),
('BGPK000033', 'STRP000007', 1.600),
('BGPK000033', 'THRD000001', 100.000),
('BGPK000033', 'THRD000009', 20.000),
('BGPK000034', 'BRND000001', 1.000),
('BGPK000034', 'BRND000003', 1.000),
('BGPK000034', 'FBRK000002', 1.250),
('BGPK000034', 'FBRK000046', 0.140),
('BGPK000034', 'FBRK000069', 0.190),
('BGPK000034', 'FBRK000076', 0.750),
('BGPK000034', 'FBRK000114', 0.125),
('BGPK000034', 'FLNG000001', 0.080),
('BGPK000034', 'FLNG000003', 0.075),
('BGPK000034', 'HRDW000005', 2.000),
('BGPK000034', 'HRDW000006', 2.000),
('BGPK000034', 'HRDW000011', 2.000),
('BGPK000034', 'HRDW000018', 0.350),
('BGPK000034', 'HRDW000019', 1.000),
('BGPK000034', 'LTHR000004', 0.015),
('BGPK000034', 'PCKG000001', 1.000),
('BGPK000034', 'PCKG000002', 1.000),
('BGPK000034', 'STRP000003', 2.300),
('BGPK000034', 'STRP000004', 2.600),
('BGPK000034', 'STRP000007', 1.600),
('BGPK000034', 'THRD000001', 100.000),
('BGPK000034', 'THRD000004', 20.000),
('BGPK000034', 'THRD000014', 80.000),
('BGPK000035', 'BRND000001', 1.000),
('BGPK000035', 'BRND000003', 1.000),
('BGPK000035', 'FBRK000001', 0.300),
('BGPK000035', 'FBRK000013', 0.900),
('BGPK000035', 'FBRK000069', 0.190),
('BGPK000035', 'FBRK000101', 0.750),
('BGPK000035', 'FBRK000114', 0.125),
('BGPK000035', 'FLNG000001', 0.080),
('BGPK000035', 'FLNG000003', 0.075),
('BGPK000035', 'HRDW000005', 1.000),
('BGPK000035', 'HRDW000006', 1.000),
('BGPK000035', 'HRDW000010', 2.000),
('BGPK000035', 'HRDW000018', 0.350),
('BGPK000035', 'HRDW000019', 1.000),
('BGPK000035', 'LTHR000003', 0.180),
('BGPK000035', 'PCKG000001', 1.000),
('BGPK000035', 'PCKG000002', 1.000),
('BGPK000035', 'STRP000003', 2.200),
('BGPK000035', 'THRD000001', 100.000),
('BGPK000035', 'THRD000003', 20.000),
('BGPK000035', 'THRD000011', 20.000),
('BGPK000036', 'BRND000001', 1.000),
('BGPK000036', 'BRND000003', 1.000),
('BGPK000036', 'FBRK000001', 0.300),
('BGPK000036', 'FBRK000013', 0.900),
('BGPK000036', 'FBRK000069', 0.190),
('BGPK000036', 'FBRK000110', 0.750),
('BGPK000036', 'FBRK000114', 0.125),
('BGPK000036', 'FLNG000001', 0.080),
('BGPK000036', 'FLNG000003', 0.075),
('BGPK000036', 'HRDW000005', 1.000),
('BGPK000036', 'HRDW000006', 1.000),
('BGPK000036', 'HRDW000010', 2.000),
('BGPK000036', 'HRDW000018', 0.350),
('BGPK000036', 'HRDW000019', 1.000),
('BGPK000036', 'LTHR000003', 0.180),
('BGPK000036', 'PCKG000001', 1.000),
('BGPK000036', 'PCKG000002', 1.000),
('BGPK000036', 'STRP000003', 2.200),
('BGPK000036', 'THRD000001', 10.000),
('BGPK000036', 'THRD000003', 20.000),
('BGPK000036', 'THRD000005', 100.000),
('BGPK000036', 'THRD000011', 20.000),
('BGPK000037', 'BRND000001', 1.000),
('BGPK000037', 'BRND000003', 1.000),
('BGPK000037', 'FBRK000001', 0.300),
('BGPK000037', 'FBRK000013', 0.900),
('BGPK000037', 'FBRK000069', 0.190),
('BGPK000037', 'FBRK000108', 0.750),
('BGPK000037', 'FBRK000114', 0.125),
('BGPK000037', 'FLNG000001', 0.080),
('BGPK000037', 'FLNG000003', 0.075),
('BGPK000037', 'HRDW000005', 1.000),
('BGPK000037', 'HRDW000006', 1.000),
('BGPK000037', 'HRDW000010', 2.000),
('BGPK000037', 'HRDW000018', 0.350),
('BGPK000037', 'HRDW000019', 1.000),
('BGPK000037', 'LTHR000001', 0.180),
('BGPK000037', 'PCKG000001', 1.000),
('BGPK000037', 'PCKG000002', 1.000),
('BGPK000037', 'STRP000003', 2.200),
('BGPK000037', 'THRD000001', 20.000),
('BGPK000037', 'THRD000003', 120.000),
('BGPK000038', 'BRND000001', 1.000),
('BGPK000038', 'BRND000003', 1.000),
('BGPK000038', 'FBRK000001', 0.300),
('BGPK000038', 'FBRK000013', 0.900),
('BGPK000038', 'FBRK000069', 0.190),
('BGPK000038', 'FBRK000113', 0.750),
('BGPK000038', 'FBRK000114', 0.125),
('BGPK000038', 'FLNG000001', 0.080),
('BGPK000038', 'FLNG000003', 0.075),
('BGPK000038', 'HRDW000005', 1.000),
('BGPK000038', 'HRDW000006', 1.000),
('BGPK000038', 'HRDW000010', 2.000),
('BGPK000038', 'HRDW000018', 0.350),
('BGPK000038', 'HRDW000019', 1.000),
('BGPK000038', 'LTHR000003', 0.180),
('BGPK000038', 'PCKG000001', 1.000),
('BGPK000038', 'PCKG000002', 1.000),
('BGPK000038', 'STRP000003', 2.200),
('BGPK000038', 'THRD000001', 10.000),
('BGPK000038', 'THRD000003', 20.000),
('BGPK000038', 'THRD000011', 100.000),
('BGPK000039', 'BRND000001', 1.000),
('BGPK000039', 'BRND000003', 1.000),
('BGPK000039', 'FBRK000001', 0.300),
('BGPK000039', 'FBRK000013', 0.900),
('BGPK000039', 'FBRK000069', 0.190),
('BGPK000039', 'FBRK000103', 0.750),
('BGPK000039', 'FBRK000114', 0.125),
('BGPK000039', 'FLNG000001', 0.080),
('BGPK000039', 'FLNG000003', 0.075),
('BGPK000039', 'HRDW000005', 1.000),
('BGPK000039', 'HRDW000006', 1.000),
('BGPK000039', 'HRDW000010', 2.000),
('BGPK000039', 'HRDW000018', 0.350),
('BGPK000039', 'HRDW000019', 1.000),
('BGPK000039', 'LTHR000001', 0.180),
('BGPK000039', 'PCKG000001', 1.000),
('BGPK000039', 'PCKG000002', 1.000),
('BGPK000039', 'STRP000003', 2.200),
('BGPK000039', 'THRD000001', 20.000),
('BGPK000039', 'THRD000003', 20.000),
('BGPK000039', 'THRD000018', 100.000),
('BGPK000040', 'BRND000001', 1.000),
('BGPK000040', 'BRND000003', 1.000),
('BGPK000040', 'FBRK000001', 0.300),
('BGPK000040', 'FBRK000013', 0.900),
('BGPK000040', 'FBRK000069', 0.190),
('BGPK000040', 'FBRK000103', 0.750),
('BGPK000040', 'FBRK000114', 0.125),
('BGPK000040', 'FLNG000001', 0.080),
('BGPK000040', 'FLNG000003', 0.075),
('BGPK000040', 'HRDW000005', 1.000),
('BGPK000040', 'HRDW000006', 1.000),
('BGPK000040', 'HRDW000010', 2.000),
('BGPK000040', 'HRDW000018', 0.350),
('BGPK000040', 'HRDW000019', 1.000),
('BGPK000040', 'LTHR000003', 0.180),
('BGPK000040', 'PCKG000001', 1.000),
('BGPK000040', 'PCKG000002', 1.000),
('BGPK000040', 'STRP000003', 2.200),
('BGPK000040', 'THRD000001', 10.000),
('BGPK000040', 'THRD000003', 20.000),
('BGPK000040', 'THRD000011', 20.000),
('BGPK000040', 'THRD000018', 100.000),
('BGPK000041', 'BRND000001', 1.000),
('BGPK000041', 'BRND000003', 1.000),
('BGPK000041', 'FBRK000001', 0.300),
('BGPK000041', 'FBRK000013', 0.900),
('BGPK000041', 'FBRK000069', 0.190),
('BGPK000041', 'FBRK000108', 0.750),
('BGPK000041', 'FBRK000114', 0.125),
('BGPK000041', 'FLNG000001', 0.080),
('BGPK000041', 'FLNG000003', 0.075),
('BGPK000041', 'HRDW000005', 1.000),
('BGPK000041', 'HRDW000006', 1.000),
('BGPK000041', 'HRDW000010', 2.000),
('BGPK000041', 'HRDW000018', 0.350),
('BGPK000041', 'HRDW000019', 1.000),
('BGPK000041', 'LTHR000001', 0.180),
('BGPK000041', 'PCKG000001', 1.000),
('BGPK000041', 'PCKG000002', 1.000),
('BGPK000041', 'STRP000003', 2.200),
('BGPK000041', 'THRD000001', 20.000),
('BGPK000041', 'THRD000003', 20.000),
('BGPK000041', 'THRD000012', 100.000),
('BGPK000042', 'BRND000001', 1.000),
('BGPK000042', 'BRND000003', 1.000),
('BGPK000042', 'FBRK000001', 0.300),
('BGPK000042', 'FBRK000013', 0.900),
('BGPK000042', 'FBRK000069', 0.190),
('BGPK000042', 'FBRK000108', 0.750),
('BGPK000042', 'FBRK000114', 0.125),
('BGPK000042', 'FLNG000001', 0.080),
('BGPK000042', 'FLNG000003', 0.075),
('BGPK000042', 'HRDW000005', 1.000),
('BGPK000042', 'HRDW000006', 1.000),
('BGPK000042', 'HRDW000010', 2.000),
('BGPK000042', 'HRDW000018', 0.350),
('BGPK000042', 'HRDW000019', 1.000),
('BGPK000042', 'LTHR000003', 0.180),
('BGPK000042', 'PCKG000001', 1.000),
('BGPK000042', 'PCKG000002', 1.000),
('BGPK000042', 'STRP000003', 2.200),
('BGPK000042', 'THRD000001', 10.000),
('BGPK000042', 'THRD000003', 20.000),
('BGPK000042', 'THRD000011', 20.000),
('BGPK000042', 'THRD000012', 100.000),
('BGPK000043', 'BRND000001', 1.000),
('BGPK000043', 'BRND000003', 1.000),
('BGPK000043', 'FBRK000001', 0.300),
('BGPK000043', 'FBRK000013', 0.900),
('BGPK000043', 'FBRK000069', 0.190),
('BGPK000043', 'FBRK000109', 0.750),
('BGPK000043', 'FBRK000114', 0.125),
('BGPK000043', 'FLNG000001', 0.080),
('BGPK000043', 'FLNG000003', 0.075),
('BGPK000043', 'HRDW000005', 1.000),
('BGPK000043', 'HRDW000006', 1.000),
('BGPK000043', 'HRDW000010', 2.000),
('BGPK000043', 'HRDW000018', 0.350),
('BGPK000043', 'HRDW000019', 1.000),
('BGPK000043', 'LTHR000001', 0.180),
('BGPK000043', 'PCKG000001', 1.000),
('BGPK000043', 'PCKG000002', 1.000),
('BGPK000043', 'STRP000003', 2.200),
('BGPK000043', 'THRD000001', 20.000),
('BGPK000043', 'THRD000003', 20.000),
('BGPK000043', 'THRD000013', 100.000),
('BGPK000044', 'BRND000001', 1.000),
('BGPK000044', 'BRND000003', 1.000),
('BGPK000044', 'FBRK000001', 0.300),
('BGPK000044', 'FBRK000013', 0.900),
('BGPK000044', 'FBRK000069', 0.190),
('BGPK000044', 'FBRK000106', 0.750),
('BGPK000044', 'FBRK000114', 0.125),
('BGPK000044', 'FLNG000001', 0.080),
('BGPK000044', 'FLNG000003', 0.075),
('BGPK000044', 'HRDW000005', 1.000),
('BGPK000044', 'HRDW000006', 1.000),
('BGPK000044', 'HRDW000010', 2.000),
('BGPK000044', 'HRDW000018', 0.350),
('BGPK000044', 'HRDW000019', 1.000),
('BGPK000044', 'LTHR000003', 0.180),
('BGPK000044', 'PCKG000001', 1.000),
('BGPK000044', 'PCKG000002', 1.000),
('BGPK000044', 'STRP000003', 2.200),
('BGPK000044', 'THRD000001', 10.000),
('BGPK000044', 'THRD000003', 20.000),
('BGPK000044', 'THRD000004', 100.000),
('BGPK000044', 'THRD000011', 20.000),
('BGPK000045', 'BRND000001', 1.000),
('BGPK000045', 'BRND000003', 1.000),
('BGPK000045', 'FBRK000001', 0.300),
('BGPK000045', 'FBRK000013', 0.950),
('BGPK000045', 'FBRK000048', 0.900),
('BGPK000045', 'FBRK000075', 0.190),
('BGPK000045', 'FBRK000114', 0.125),
('BGPK000045', 'FLNG000001', 0.080),
('BGPK000045', 'FLNG000003', 0.075),
('BGPK000045', 'HRDW000005', 1.000),
('BGPK000045', 'HRDW000006', 1.000),
('BGPK000045', 'HRDW000010', 2.000),
('BGPK000045', 'HRDW000018', 0.350),
('BGPK000045', 'HRDW000019', 1.000),
('BGPK000045', 'LTHR000001', 0.015),
('BGPK000045', 'PCKG000001', 1.000),
('BGPK000045', 'PCKG000002', 1.000),
('BGPK000045', 'STRP000003', 2.200),
('BGPK000045', 'THRD000003', 20.000),
('BGPK000045', 'THRD000005', 20.000),
('BGPK000045', 'THRD000017', 80.000),
('BGPK000046', 'BRND000001', 1.000),
('BGPK000046', 'BRND000003', 1.000),
('BGPK000046', 'FBRK000001', 0.300),
('BGPK000046', 'FBRK000013', 0.950),
('BGPK000046', 'FBRK000046', 0.900),
('BGPK000046', 'FBRK000071', 0.190),
('BGPK000046', 'FBRK000114', 0.125),
('BGPK000046', 'FLNG000001', 0.080),
('BGPK000046', 'FLNG000003', 0.075),
('BGPK000046', 'HRDW000005', 1.000),
('BGPK000046', 'HRDW000006', 1.000),
('BGPK000046', 'HRDW000010', 2.000),
('BGPK000046', 'HRDW000018', 0.350),
('BGPK000046', 'HRDW000019', 1.000),
('BGPK000046', 'LTHR000001', 0.015),
('BGPK000046', 'PCKG000001', 1.000),
('BGPK000046', 'PCKG000002', 1.000),
('BGPK000046', 'STRP000003', 2.200),
('BGPK000046', 'THRD000001', 20.000),
('BGPK000046', 'THRD000002', 80.000),
('BGPK000046', 'THRD000003', 20.000),
('BGPK000047', 'BRND000001', 1.000),
('BGPK000047', 'BRND000003', 1.000),
('BGPK000047', 'FBRK000001', 0.300),
('BGPK000047', 'FBRK000013', 0.950),
('BGPK000047', 'FBRK000049', 0.900),
('BGPK000047', 'FBRK000071', 0.190),
('BGPK000047', 'FBRK000114', 0.125),
('BGPK000047', 'FLNG000001', 0.080),
('BGPK000047', 'FLNG000003', 0.075),
('BGPK000047', 'HRDW000005', 1.000),
('BGPK000047', 'HRDW000006', 1.000),
('BGPK000047', 'HRDW000010', 2.000),
('BGPK000047', 'HRDW000018', 0.350),
('BGPK000047', 'HRDW000019', 1.000),
('BGPK000047', 'LTHR000001', 0.015),
('BGPK000047', 'PCKG000001', 1.000),
('BGPK000047', 'PCKG000002', 1.000),
('BGPK000047', 'STRP000003', 2.200),
('BGPK000047', 'THRD000002', 80.000),
('BGPK000047', 'THRD000003', 20.000),
('BGPK000047', 'THRD000013', 20.000),
('BGPK000048', 'BRND000001', 1.000),
('BGPK000048', 'BRND000003', 1.000),
('BGPK000048', 'FBRK000001', 0.300),
('BGPK000048', 'FBRK000013', 0.950),
('BGPK000048', 'FBRK000047', 0.900),
('BGPK000048', 'FBRK000072', 0.190),
('BGPK000048', 'FBRK000114', 0.125),
('BGPK000048', 'FLNG000001', 0.080),
('BGPK000048', 'FLNG000003', 0.075),
('BGPK000048', 'HRDW000005', 1.000),
('BGPK000048', 'HRDW000006', 1.000),
('BGPK000048', 'HRDW000010', 2.000),
('BGPK000048', 'HRDW000018', 0.350),
('BGPK000048', 'HRDW000019', 1.000),
('BGPK000048', 'LTHR000001', 0.015),
('BGPK000048', 'PCKG000001', 1.000),
('BGPK000048', 'PCKG000002', 1.000),
('BGPK000048', 'STRP000003', 2.200),
('BGPK000048', 'THRD000002', 80.000),
('BGPK000048', 'THRD000003', 20.000),
('BGPK000048', 'THRD000017', 20.000),
('BGPK000049', 'BRND000001', 1.000),
('BGPK000049', 'BRND000003', 1.000),
('BGPK000049', 'FBRK000001', 0.300),
('BGPK000049', 'FBRK000013', 0.950),
('BGPK000049', 'FBRK000047', 0.900),
('BGPK000049', 'FBRK000082', 0.190),
('BGPK000049', 'FBRK000114', 0.125),
('BGPK000049', 'FLNG000001', 0.080),
('BGPK000049', 'FLNG000003', 0.075),
('BGPK000049', 'HRDW000005', 1.000),
('BGPK000049', 'HRDW000006', 1.000),
('BGPK000049', 'HRDW000010', 2.000),
('BGPK000049', 'HRDW000018', 0.350),
('BGPK000049', 'HRDW000019', 1.000),
('BGPK000049', 'LTHR000001', 0.015),
('BGPK000049', 'PCKG000001', 1.000),
('BGPK000049', 'PCKG000002', 1.000),
('BGPK000049', 'STRP000003', 2.200),
('BGPK000049', 'THRD000002', 80.000),
('BGPK000049', 'THRD000003', 20.000),
('BGPK000049', 'THRD000013', 20.000),
('BGPK000050', 'BRND000001', 1.000),
('BGPK000050', 'BRND000003', 1.000),
('BGPK000050', 'FBRK000001', 0.300),
('BGPK000050', 'FBRK000013', 0.950),
('BGPK000050', 'FBRK000046', 0.900),
('BGPK000050', 'FBRK000085', 0.190),
('BGPK000050', 'FBRK000114', 0.125),
('BGPK000050', 'FLNG000001', 0.080),
('BGPK000050', 'FLNG000003', 0.075),
('BGPK000050', 'HRDW000005', 1.000),
('BGPK000050', 'HRDW000006', 1.000),
('BGPK000050', 'HRDW000010', 2.000),
('BGPK000050', 'HRDW000018', 0.350),
('BGPK000050', 'HRDW000019', 1.000),
('BGPK000050', 'LTHR000001', 0.015),
('BGPK000050', 'PCKG000001', 1.000),
('BGPK000050', 'PCKG000002', 1.000),
('BGPK000050', 'STRP000003', 2.200),
('BGPK000050', 'THRD000001', 20.000),
('BGPK000050', 'THRD000003', 20.000),
('BGPK000050', 'THRD000015', 80.000),
('BGPK000051', 'BRND000001', 1.000),
('BGPK000051', 'BRND000003', 1.000),
('BGPK000051', 'FBRK000001', 0.300),
('BGPK000051', 'FBRK000013', 0.950),
('BGPK000051', 'FBRK000054', 0.900),
('BGPK000051', 'FBRK000085', 0.190),
('BGPK000051', 'FBRK000114', 0.125),
('BGPK000051', 'FLNG000001', 0.080),
('BGPK000051', 'FLNG000003', 0.075),
('BGPK000051', 'HRDW000005', 1.000),
('BGPK000051', 'HRDW000006', 1.000),
('BGPK000051', 'HRDW000010', 2.000),
('BGPK000051', 'HRDW000018', 0.350),
('BGPK000051', 'HRDW000019', 1.000),
('BGPK000051', 'LTHR000001', 0.015),
('BGPK000051', 'PCKG000001', 1.000),
('BGPK000051', 'PCKG000002', 1.000),
('BGPK000051', 'STRP000003', 2.200),
('BGPK000051', 'THRD000002', 20.000),
('BGPK000051', 'THRD000003', 20.000),
('BGPK000051', 'THRD000015', 80.000),
('BGPK000052', 'BRND000001', 1.000),
('BGPK000052', 'BRND000003', 1.000),
('BGPK000052', 'FBRK000001', 0.300),
('BGPK000052', 'FBRK000013', 0.950),
('BGPK000052', 'FBRK000047', 0.900),
('BGPK000052', 'FBRK000085', 0.190),
('BGPK000052', 'FBRK000114', 0.125),
('BGPK000052', 'FLNG000001', 0.080),
('BGPK000052', 'FLNG000003', 0.075),
('BGPK000052', 'HRDW000005', 1.000),
('BGPK000052', 'HRDW000006', 1.000),
('BGPK000052', 'HRDW000010', 2.000),
('BGPK000052', 'HRDW000018', 0.350),
('BGPK000052', 'HRDW000019', 1.000),
('BGPK000052', 'LTHR000001', 0.015),
('BGPK000052', 'PCKG000001', 1.000),
('BGPK000052', 'PCKG000002', 1.000),
('BGPK000052', 'STRP000003', 2.200),
('BGPK000052', 'THRD000002', 20.000),
('BGPK000052', 'THRD000003', 20.000),
('BGPK000052', 'THRD000015', 80.000),
('BGPK000053', 'BRND000001', 1.000),
('BGPK000053', 'BRND000003', 1.000),
('BGPK000053', 'FBRK000001', 0.300),
('BGPK000053', 'FBRK000013', 0.950),
('BGPK000053', 'FBRK000049', 0.900),
('BGPK000053', 'FBRK000085', 0.190),
('BGPK000053', 'FBRK000114', 0.125),
('BGPK000053', 'FLNG000001', 0.080),
('BGPK000053', 'FLNG000003', 0.075),
('BGPK000053', 'HRDW000005', 1.000),
('BGPK000053', 'HRDW000006', 1.000),
('BGPK000053', 'HRDW000010', 2.000),
('BGPK000053', 'HRDW000018', 0.350),
('BGPK000053', 'HRDW000019', 1.000),
('BGPK000053', 'LTHR000001', 0.015),
('BGPK000053', 'PCKG000001', 1.000),
('BGPK000053', 'PCKG000002', 1.000),
('BGPK000053', 'STRP000003', 2.200),
('BGPK000053', 'THRD000003', 20.000),
('BGPK000053', 'THRD000013', 20.000),
('BGPK000053', 'THRD000015', 80.000),
('BGPK000054', 'BRND000001', 1.000),
('BGPK000054', 'BRND000003', 1.000),
('BGPK000054', 'FBRK000001', 0.300),
('BGPK000054', 'FBRK000013', 0.950),
('BGPK000054', 'FBRK000046', 0.900),
('BGPK000054', 'FBRK000073', 0.190),
('BGPK000054', 'FBRK000114', 0.125),
('BGPK000054', 'FLNG000001', 0.080),
('BGPK000054', 'FLNG000003', 0.075),
('BGPK000054', 'HRDW000005', 1.000),
('BGPK000054', 'HRDW000006', 1.000),
('BGPK000054', 'HRDW000010', 2.000),
('BGPK000054', 'HRDW000018', 0.350),
('BGPK000054', 'HRDW000019', 1.000),
('BGPK000054', 'LTHR000001', 0.015),
('BGPK000054', 'PCKG000001', 1.000),
('BGPK000054', 'PCKG000002', 1.000),
('BGPK000054', 'STRP000003', 2.200),
('BGPK000054', 'THRD000001', 80.000),
('BGPK000054', 'THRD000003', 20.000),
('BGPK000054', 'THRD000004', 20.000),
('BGPK000055', 'BRND000001', 1.000),
('BGPK000055', 'BRND000003', 1.000),
('BGPK000055', 'FBRK000001', 1.250),
('BGPK000055', 'FBRK000012', 0.600),
('BGPK000055', 'FBRK000069', 0.190),
('BGPK000055', 'FBRK000086', 1.000),
('BGPK000055', 'FBRK000114', 0.125),
('BGPK000055', 'FLNG000001', 0.080),
('BGPK000055', 'FLNG000003', 0.075),
('BGPK000055', 'HRDW000011', 2.000),
('BGPK000055', 'HRDW000018', 0.350),
('BGPK000055', 'HRDW000019', 1.000),
('BGPK000055', 'HRDW000060', 1.000),
('BGPK000055', 'HRDW000064', 1.000),
('BGPK000055', 'LTHR000004', 0.015),
('BGPK000055', 'PCKG000001', 1.000),
('BGPK000055', 'PCKG000002', 1.000),
('BGPK000055', 'STRP000003', 1.400),
('BGPK000055', 'STRP000004', 2.700),
('BGPK000055', 'STRP000006', 1.500),
('BGPK000055', 'THRD000001', 100.000),
('BGPK000055', 'THRD000004', 20.000),
('BGPK000056', 'BRND000001', 1.000),
('BGPK000056', 'BRND000003', 1.000),
('BGPK000056', 'FBRK000001', 0.300),
('BGPK000056', 'FBRK000017', 0.600),
('BGPK000056', 'FBRK000069', 0.190),
('BGPK000056', 'FBRK000086', 0.140),
('BGPK000056', 'FBRK000087', 0.750),
('BGPK000056', 'FBRK000114', 0.125),
('BGPK000056', 'FLNG000001', 0.080),
('BGPK000056', 'FLNG000003', 0.075),
('BGPK000056', 'HRDW000011', 2.000),
('BGPK000056', 'HRDW000018', 0.350),
('BGPK000056', 'HRDW000019', 1.000),
('BGPK000056', 'HRDW000060', 1.000),
('BGPK000056', 'HRDW000064', 1.000),
('BGPK000056', 'LTHR000004', 0.015),
('BGPK000056', 'PCKG000001', 1.000),
('BGPK000056', 'PCKG000002', 1.000),
('BGPK000056', 'STRP000003', 1.400),
('BGPK000056', 'STRP000004', 2.700),
('BGPK000056', 'STRP000006', 1.500),
('BGPK000056', 'THRD000001', 100.000),
('BGPK000056', 'THRD000007', 20.000),
('BGPK000056', 'THRD000010', 20.000),
('BGPK000057', 'BRND000001', 1.000),
('BGPK000057', 'BRND000003', 1.000),
('BGPK000057', 'FBRK000002', 0.300),
('BGPK000057', 'FBRK000012', 0.600),
('BGPK000057', 'FBRK000069', 0.190),
('BGPK000057', 'FBRK000086', 0.140),
('BGPK000057', 'FBRK000088', 0.750),
('BGPK000057', 'FBRK000114', 0.125),
('BGPK000057', 'FLNG000001', 0.080),
('BGPK000057', 'FLNG000003', 0.075),
('BGPK000057', 'HRDW000011', 2.000),
('BGPK000057', 'HRDW000018', 0.350),
('BGPK000057', 'HRDW000019', 1.000),
('BGPK000057', 'HRDW000060', 1.000),
('BGPK000057', 'HRDW000064', 1.000),
('BGPK000057', 'LTHR000004', 0.015),
('BGPK000057', 'PCKG000001', 1.000),
('BGPK000057', 'PCKG000002', 1.000),
('BGPK000057', 'STRP000003', 1.400),
('BGPK000057', 'STRP000004', 2.700),
('BGPK000057', 'STRP000006', 1.500),
('BGPK000057', 'THRD000001', 100.000),
('BGPK000057', 'THRD000004', 20.000),
('BGPK000058', 'BRND000003', 2.000),
('BGPK000058', 'FBRK000002', 1.300),
('BGPK000058', 'FBRK000012', 0.000),
('BGPK000058', 'FBRK000033', 0.350),
('BGPK000058', 'FBRK000046', 0.750),
('BGPK000058', 'FBRK000070', 0.150),
('BGPK000058', 'FBRK000114', 0.125),
('BGPK000058', 'FLNG000001', 0.090),
('BGPK000058', 'FLNG000003', 0.075),
('BGPK000058', 'HRDW000005', 2.000),
('BGPK000058', 'HRDW000006', 2.000),
('BGPK000058', 'HRDW000011', 2.000),
('BGPK000058', 'HRDW000014', 16.000),
('BGPK000058', 'HRDW000018', 0.350),
('BGPK000058', 'HRDW000019', 1.000),
('BGPK000058', 'LTHR000004', 0.015),
('BGPK000058', 'PCKG000001', 1.000),
('BGPK000058', 'PCKG000002', 1.000),
('BGPK000058', 'STRP000003', 7.000),
('BGPK000058', 'STRP000004', 2.700),
('BGPK000058', 'THRD000001', 200.000),
('BGPK000058', 'THRD000004', 20.000),
('BGPK000059', 'BRND000003', 2.000),
('BGPK000059', 'FBRK000001', 1.300),
('BGPK000059', 'FBRK000013', 1.000);
INSERT INTO `bom` (`product_code`, `part_number`, `usage`) VALUES
('BGPK000059', 'FBRK000033', 0.350),
('BGPK000059', 'FBRK000046', 0.150),
('BGPK000059', 'FBRK000053', 0.600),
('BGPK000059', 'FBRK000069', 0.150),
('BGPK000059', 'FBRK000114', 0.125),
('BGPK000059', 'FLNG000001', 0.090),
('BGPK000059', 'FLNG000003', 0.075),
('BGPK000059', 'HRDW000005', 2.000),
('BGPK000059', 'HRDW000006', 2.000),
('BGPK000059', 'HRDW000011', 2.000),
('BGPK000059', 'HRDW000014', 16.000),
('BGPK000059', 'HRDW000018', 0.350),
('BGPK000059', 'HRDW000019', 1.000),
('BGPK000059', 'LTHR000004', 0.015),
('BGPK000059', 'PCKG000001', 1.000),
('BGPK000059', 'PCKG000002', 1.000),
('BGPK000059', 'STRP000003', 7.000),
('BGPK000059', 'STRP000004', 2.700),
('BGPK000059', 'THRD000001', 20.000),
('BGPK000059', 'THRD000003', 20.000),
('BGPK000059', 'THRD000014', 100.000),
('BGPK000060', 'BRND000003', 2.000),
('BGPK000060', 'FBRK000001', 1.300),
('BGPK000060', 'FBRK000013', 1.000),
('BGPK000060', 'FBRK000033', 0.350),
('BGPK000060', 'FBRK000046', 0.150),
('BGPK000060', 'FBRK000062', 0.600),
('BGPK000060', 'FBRK000069', 0.150),
('BGPK000060', 'FBRK000114', 0.125),
('BGPK000060', 'FLNG000001', 0.090),
('BGPK000060', 'FLNG000003', 0.075),
('BGPK000060', 'HRDW000005', 2.000),
('BGPK000060', 'HRDW000006', 2.000),
('BGPK000060', 'HRDW000011', 2.000),
('BGPK000060', 'HRDW000014', 16.000),
('BGPK000060', 'HRDW000018', 0.350),
('BGPK000060', 'HRDW000019', 1.000),
('BGPK000060', 'LTHR000004', 0.015),
('BGPK000060', 'PCKG000001', 1.000),
('BGPK000060', 'PCKG000002', 1.000),
('BGPK000060', 'STRP000003', 7.000),
('BGPK000060', 'STRP000004', 2.700),
('BGPK000060', 'THRD000001', 200.000),
('BGPK000060', 'THRD000003', 20.000),
('BGPK000061', 'BRND000003', 2.000),
('BGPK000061', 'FBRK000001', 1.300),
('BGPK000061', 'FBRK000013', 1.000),
('BGPK000061', 'FBRK000033', 0.350),
('BGPK000061', 'FBRK000046', 0.150),
('BGPK000061', 'FBRK000054', 0.600),
('BGPK000061', 'FBRK000069', 0.150),
('BGPK000061', 'FBRK000114', 0.125),
('BGPK000061', 'FLNG000001', 0.090),
('BGPK000061', 'FLNG000003', 0.075),
('BGPK000061', 'HRDW000005', 2.000),
('BGPK000061', 'HRDW000006', 2.000),
('BGPK000061', 'HRDW000011', 2.000),
('BGPK000061', 'HRDW000014', 16.000),
('BGPK000061', 'HRDW000018', 0.350),
('BGPK000061', 'HRDW000019', 1.000),
('BGPK000061', 'LTHR000004', 0.015),
('BGPK000061', 'PCKG000001', 1.000),
('BGPK000061', 'PCKG000002', 1.000),
('BGPK000061', 'STRP000003', 7.000),
('BGPK000061', 'STRP000004', 2.700),
('BGPK000061', 'THRD000001', 20.000),
('BGPK000061', 'THRD000003', 20.000),
('BGPK000061', 'THRD000018', 100.000),
('BGPK000062', 'BRND000003', 2.000),
('BGPK000062', 'FBRK000001', 1.300),
('BGPK000062', 'FBRK000013', 1.000),
('BGPK000062', 'FBRK000033', 0.350),
('BGPK000062', 'FBRK000046', 0.150),
('BGPK000062', 'FBRK000047', 0.600),
('BGPK000062', 'FBRK000069', 0.150),
('BGPK000062', 'FBRK000114', 0.125),
('BGPK000062', 'FLNG000001', 0.090),
('BGPK000062', 'FLNG000003', 0.075),
('BGPK000062', 'HRDW000005', 2.000),
('BGPK000062', 'HRDW000006', 2.000),
('BGPK000062', 'HRDW000011', 2.000),
('BGPK000062', 'HRDW000014', 16.000),
('BGPK000062', 'HRDW000018', 0.350),
('BGPK000062', 'HRDW000019', 1.000),
('BGPK000062', 'LTHR000004', 0.015),
('BGPK000062', 'PCKG000001', 1.000),
('BGPK000062', 'PCKG000002', 1.000),
('BGPK000062', 'STRP000003', 7.000),
('BGPK000062', 'STRP000004', 2.700),
('BGPK000062', 'THRD000001', 20.000),
('BGPK000062', 'THRD000002', 100.000),
('BGPK000062', 'THRD000003', 20.000),
('BGPK000063', 'BRND000003', 2.000),
('BGPK000063', 'FBRK000001', 1.300),
('BGPK000063', 'FBRK000013', 1.000),
('BGPK000063', 'FBRK000033', 0.350),
('BGPK000063', 'FBRK000046', 0.150),
('BGPK000063', 'FBRK000048', 0.600),
('BGPK000063', 'FBRK000069', 0.150),
('BGPK000063', 'FBRK000114', 0.125),
('BGPK000063', 'FLNG000001', 0.090),
('BGPK000063', 'FLNG000003', 0.075),
('BGPK000063', 'HRDW000005', 2.000),
('BGPK000063', 'HRDW000006', 2.000),
('BGPK000063', 'HRDW000011', 2.000),
('BGPK000063', 'HRDW000014', 16.000),
('BGPK000063', 'HRDW000018', 0.350),
('BGPK000063', 'HRDW000019', 1.000),
('BGPK000063', 'LTHR000004', 0.015),
('BGPK000063', 'PCKG000001', 1.000),
('BGPK000063', 'PCKG000002', 1.000),
('BGPK000063', 'STRP000003', 7.000),
('BGPK000063', 'STRP000004', 2.700),
('BGPK000063', 'THRD000001', 20.000),
('BGPK000063', 'THRD000003', 20.000),
('BGPK000063', 'THRD000017', 100.000),
('BGPK000064', 'BRND000003', 2.000),
('BGPK000064', 'FBRK000001', 1.300),
('BGPK000064', 'FBRK000013', 1.000),
('BGPK000064', 'FBRK000033', 0.350),
('BGPK000064', 'FBRK000046', 0.150),
('BGPK000064', 'FBRK000059', 0.600),
('BGPK000064', 'FBRK000069', 0.150),
('BGPK000064', 'FBRK000114', 0.125),
('BGPK000064', 'FLNG000001', 0.090),
('BGPK000064', 'FLNG000003', 0.075),
('BGPK000064', 'HRDW000005', 2.000),
('BGPK000064', 'HRDW000006', 2.000),
('BGPK000064', 'HRDW000011', 2.000),
('BGPK000064', 'HRDW000014', 16.000),
('BGPK000064', 'HRDW000018', 0.350),
('BGPK000064', 'HRDW000019', 1.000),
('BGPK000064', 'LTHR000004', 0.015),
('BGPK000064', 'PCKG000001', 1.000),
('BGPK000064', 'PCKG000002', 1.000),
('BGPK000064', 'STRP000003', 7.000),
('BGPK000064', 'STRP000004', 2.700),
('BGPK000064', 'THRD000001', 20.000),
('BGPK000064', 'THRD000003', 20.000),
('BGPK000064', 'THRD000015', 100.000),
('BGPK000065', 'BRND000001', 1.000),
('BGPK000065', 'BRND000003', 2.000),
('BGPK000065', 'FBRK000002', 0.250),
('BGPK000065', 'FBRK000010', 0.200),
('BGPK000065', 'FBRK000012', 1.350),
('BGPK000065', 'FBRK000033', 0.020),
('BGPK000065', 'FBRK000046', 1.000),
('BGPK000065', 'FBRK000069', 0.250),
('BGPK000065', 'FBRK000114', 0.190),
('BGPK000065', 'FLNG000001', 0.100),
('BGPK000065', 'FLNG000002', 0.075),
('BGPK000065', 'FLNG000003', 0.006),
('BGPK000065', 'HRDW000001', 2.000),
('BGPK000065', 'HRDW000002', 2.000),
('BGPK000065', 'HRDW000005', 1.000),
('BGPK000065', 'HRDW000006', 1.000),
('BGPK000065', 'HRDW000012', 2.000),
('BGPK000065', 'HRDW000014', 4.000),
('BGPK000065', 'HRDW000015', 12.000),
('BGPK000065', 'HRDW000018', 0.750),
('BGPK000065', 'HRDW000019', 2.000),
('BGPK000065', 'LTHR000004', 0.015),
('BGPK000065', 'PCKG000001', 1.000),
('BGPK000065', 'PCKG000002', 1.000),
('BGPK000065', 'STRP000003', 2.100),
('BGPK000065', 'STRP000004', 8.700),
('BGPK000065', 'STRP000005', 0.800),
('BGPK000065', 'STRP000006', 0.400),
('BGPK000065', 'STRP000052', 0.450),
('BGPK000065', 'THRD000001', 250.000),
('BGPK000065', 'THRD000004', 40.000),
('BGPK000066', 'BRND000001', 1.000),
('BGPK000066', 'BRND000003', 2.000),
('BGPK000066', 'FBRK000002', 0.250),
('BGPK000066', 'FBRK000010', 0.200),
('BGPK000066', 'FBRK000012', 1.350),
('BGPK000066', 'FBRK000033', 0.020),
('BGPK000066', 'FBRK000046', 1.000),
('BGPK000066', 'FBRK000069', 0.250),
('BGPK000066', 'FBRK000114', 0.190),
('BGPK000066', 'FLNG000001', 0.100),
('BGPK000066', 'FLNG000002', 0.075),
('BGPK000066', 'FLNG000003', 0.006),
('BGPK000066', 'HRDW000001', 2.000),
('BGPK000066', 'HRDW000002', 2.000),
('BGPK000066', 'HRDW000005', 1.000),
('BGPK000066', 'HRDW000006', 1.000),
('BGPK000066', 'HRDW000012', 2.000),
('BGPK000066', 'HRDW000014', 4.000),
('BGPK000066', 'HRDW000015', 12.000),
('BGPK000066', 'HRDW000018', 0.750),
('BGPK000066', 'HRDW000019', 2.000),
('BGPK000066', 'HRDW000067', 1.000),
('BGPK000066', 'LTHR000004', 0.015),
('BGPK000066', 'PCKG000001', 1.000),
('BGPK000066', 'PCKG000002', 1.000),
('BGPK000066', 'STRP000003', 2.150),
('BGPK000066', 'STRP000004', 10.000),
('BGPK000066', 'STRP000005', 0.800),
('BGPK000066', 'STRP000006', 0.400),
('BGPK000066', 'STRP000052', 0.450),
('BGPK000066', 'THRD000001', 250.000),
('BGPK000066', 'THRD000004', 40.000),
('BGPK000067', 'BRND000001', 1.000),
('BGPK000067', 'BRND000003', 2.000),
('BGPK000067', 'FBRK000001', 0.250),
('BGPK000067', 'FBRK000010', 0.200),
('BGPK000067', 'FBRK000013', 1.350),
('BGPK000067', 'FBRK000033', 0.020),
('BGPK000067', 'FBRK000046', 0.200),
('BGPK000067', 'FBRK000053', 0.750),
('BGPK000067', 'FBRK000069', 0.250),
('BGPK000067', 'FBRK000114', 0.190),
('BGPK000067', 'FLNG000001', 0.100),
('BGPK000067', 'FLNG000002', 0.075),
('BGPK000067', 'FLNG000003', 0.006),
('BGPK000067', 'HRDW000001', 2.000),
('BGPK000067', 'HRDW000002', 2.000),
('BGPK000067', 'HRDW000005', 1.000),
('BGPK000067', 'HRDW000006', 1.000),
('BGPK000067', 'HRDW000012', 2.000),
('BGPK000067', 'HRDW000014', 4.000),
('BGPK000067', 'HRDW000015', 12.000),
('BGPK000067', 'HRDW000018', 0.750),
('BGPK000067', 'HRDW000019', 2.000),
('BGPK000067', 'LTHR000004', 0.015),
('BGPK000067', 'PCKG000001', 1.000),
('BGPK000067', 'PCKG000002', 1.000),
('BGPK000067', 'STRP000003', 2.100),
('BGPK000067', 'STRP000004', 8.700),
('BGPK000067', 'STRP000005', 0.800),
('BGPK000067', 'STRP000006', 0.400),
('BGPK000067', 'STRP000053', 0.450),
('BGPK000067', 'THRD000001', 250.000),
('BGPK000067', 'THRD000003', 40.000),
('BGPK000067', 'THRD000014', 30.000),
('BGPK000068', 'BRND000001', 1.000),
('BGPK000068', 'BRND000003', 2.000),
('BGPK000068', 'FBRK000001', 0.250),
('BGPK000068', 'FBRK000010', 0.200),
('BGPK000068', 'FBRK000013', 1.350),
('BGPK000068', 'FBRK000033', 0.020),
('BGPK000068', 'FBRK000046', 0.200),
('BGPK000068', 'FBRK000054', 0.750),
('BGPK000068', 'FBRK000069', 0.250),
('BGPK000068', 'FBRK000114', 0.190),
('BGPK000068', 'FLNG000001', 0.100),
('BGPK000068', 'FLNG000002', 0.075),
('BGPK000068', 'FLNG000003', 0.006),
('BGPK000068', 'HRDW000001', 2.000),
('BGPK000068', 'HRDW000002', 2.000),
('BGPK000068', 'HRDW000005', 1.000),
('BGPK000068', 'HRDW000006', 1.000),
('BGPK000068', 'HRDW000012', 2.000),
('BGPK000068', 'HRDW000014', 4.000),
('BGPK000068', 'HRDW000015', 12.000),
('BGPK000068', 'HRDW000018', 0.750),
('BGPK000068', 'HRDW000019', 2.000),
('BGPK000068', 'LTHR000004', 0.015),
('BGPK000068', 'PCKG000001', 1.000),
('BGPK000068', 'PCKG000002', 1.000),
('BGPK000068', 'STRP000003', 2.100),
('BGPK000068', 'STRP000004', 8.700),
('BGPK000068', 'STRP000005', 0.800),
('BGPK000068', 'STRP000006', 0.400),
('BGPK000068', 'STRP000053', 0.450),
('BGPK000068', 'THRD000001', 250.000),
('BGPK000068', 'THRD000003', 40.000),
('BGPK000068', 'THRD000018', 30.000),
('BGPK000069', 'BRND000001', 1.000),
('BGPK000069', 'BRND000003', 2.000),
('BGPK000069', 'FBRK000001', 0.250),
('BGPK000069', 'FBRK000010', 0.200),
('BGPK000069', 'FBRK000014', 1.350),
('BGPK000069', 'FBRK000033', 0.020),
('BGPK000069', 'FBRK000047', 0.200),
('BGPK000069', 'FBRK000069', 0.250),
('BGPK000069', 'FBRK000071', 0.750),
('BGPK000069', 'FBRK000114', 0.190),
('BGPK000069', 'FLNG000001', 0.100),
('BGPK000069', 'FLNG000002', 0.075),
('BGPK000069', 'FLNG000003', 0.006),
('BGPK000069', 'HRDW000005', 3.000),
('BGPK000069', 'HRDW000006', 3.000),
('BGPK000069', 'HRDW000012', 2.000),
('BGPK000069', 'HRDW000014', 16.000),
('BGPK000069', 'HRDW000018', 0.750),
('BGPK000069', 'HRDW000019', 2.000),
('BGPK000069', 'LTHR000004', 0.015),
('BGPK000069', 'PCKG000001', 1.000),
('BGPK000069', 'PCKG000002', 1.000),
('BGPK000069', 'STRP000003', 5.300),
('BGPK000069', 'STRP000004', 2.400),
('BGPK000069', 'STRP000005', 0.800),
('BGPK000069', 'STRP000006', 0.400),
('BGPK000069', 'STRP000025', 5.200),
('BGPK000069', 'STRP000053', 0.450),
('BGPK000069', 'THRD000001', 120.000),
('BGPK000069', 'THRD000002', 250.000),
('BGPK000069', 'THRD000009', 40.000),
('BGPK000070', 'BRND000001', 1.000),
('BGPK000070', 'BRND000003', 2.000),
('BGPK000070', 'FBRK000001', 0.250),
('BGPK000070', 'FBRK000010', 0.200),
('BGPK000070', 'FBRK000013', 1.350),
('BGPK000070', 'FBRK000033', 0.020),
('BGPK000070', 'FBRK000046', 0.200),
('BGPK000070', 'FBRK000047', 0.750),
('BGPK000070', 'FBRK000069', 0.250),
('BGPK000070', 'FBRK000114', 0.190),
('BGPK000070', 'FLNG000001', 0.100),
('BGPK000070', 'FLNG000002', 0.075),
('BGPK000070', 'FLNG000003', 0.006),
('BGPK000070', 'HRDW000001', 2.000),
('BGPK000070', 'HRDW000002', 2.000),
('BGPK000070', 'HRDW000005', 1.000),
('BGPK000070', 'HRDW000006', 1.000),
('BGPK000070', 'HRDW000012', 2.000),
('BGPK000070', 'HRDW000014', 4.000),
('BGPK000070', 'HRDW000015', 12.000),
('BGPK000070', 'HRDW000018', 0.750),
('BGPK000070', 'HRDW000019', 2.000),
('BGPK000070', 'LTHR000004', 0.015),
('BGPK000070', 'PCKG000001', 1.000),
('BGPK000070', 'PCKG000002', 1.000),
('BGPK000070', 'STRP000003', 2.100),
('BGPK000070', 'STRP000004', 8.700),
('BGPK000070', 'STRP000005', 0.800),
('BGPK000070', 'STRP000006', 0.400),
('BGPK000070', 'STRP000053', 0.450),
('BGPK000070', 'THRD000001', 250.000),
('BGPK000070', 'THRD000002', 30.000),
('BGPK000070', 'THRD000003', 40.000),
('BGPK000071', 'BRND000001', 1.000),
('BGPK000071', 'BRND000003', 2.000),
('BGPK000071', 'FBRK000001', 0.250),
('BGPK000071', 'FBRK000010', 0.200),
('BGPK000071', 'FBRK000013', 1.350),
('BGPK000071', 'FBRK000033', 0.020),
('BGPK000071', 'FBRK000046', 0.200),
('BGPK000071', 'FBRK000048', 0.750),
('BGPK000071', 'FBRK000069', 0.250),
('BGPK000071', 'FBRK000114', 0.190),
('BGPK000071', 'FLNG000001', 0.100),
('BGPK000071', 'FLNG000002', 0.075),
('BGPK000071', 'FLNG000003', 0.006),
('BGPK000071', 'HRDW000001', 2.000),
('BGPK000071', 'HRDW000002', 2.000),
('BGPK000071', 'HRDW000005', 1.000),
('BGPK000071', 'HRDW000006', 1.000),
('BGPK000071', 'HRDW000012', 2.000),
('BGPK000071', 'HRDW000014', 4.000),
('BGPK000071', 'HRDW000015', 12.000),
('BGPK000071', 'HRDW000018', 0.750),
('BGPK000071', 'HRDW000019', 2.000),
('BGPK000071', 'LTHR000004', 0.015),
('BGPK000071', 'PCKG000001', 1.000),
('BGPK000071', 'PCKG000002', 1.000),
('BGPK000071', 'STRP000003', 2.100),
('BGPK000071', 'STRP000004', 8.700),
('BGPK000071', 'STRP000005', 0.800),
('BGPK000071', 'STRP000006', 0.400),
('BGPK000071', 'STRP000053', 0.450),
('BGPK000071', 'THRD000001', 250.000),
('BGPK000071', 'THRD000003', 40.000),
('BGPK000071', 'THRD000017', 30.000),
('BGPK000072', 'BRND000001', 1.000),
('BGPK000072', 'BRND000003', 2.000),
('BGPK000072', 'FBRK000001', 0.250),
('BGPK000072', 'FBRK000010', 0.200),
('BGPK000072', 'FBRK000013', 1.250),
('BGPK000072', 'FBRK000033', 0.020),
('BGPK000072', 'FBRK000046', 0.200),
('BGPK000072', 'FBRK000059', 0.750),
('BGPK000072', 'FBRK000069', 0.250),
('BGPK000072', 'FBRK000114', 0.190),
('BGPK000072', 'FLNG000001', 0.100),
('BGPK000072', 'FLNG000002', 0.075),
('BGPK000072', 'FLNG000003', 0.006),
('BGPK000072', 'HRDW000001', 2.000),
('BGPK000072', 'HRDW000002', 2.000),
('BGPK000072', 'HRDW000005', 1.000),
('BGPK000072', 'HRDW000006', 1.000),
('BGPK000072', 'HRDW000012', 2.000),
('BGPK000072', 'HRDW000014', 4.000),
('BGPK000072', 'HRDW000015', 12.000),
('BGPK000072', 'HRDW000018', 0.750),
('BGPK000072', 'LTHR000004', 0.015),
('BGPK000072', 'PCKG000001', 1.000),
('BGPK000072', 'PCKG000002', 1.000),
('BGPK000072', 'STRP000003', 2.100),
('BGPK000072', 'STRP000004', 8.700),
('BGPK000072', 'STRP000005', 0.800),
('BGPK000072', 'STRP000006', 0.400),
('BGPK000072', 'STRP000053', 0.450),
('BGPK000072', 'THRD000001', 250.000),
('BGPK000072', 'THRD000003', 40.000),
('BGPK000072', 'THRD000015', 30.000),
('BGPK000073', 'BRND000001', 1.000),
('BGPK000073', 'BRND000003', 2.000),
('BGPK000073', 'FBRK000002', 0.250),
('BGPK000073', 'FBRK000010', 0.200),
('BGPK000073', 'FBRK000013', 1.350),
('BGPK000073', 'FBRK000033', 0.020),
('BGPK000073', 'FBRK000069', 0.250),
('BGPK000073', 'FBRK000086', 1.000),
('BGPK000073', 'FBRK000114', 0.190),
('BGPK000073', 'FLNG000001', 0.100),
('BGPK000073', 'FLNG000002', 0.075),
('BGPK000073', 'FLNG000003', 0.006),
('BGPK000073', 'HRDW000005', 1.000),
('BGPK000073', 'HRDW000006', 1.000),
('BGPK000073', 'HRDW000012', 2.000),
('BGPK000073', 'HRDW000014', 16.000),
('BGPK000073', 'HRDW000018', 0.800),
('BGPK000073', 'HRDW000019', 2.000),
('BGPK000073', 'HRDW000039', 2.000),
('BGPK000073', 'LTHR000004', 0.015),
('BGPK000073', 'PCKG000001', 1.000),
('BGPK000073', 'PCKG000002', 1.000),
('BGPK000073', 'STRP000003', 9.500),
('BGPK000073', 'STRP000004', 2.400),
('BGPK000073', 'STRP000005', 0.800),
('BGPK000073', 'STRP000006', 0.350),
('BGPK000073', 'STRP000052', 0.450),
('BGPK000073', 'THRD000001', 250.000),
('BGPK000073', 'THRD000003', 40.000),
('BGPK000074', 'BRND000001', 1.000),
('BGPK000074', 'BRND000003', 2.000),
('BGPK000074', 'FBRK000003', 0.250),
('BGPK000074', 'FBRK000010', 0.200),
('BGPK000074', 'FBRK000015', 1.350),
('BGPK000074', 'FBRK000033', 0.020),
('BGPK000074', 'FBRK000069', 0.250),
('BGPK000074', 'FBRK000086', 0.250),
('BGPK000074', 'FBRK000089', 0.750),
('BGPK000074', 'FBRK000114', 0.190),
('BGPK000074', 'FLNG000001', 0.100),
('BGPK000074', 'FLNG000002', 0.075),
('BGPK000074', 'FLNG000003', 0.006),
('BGPK000074', 'HRDW000005', 1.000),
('BGPK000074', 'HRDW000006', 1.000),
('BGPK000074', 'HRDW000012', 2.000),
('BGPK000074', 'HRDW000014', 16.000),
('BGPK000074', 'HRDW000018', 0.800),
('BGPK000074', 'HRDW000019', 2.000),
('BGPK000074', 'HRDW000039', 2.000),
('BGPK000074', 'LTHR000004', 0.015),
('BGPK000074', 'PCKG000001', 1.000),
('BGPK000074', 'PCKG000002', 1.000),
('BGPK000074', 'STRP000003', 9.500),
('BGPK000074', 'STRP000004', 2.400),
('BGPK000074', 'STRP000005', 0.800),
('BGPK000074', 'STRP000006', 0.350),
('BGPK000074', 'STRP000052', 0.450),
('BGPK000074', 'THRD000001', 30.000),
('BGPK000074', 'THRD000008', 290.000),
('BGPK000075', 'BRND000001', 1.000),
('BGPK000075', 'BRND000003', 2.000),
('BGPK000075', 'FBRK000002', 0.250),
('BGPK000075', 'FBRK000010', 0.200),
('BGPK000075', 'FBRK000012', 1.350),
('BGPK000075', 'FBRK000033', 0.020),
('BGPK000075', 'FBRK000069', 0.250),
('BGPK000075', 'FBRK000086', 0.250),
('BGPK000075', 'FBRK000088', 0.750),
('BGPK000075', 'FBRK000114', 0.190),
('BGPK000075', 'FLNG000001', 0.100),
('BGPK000075', 'FLNG000002', 0.075),
('BGPK000075', 'FLNG000003', 0.006),
('BGPK000075', 'HRDW000005', 1.000),
('BGPK000075', 'HRDW000006', 1.000),
('BGPK000075', 'HRDW000012', 2.000),
('BGPK000075', 'HRDW000014', 16.000),
('BGPK000075', 'HRDW000018', 0.800),
('BGPK000075', 'HRDW000019', 2.000),
('BGPK000075', 'HRDW000039', 2.000),
('BGPK000075', 'LTHR000004', 0.015),
('BGPK000075', 'PCKG000001', 1.000),
('BGPK000075', 'PCKG000002', 1.000),
('BGPK000075', 'STRP000003', 9.500),
('BGPK000075', 'STRP000004', 2.400),
('BGPK000075', 'STRP000005', 0.800),
('BGPK000075', 'STRP000006', 0.350),
('BGPK000075', 'STRP000052', 0.450),
('BGPK000075', 'THRD000001', 30.000),
('BGPK000075', 'THRD000004', 290.000),
('BGPK000076', 'BRND000001', 1.000),
('BGPK000076', 'BRND000003', 2.000),
('BGPK000076', 'FBRK000001', 0.250),
('BGPK000076', 'FBRK000010', 0.200),
('BGPK000076', 'FBRK000017', 1.350),
('BGPK000076', 'FBRK000033', 0.020),
('BGPK000076', 'FBRK000069', 0.250),
('BGPK000076', 'FBRK000086', 0.250),
('BGPK000076', 'FBRK000087', 0.750),
('BGPK000076', 'FBRK000114', 0.190),
('BGPK000076', 'FLNG000001', 0.100),
('BGPK000076', 'FLNG000002', 0.075),
('BGPK000076', 'FLNG000003', 0.006),
('BGPK000076', 'HRDW000005', 1.000),
('BGPK000076', 'HRDW000006', 1.000),
('BGPK000076', 'HRDW000012', 2.000),
('BGPK000076', 'HRDW000014', 16.000),
('BGPK000076', 'HRDW000018', 0.800),
('BGPK000076', 'HRDW000019', 2.000),
('BGPK000076', 'HRDW000039', 2.000),
('BGPK000076', 'LTHR000004', 0.015),
('BGPK000076', 'PCKG000001', 1.000),
('BGPK000076', 'PCKG000002', 1.000),
('BGPK000076', 'STRP000003', 9.500),
('BGPK000076', 'STRP000004', 2.400),
('BGPK000076', 'STRP000005', 0.800),
('BGPK000076', 'STRP000006', 0.350),
('BGPK000076', 'STRP000052', 0.450),
('BGPK000076', 'THRD000001', 30.000),
('BGPK000076', 'THRD000007', 40.000),
('BGPK000076', 'THRD000010', 250.000),
('BGPK000077', 'BRND000003', 2.000),
('BGPK000077', 'FBRK000001', 1.300),
('BGPK000077', 'FBRK000013', 1.000),
('BGPK000077', 'FBRK000033', 0.350),
('BGPK000077', 'FBRK000046', 0.150),
('BGPK000077', 'FBRK000048', 0.600),
('BGPK000077', 'FBRK000069', 0.150),
('BGPK000077', 'FBRK000114', 0.125),
('BGPK000077', 'FLNG000001', 0.090),
('BGPK000077', 'FLNG000003', 0.075),
('BGPK000077', 'HRDW000005', 2.000),
('BGPK000077', 'HRDW000006', 2.000),
('BGPK000077', 'HRDW000011', 2.000),
('BGPK000077', 'HRDW000014', 16.000),
('BGPK000077', 'HRDW000018', 0.350),
('BGPK000077', 'HRDW000019', 1.000),
('BGPK000077', 'LTHR000004', 0.015),
('BGPK000077', 'PCKG000001', 1.000),
('BGPK000077', 'PCKG000002', 1.000),
('BGPK000077', 'STRP000003', 1.900),
('BGPK000077', 'STRP000004', 5.100),
('BGPK000077', 'STRP000031', 5.100),
('BGPK000077', 'THRD000001', 20.000),
('BGPK000077', 'THRD000003', 20.000),
('BGPK000077', 'THRD000018', 100.000),
('BGPK000078', 'BRND000003', 2.000),
('BGPK000078', 'FBRK000001', 1.300),
('BGPK000078', 'FBRK000013', 1.000),
('BGPK000078', 'FBRK000033', 0.350),
('BGPK000078', 'FBRK000046', 0.150),
('BGPK000078', 'FBRK000069', 0.150),
('BGPK000078', 'FBRK000074', 0.600),
('BGPK000078', 'FBRK000114', 0.125),
('BGPK000078', 'FLNG000001', 0.090),
('BGPK000078', 'FLNG000003', 0.075),
('BGPK000078', 'HRDW000005', 2.000),
('BGPK000078', 'HRDW000006', 2.000),
('BGPK000078', 'HRDW000011', 2.000),
('BGPK000078', 'HRDW000014', 16.000),
('BGPK000078', 'HRDW000018', 0.350),
('BGPK000078', 'HRDW000019', 1.000),
('BGPK000078', 'LTHR000004', 0.015),
('BGPK000078', 'PCKG000001', 1.000),
('BGPK000078', 'PCKG000002', 1.000),
('BGPK000078', 'STRP000003', 7.000),
('BGPK000078', 'STRP000004', 2.700),
('BGPK000078', 'THRD000001', 20.000),
('BGPK000078', 'THRD000003', 20.000),
('BGPK000078', 'THRD000008', 100.000);

-- --------------------------------------------------------

--
-- Struktura tabulky `commodities`
--

CREATE TABLE `commodities` (
  `com_code` varchar(5) COLLATE utf8mb4_czech_ci NOT NULL,
  `com_name` varchar(25) COLLATE utf8mb4_czech_ci NOT NULL
) ENGINE=InnoDB DEFAULT CHARSET=utf8mb4 COLLATE=utf8mb4_czech_ci;

--
-- Vypisuji data pro tabulku `commodities`
--

INSERT INTO `commodities` (`com_code`, `com_name`) VALUES
('BRND', 'Branding'),
('FBRK', 'Látky'),
('FLNG', 'Výplně'),
('HRDW', 'Hardware'),
('LTHR', 'Kůže'),
('PCKG', 'Balení'),
('PROD', 'Hotový produkt'),
('SNFB', 'Světlá'),
('STRP', 'Popruh'),
('THRD', 'Nitě');

-- --------------------------------------------------------

--
-- Struktura tabulky `locations`
--

CREATE TABLE `locations` (
  `location_code` varchar(5) COLLATE utf8mb4_czech_ci NOT NULL,
  `location_name` varchar(50) COLLATE utf8mb4_czech_ci NOT NULL
) ENGINE=InnoDB DEFAULT CHARSET=utf8mb4 COLLATE=utf8mb4_czech_ci;

--
-- Vypisuji data pro tabulku `locations`
--

INSERT INTO `locations` (`location_code`, `location_name`) VALUES
('BRA', 'Braasi'),
('CHO', 'Chomutov'),
('KVE', 'Kveta'),
('LOC', 'location'),
('UNI', 'Unigal');

-- --------------------------------------------------------

--
-- Struktura tabulky `material_list`
--

CREATE TABLE `material_list` (
  `part_number` varchar(10) COLLATE utf8mb4_czech_ci NOT NULL,
  `description` varchar(50) COLLATE utf8mb4_czech_ci NOT NULL,
  `unit_code` varchar(5) COLLATE utf8mb4_czech_ci NOT NULL,
  `com_code` varchar(5) COLLATE utf8mb4_czech_ci NOT NULL,
  `subcom_code` varchar(5) COLLATE utf8mb4_czech_ci DEFAULT ''
) ENGINE=InnoDB DEFAULT CHARSET=utf8mb4 COLLATE=utf8mb4_czech_ci;

--
-- Vypisuji data pro tabulku `material_list`
--

INSERT INTO `material_list` (`part_number`, `description`, `unit_code`, `com_code`, `subcom_code`) VALUES
('BRND000001', 'tkaná etiketa kosočtv. ČB Braasi Industry', 'ks', 'BRND', ''),
('BRND000002', 'tkaná etiketa kosočtv. ČB Braasi Industry baby', 'ks', 'BRND', ''),
('BRND000003', 'tkaná etiketa přežehlená černobílá B/IN', 'ks', 'BRND', ''),
('BRND000004', 'tkaná etiketa přežehlená úzká čepice', 'ks', 'BRND', ''),
('BRND000005', 'tkaná etiketa kosočtv. meděná Braasi Industry', 'ks', 'BRND', ''),
('BRND000006', 'tkaná etiketa X-PAC', 'ks', 'BRND', ''),
('BRND000007', 'tkaná etiketa OUTLAST', 'ks', 'BRND', ''),
('BRND000008', 'tkaná etiketa ROBE', 'ks', 'BRND', ''),
('BRND000009', 'tkaná etiketa DIRECT', 'ks', 'BRND', ''),
('BRND000010', 'tkaná etiketa SEYFOR', 'ks', 'BRND', ''),
('BRND000011', 'tkaná etiketa PPF/ BRAASI', 'ks', 'BRND', ''),
('BRND000012', 'tkaná etiketa ČESKO DIGITAL', 'ks', 'BRND', ''),
('BRND000013', 'tkaná etiketa WE ARE PUBLICIS', 'ks', 'BRND', ''),
('BRND000014', 'tkaná etiketa CLEVERHOOD', 'ks', 'BRND', ''),
('BRND000015', 'tkaná etiketa CLEVERHOOD/ BRAASI', 'ks', 'BRND', ''),
('BRND000016', 'tkaná etiketa WINQS', 'ks', 'BRND', ''),
('BRND000017', 'tkaná etiketa GARAGE 22', 'ks', 'BRND', ''),
('BRND000018', 'tkaná etiketa BEEFEATER', 'ks', 'BRND', ''),
('BRND000019', 'tkaná etiketa JOHNNIE WALKER', 'ks', 'BRND', ''),
('BRND000020', 'tkaná etiketa HORALKY', 'ks', 'BRND', ''),
('BRND000021', 'Kožené logo pilsner', 'ks', 'BRND', ''),
('BRND000022', 'tkaná etiketa CANVA', 'ks', 'BRND', ''),
('BRND000023', 'Kartička Outlast', 'ks', 'BRND', ''),
('BRND000024', 'Kartička x-pac', 'ks', 'BRND', ''),
('FBRK000001', 'Kortexin černý', 'm2', 'FBRK', 'ASI'),
('FBRK000002', 'Kortexin žlutý', 'm2', 'FBRK', 'ASI'),
('FBRK000003', 'Kortexin bílý', 'm2', 'FBRK', 'ASI'),
('FBRK000004', 'Kortexin červený', 'm2', 'FBRK', 'ASI'),
('FBRK000005', 'Kortexin sv.šedá', 'm2', 'FBRK', 'ASI'),
('FBRK000006', 'Kortexin hnědý', 'm2', 'FBRK', 'ASI'),
('FBRK000007', 'Kortexin oranžový', 'm2', 'FBRK', 'ASI'),
('FBRK000008', 'černý PES s PVC zátěrem', 'm2', 'FBRK', 'ASI'),
('FBRK000009', 'žlutý PES s PVC zátěrem', 'm2', 'FBRK', 'ASI'),
('FBRK000010', '3D tkanina', 'm2', 'FBRK', 'FNC'),
('FBRK000011', 'Outlast', 'm2', 'FBRK', 'FNC'),
('FBRK000012', 'Ubeon žlutá', 'm2', 'FBRK', 'LNG'),
('FBRK000013', 'Ubeon světle šedá', 'm2', 'FBRK', 'LNG'),
('FBRK000014', 'Ubeon modrá', 'm2', 'FBRK', 'LNG'),
('FBRK000015', 'Ubeon se zátěrem bílá', 'm2', 'FBRK', 'LNG'),
('FBRK000016', 'Ulsedan zářivě žlutá', 'm2', 'FBRK', 'LNG'),
('FBRK000017', 'Ulsedan zářivě oranžová', 'm2', 'FBRK', 'LNG'),
('FBRK000018', 'Ulsedan zářivě zelená', 'm2', 'FBRK', 'LNG'),
('FBRK000019', 'Ulsedan modrá', 'm2', 'FBRK', 'LNG'),
('FBRK000020', 'Ulsedan černá', 'm2', 'FBRK', 'LNG'),
('FBRK000021', 'Ulsedan zelená plzeňská', 'm2', 'FBRK', 'LNG'),
('FBRK000022', 'Ulsedan khaki', 'm2', 'FBRK', 'LNG'),
('FBRK000023', 'Ulsedan olivová', 'm2', 'FBRK', 'LNG'),
('FBRK000024', 'Ulsedan červená', 'm2', 'FBRK', 'LNG'),
('FBRK000025', 'Ulsedan fialová', 'm2', 'FBRK', 'LNG'),
('FBRK000026', 'Ulsedan limetkově zelená', 'm2', 'FBRK', 'LNG'),
('FBRK000027', 'Ulsedan aquamarin modrá', 'm2', 'FBRK', 'LNG'),
('FBRK000028', 'Uzaron fialová', 'm2', 'FBRK', 'LNG'),
('FBRK000029', 'Uzaron červená', 'm2', 'FBRK', 'LNG'),
('FBRK000030', 'Uzaron růžová', 'm2', 'FBRK', 'LNG'),
('FBRK000031', 'Uzaron žlutá', 'm2', 'FBRK', 'LNG'),
('FBRK000032', 'Uzaron královská modrá', 'm2', 'FBRK', 'LNG'),
('FBRK000033', 'Uzaron černá', 'm2', 'FBRK', 'LNG'),
('FBRK000034', 'Uzaron zářivě žlutá', 'm2', 'FBRK', 'LNG'),
('FBRK000035', 'Uzaron tmavě šedá', 'm2', 'FBRK', 'LNG'),
('FBRK000036', 'Padákovina černá', 'm2', 'FBRK', 'PAR'),
('FBRK000037', 'Padákovina khaki', 'm2', 'FBRK', 'PAR'),
('FBRK000038', 'Padákovina stříbrná', 'm2', 'FBRK', 'PAR'),
('FBRK000039', 'Padákovina navy', 'm2', 'FBRK', 'PAR'),
('FBRK000040', 'Padákovina bílá', 'm2', 'FBRK', 'PAR'),
('FBRK000041', 'Cordura CZ 1100 černá PU zátěr', 'm2', 'FBRK', 'CRD'),
('FBRK000042', 'Cordura CZ 1100 khaki PU zátěr', 'm2', 'FBRK', 'CRD'),
('FBRK000043', 'Cordura CZ 500 ripstop černá', 'm2', 'FBRK', 'CRD'),
('FBRK000044', 'Cordura CZ 500 ripstop khaki', 'm2', 'FBRK', 'CRD'),
('FBRK000045', 'Cordura Belgická \"UKORET\" 1100 černá', 'm2', 'FBRK', 'CRD'),
('FBRK000046', 'Cordura DE 1100 černá AC zátěr', 'm2', 'FBRK', 'CRD'),
('FBRK000047', 'Cordura DE 1100 navy AC zátěr', 'm2', 'FBRK', 'CRD'),
('FBRK000048', 'Cordura DE 1100 oranžová AC zátěr', 'm2', 'FBRK', 'CRD'),
('FBRK000049', 'Cordura DE 1100 červená AC zátěr', 'm2', 'FBRK', 'CRD'),
('FBRK000050', 'Cordura DE 1100 modrá AC zátěr', 'm2', 'FBRK', 'CRD'),
('FBRK000051', 'Cordura DE 1100 žlutá AC zátěr', 'm2', 'FBRK', 'CRD'),
('FBRK000052', 'Cordura DE 1100 ecru AC zátěr', 'm2', 'FBRK', 'CRD'),
('FBRK000053', 'Cordura DE 1100 tmavě šedá AC zátěr', 'm2', 'FBRK', 'CRD'),
('FBRK000054', 'Cordura DE 1100 khaki AC zátěr', 'm2', 'FBRK', 'CRD'),
('FBRK000055', 'Cordura DE 1100 kávová AC zátěr', 'm2', 'FBRK', 'CRD'),
('FBRK000056', 'Cordura DE 1100 trávově zelená AC zátěr', 'm2', 'FBRK', 'CRD'),
('FBRK000057', 'Cordura DE 1100 coyote AC zátěr', 'm2', 'FBRK', 'CRD'),
('FBRK000058', 'Cordura DE 1100 jarní zelená AC zátěr', 'm2', 'FBRK', 'CRD'),
('FBRK000059', 'Cordura DE 1100 tan AC zátěr', 'm2', 'FBRK', 'CRD'),
('FBRK000060', 'Cordura DE 1100 akvamarin AC zátěr', 'm2', 'FBRK', 'CRD'),
('FBRK000061', 'Cordura DE 1100 khaki PVC zátěr', 'm2', 'FBRK', 'CRD'),
('FBRK000062', 'Cordura DE 1100 šedá AC zátěr', 'm2', 'FBRK', 'CRD'),
('FBRK000063', 'Cordura DE 1100 fialová AC zátěr', 'm2', 'FBRK', 'CRD'),
('FBRK000064', 'Cordura DE 1100 zlatá AC zátěr', 'm2', 'FBRK', 'CRD'),
('FBRK000065', 'Cordura DE 1100 tmavě zelená AC zátěr', 'm2', 'FBRK', 'CRD'),
('FBRK000066', 'Cordura DE 1100 armádní zelená AC zátěr', 'm2', 'FBRK', 'CRD'),
('FBRK000067', 'Cordura DE 1100 olivově zelená AC zátěr', 'm2', 'FBRK', 'CRD'),
('FBRK000068', 'Cordura DE 1100 růžová AC zátěr', 'm2', 'FBRK', 'CRD'),
('FBRK000069', 'Cordura CZ 500 černá PU zátěr', 'm2', 'FBRK', 'CRD'),
('FBRK000070', 'Cordura DE 500 černá PU zátěr', 'm2', 'FBRK', 'CRD'),
('FBRK000071', 'Cordura DE 500 navy AC zátěr', 'm2', 'FBRK', 'CRD'),
('FBRK000072', 'Cordura DE 500 oranžová AC zátěr', 'm2', 'FBRK', 'CRD'),
('FBRK000073', 'Cordura DE 500 žlutá AC zátěr', 'm2', 'FBRK', 'CRD'),
('FBRK000074', 'Cordura DE 500 bílá AC zátěr', 'm2', 'FBRK', 'CRD'),
('FBRK000075', 'Cordura DE 500 světle modrá AC zátěr', 'm2', 'FBRK', 'CRD'),
('FBRK000076', 'Cordura DE 500 šedá PU zátěr', 'm2', 'FBRK', 'CRD'),
('FBRK000077', 'Cordura DE 500 tmavě šedá/zelená AC zátěr', 'm2', 'FBRK', 'CRD'),
('FBRK000078', 'Cordura DE 500 hnědá AC zátěr', 'm2', 'FBRK', 'CRD'),
('FBRK000079', 'Cordura DE 500 zářivě žlutá AC zátěr', 'm2', 'FBRK', 'CRD'),
('FBRK000080', 'Cordura DE 500 blankytně modrá AC zátěr', 'm2', 'FBRK', 'CRD'),
('FBRK000081', 'Cordura DE 500 světle šedá AC zátěr', 'm2', 'FBRK', 'CRD'),
('FBRK000082', 'Cordura DE 500 červená AC zátěr', 'm2', 'FBRK', 'CRD'),
('FBRK000083', 'Cordura DE 500 khaki AC zátěr', 'm2', 'FBRK', 'CRD'),
('FBRK000084', 'Cordura DE 500 vínová AC zátěr', 'm2', 'FBRK', 'CRD'),
('FBRK000085', 'Cordura DE 500 tan AC zátěr', 'm2', 'FBRK', 'CRD'),
('FBRK000086', 'Xpac VX21 black', 'm2', 'FBRK', 'XPC'),
('FBRK000087', 'Xpac VX21 purple', 'm2', 'FBRK', 'XPC'),
('FBRK000088', 'Xpac VX21 yellow', 'm2', 'FBRK', 'XPC'),
('FBRK000089', 'Xpac VX21 white', 'm2', 'FBRK', 'XPC'),
('FBRK000090', 'Xpac RX36/DWR black', 'm2', 'FBRK', 'XPC'),
('FBRK000091', 'Xpac RX36/DWR white', 'm2', 'FBRK', 'XPC'),
('FBRK000092', 'Xpac RX30/DWR black', 'm2', 'FBRK', 'XPC'),
('FBRK000093', 'Xpac RX15/DWR white', 'm2', 'FBRK', 'XPC'),
('FBRK000094', 'Xpac VX07 RS black (ripstop)', 'm2', 'FBRK', 'XPC'),
('FBRK000095', 'Xpac X10/DWR naturale', 'm2', 'FBRK', 'XPC'),
('FBRK000096', 'Xpac LS21 grey', 'm2', 'FBRK', 'XPC'),
('FBRK000097', 'Xpac LS21 black', 'm2', 'FBRK', 'XPC'),
('FBRK000098', 'Patrik Antzcak tisk', 'm2', 'FBRK', 'PES'),
('FBRK000099', 'Paperjoe tisk', 'm2', 'FBRK', 'PES'),
('FBRK000100', 'Bavlna CZ černá', 'm2', 'FBRK', 'CTN'),
('FBRK000101', 'Bavlna IT impregnace černá', 'm2', 'FBRK', 'CTN'),
('FBRK000102', 'Bavlna IT oranžová', 'm2', 'FBRK', 'CTN'),
('FBRK000103', 'Bavlna CZ khaki', 'm2', 'FBRK', 'CTN'),
('FBRK000104', 'Bavlna IT přírodní', 'm2', 'FBRK', 'CTN'),
('FBRK000105', 'Bavlna CZ přírodn', 'm2', 'FBRK', 'CTN'),
('FBRK000106', 'Bavlna CZ žlutá', 'm2', 'FBRK', 'CTN'),
('FBRK000107', 'Bavlna CZ tmavě žlutá', 'm2', 'FBRK', 'CTN'),
('FBRK000108', 'Bavlna CZ magenta', 'm2', 'FBRK', 'CTN'),
('FBRK000109', 'Bavlna CZ červená', 'm2', 'FBRK', 'CTN'),
('FBRK000110', 'Bavlna CZ modrá', 'm2', 'FBRK', 'CTN'),
('FBRK000111', 'Bavlna England (monocle) khaki', 'm2', 'FBRK', 'CTN'),
('FBRK000112', 'Bavlna England (monocle) navy', 'm2', 'FBRK', 'CTN'),
('FBRK000113', 'Bavlna IT šedá', 'm2', 'FBRK', 'CTN'),
('FBRK000114', 'podložení molitanu záda', 'm2', 'FBRK', 'FND'),
('FLNG000001', 'Molitan 2 cm', 'm2', 'FLNG', ''),
('FLNG000002', 'EVA pěna 10 mm', 'm2', 'FLNG', ''),
('FLNG000003', 'Eva pěna 6 mm', 'm2', 'FLNG', ''),
('FLNG000004', 'Eva pěna 2 mm', 'm2', 'FLNG', ''),
('HRDW000001', 'YKK samice 25 mm černá', 'ks', 'HRDW', ''),
('HRDW000002', 'YKK samec 25 mm černá', 'ks', 'HRDW', ''),
('HRDW000003', 'YKK samec 25 mm černá EVO', 'ks', 'HRDW', ''),
('HRDW000004', 'YKK samice 25 mm černá EVO', 'ks', 'HRDW', ''),
('HRDW000005', 'YKK samice 20 mm černá', 'ks', 'HRDW', ''),
('HRDW000006', 'YKK samec 20 mm černá', 'ks', 'HRDW', ''),
('HRDW000007', 'YKK samec 16 mm černá', 'ks', 'HRDW', ''),
('HRDW000008', 'YKK samice 16 mm černá', 'ks', 'HRDW', ''),
('HRDW000009', 'YKK žebříček 16 mm černá', 'ks', 'HRDW', ''),
('HRDW000010', 'YKK žebříček 20 mm černá', 'ks', 'HRDW', ''),
('HRDW000011', 'YKK žebříček 25 mm černá', 'ks', 'HRDW', ''),
('HRDW000012', 'YKK žebříček 25 mm černá WICKER', 'ks', 'HRDW', ''),
('HRDW000013', 'YKK očko 18 mm černá', 'ks', 'HRDW', ''),
('HRDW000014', 'YKK očko 20 mm černá', 'ks', 'HRDW', ''),
('HRDW000015', 'YKK očko 25 mm černá', 'ks', 'HRDW', ''),
('HRDW000016', 'YKK očko 40 mm černá', 'm', 'HRDW', ''),
('HRDW000017', 'YKK zip černý pogumovaný', 'm', 'HRDW', ''),
('HRDW000018', 'YKK 5 zip černý reverzní', 'm', 'HRDW', ''),
('HRDW000019', 'YKK jezdec 5E černá', 'ks', 'HRDW', ''),
('HRDW000020', 'YKK jezdec 5EJ černá', 'ks', 'HRDW', ''),
('HRDW000021', 'YKK klíčenka černá', 'ks', 'HRDW', ''),
('HRDW000022', 'YKK D-kroužek černá', 'ks', 'HRDW', ''),
('HRDW000023', 'YKK karabina černá', 'ks', 'HRDW', ''),
('HRDW000024', 'YKK trojzubec 50 mm černá (samec+samice)', 'ks', 'HRDW', ''),
('HRDW000025', 'YKK bikeroller přezka', 'ks', 'HRDW', ''),
('HRDW000026', 'YKK jezdec 5E bílý', 'ks', 'HRDW', ''),
('HRDW000027', 'YKK průvleky 20 mm', 'ks', 'HRDW', ''),
('HRDW000028', 'trojzubec 40 mm černá (samec+samice)', 'ks', 'HRDW', ''),
('HRDW000029', 'žebříček 40 mm černá CROSSBODY', 'ks', 'HRDW', ''),
('HRDW000030', 'YKK zip 28 cm žlutý', 'ks', 'HRDW', ''),
('HRDW000031', 'YKK zip 28 cm bílý', 'ks', 'HRDW', ''),
('HRDW000032', 'YKK zip kovový 18 cm černý', 'ks', 'HRDW', ''),
('HRDW000033', 'YKK zip kovový 18 cm bílý', 'ks', 'HRDW', ''),
('HRDW000034', 'Massag zip kovový 18 cm černý', 'ks', 'HRDW', ''),
('HRDW000035', 'YKK zip spirálový reverzní 5 CI černá', 'm', 'HRDW', ''),
('HRDW000036', 'YKK zip kovový 46 cm černý', 'ks', 'HRDW', ''),
('HRDW000037', 'YKK zip kovový 29 cm černý', 'ks', 'HRDW', ''),
('HRDW000038', 'YKK zip kovový 25 cm černý', 'ks', 'HRDW', ''),
('HRDW000039', 'Fidlock V-BUCKLE 20 mm jednostranně nastavitelná', 'ks', 'HRDW', ''),
('HRDW000040', 'Fidlock V-BUCKLE 25 mm jednostranně nastavitelná', 'ks', 'HRDW', ''),
('HRDW000041', 'Fidlock V-BUCKLE 40 LL 40 mm nastavitelná černá', 'ks', 'HRDW', ''),
('HRDW000042', 'Fidlock V-BUCKLE 40 SB 40 mm fix černá', 'ks', 'HRDW', ''),
('HRDW000043', 'Fidlock HOOK 40 belt LL', 'ks', 'HRDW', ''),
('HRDW000044', 'Fidlock přezka 20 mm stříbrná', 'ks', 'HRDW', ''),
('HRDW000045', 'Fidlock Stripe X3', 'ks', 'HRDW', ''),
('HRDW000046', 'Fidlock Coinstrap 15 mm na helmu', 'ks', 'HRDW', ''),
('HRDW000047', 'Fidlock SNAP špuntík samec M kulatá nízká černá', 'ks', 'HRDW', ''),
('HRDW000048', 'Fidlock SNAP špuntík samice M kulatá nízká černá', 'ks', 'HRDW', ''),
('HRDW000049', 'Fidlock SNAP samec S na gumičku', 'ks', 'HRDW', ''),
('HRDW000050', 'Fidlock SNAP samice S kulatá nízká černá', 'ks', 'HRDW', ''),
('HRDW000051', 'Fidlock SNAP male M 25 adjuster k rolce', 'ks', 'HRDW', ''),
('HRDW000052', 'Fidlock HOOK 20 na gumičku černá', 'ks', 'HRDW', ''),
('HRDW000053', 'WeTool kovový žebříček 20 mm černá', 'ks', 'HRDW', ''),
('HRDW000054', 'WeTool kovový žebříček 25 mm černá', 'ks', 'HRDW', ''),
('HRDW000055', 'WeTool kovový G-Hook 20 mm levá černá', 'ks', 'HRDW', ''),
('HRDW000056', 'WeTool kovový G-Hook 20 mm pravá černá', 'ks', 'HRDW', ''),
('HRDW000057', 'WeTool kovový G-Hook 25 mm pravá otvírák černý', 'ks', 'HRDW', ''),
('HRDW000058', 'WeTool kovový H-Hook 25 mm černá', 'ks', 'HRDW', ''),
('HRDW000059', 'WeTool kovový karabina 20 mm černá', 'ks', 'HRDW', ''),
('HRDW000060', 'WeTool kovový protikus karabina 20 mm černá', 'ks', 'HRDW', ''),
('HRDW000061', 'WeTool kovová karabina obdélníková 20 mm černá', 'ks', 'HRDW', ''),
('HRDW000062', 'WeTool kovová karabina obdélníková 10 mm černá', 'ks', 'HRDW', ''),
('HRDW000063', 'WeTool kovová karabina otočná 20 mm černá', 'ks', 'HRDW', ''),
('HRDW000064', 'WeTool kovové D-očko 20 mm černá', 'ks', 'HRDW', ''),
('HRDW000065', 'WeTool kovové hawkeye toggle 25 mm černá', 'ks', 'HRDW', ''),
('HRDW000066', 'titanová žabka Austere 20 mm', 'ks', 'HRDW', ''),
('HRDW000067', 'optic fibre lighting', 'ks', 'HRDW', ''),
('HRDW000068', 'PJ trojzubec 25 mm bílá (samec+samice)', 'ks', 'HRDW', ''),
('HRDW000069', 'PJ žebříček 25 mm bílá', 'ks', 'HRDW', ''),
('HRDW000070', 'PJ žebříček 20 mm bílá', 'ks', 'HRDW', ''),
('HRDW000071', 'PJ samec 20 mm bílá', 'ks', 'HRDW', ''),
('HRDW000072', 'PJ samice 20 mm bílá', 'ks', 'HRDW', ''),
('HRDW000073', 'PJ očko 20 mm bílá', 'ks', 'HRDW', ''),
('HRDW000074', 'PJ očko 20 mm černá', 'ks', 'HRDW', ''),
('HRDW000075', 'PJ očko 40 mm černá', 'ks', 'HRDW', ''),
('HRDW000076', 'PJ spona 20 mm bílá', 'ks', 'HRDW', ''),
('HRDW000077', 'PJ trojzubec 10 mm bílá (samec+samice)', 'ks', 'HRDW', ''),
('HRDW000078', 'PJ trojzubec 10 mm khaki (samec+samice)', 'ks', 'HRDW', ''),
('HRDW000079', 'PJ trojzubec 20 mm bílá (samec+samice)', 'ks', 'HRDW', ''),
('HRDW000080', 'PJ trojzubec 10 mm černá', 'ks', 'HRDW', ''),
('HRDW000081', 'PJ karabina 20 mm černá', 'ks', 'HRDW', ''),
('HRDW000082', 'PJ karabina 30 mm černá', 'ks', 'HRDW', ''),
('HRDW000083', 'PJ trojzubec 30 mm černá', 'ks', 'HRDW', ''),
('HRDW000084', 'PJ žebříček 40 mm černá', 'ks', 'HRDW', ''),
('HRDW000085', 'PJ D-kroužek černá 20 mm', 'ks', 'HRDW', ''),
('HRDW000086', 'Massag kovový zebříček 20 mm měděný', 'ks', 'HRDW', ''),
('HRDW000087', 'Massag kovový žebříček 20 mm černá', 'ks', 'HRDW', ''),
('HRDW000088', 'Massag auto druk černá', 'ks', 'HRDW', ''),
('HRDW000089', 'Metal clash hook', 'ks', 'HRDW', ''),
('HRDW000090', 'Massag vsuvka kovová černá', 'ks', 'HRDW', ''),
('HRDW000091', 'Massag vsuvka kovová černá 20mm', 'ks', 'HRDW', ''),
('HRDW000092', 'cordlock', 'ks', 'HRDW', ''),
('HRDW000093', 'Tyčky', 'ks', 'HRDW', ''),
('LTHR000001', 'SILK 0842 černá', 'm2', 'LTHR', ''),
('LTHR000002', 'SILK 0250 rezavá', 'm2', 'LTHR', ''),
('LTHR000003', 'VENICE 64080 Albicocca', 'm2', 'LTHR', ''),
('LTHR000004', 'VENICE 64100 Black černá', 'm2', 'LTHR', ''),
('LTHR000005', 'VENICE 64030 Ecrú písková', 'm2', 'LTHR', ''),
('LTHR000006', 'VENICE 64150 Pervinca lila', 'm2', 'LTHR', ''),
('LTHR000007', 'VENICE 64150 Cloud Pink nude', 'm2', 'LTHR', ''),
('LTHR000008', 'VENICE 64110 Corallo lososová', 'm2', 'LTHR', ''),
('LTHR000009', 'VENICE 64040 Cappuccino bílá káva', 'm2', 'LTHR', ''),
('PCKG000001', 'papírová karta příběh + označení batohu', 'ks', 'PCKG', ''),
('PCKG000002', 'igelitový pytel s logem', 'ks', 'PCKG', ''),
('PCKG000003', 'krabice 51x38x7', 'ks', 'PCKG', ''),
('PCKG000004', 'lepící páska Braasi Industry', 'm', 'PCKG', ''),
('PCKG000005', 'štítek Zásilkovna', 'ks', 'PCKG', ''),
('PCKG000006', 'štítek GLS', 'ks', 'PCKG', ''),
('PCKG000007', 'košilka', 'ks', 'PCKG', ''),
('STRP000001', 'popruh černý PAD 10 mm', 'm', 'STRP', ''),
('STRP000002', 'popruh černý PAD 16 mm', 'm', 'STRP', ''),
('STRP000003', 'popruh černý PAD 20 mm', 'm', 'STRP', ''),
('STRP000004', 'popruh černý PAD 25 mm', 'm', 'STRP', ''),
('STRP000005', 'popruh černý PAD 40 mm', 'm', 'STRP', ''),
('STRP000006', 'lemovka černá PAD 25 mm', 'm', 'STRP', ''),
('STRP000007', 'lemovka černá PES 25 mm', 'm', 'STRP', ''),
('STRP000008', 'pruženka černá 40 mm', 'm', 'STRP', ''),
('STRP000009', 'pruženka černá 25 mm', 'm', 'STRP', ''),
('STRP000010', 'popruh černý POP 10 mm', 'm', 'STRP', ''),
('STRP000011', 'popruh černý struktura POP 16 mm', 'm', 'STRP', ''),
('STRP000012', 'popruh černý hladký POP 16 mm', 'm', 'STRP', ''),
('STRP000013', 'popruh černý vroubkatý POP 25 mm', 'm', 'STRP', ''),
('STRP000014', 'popruh černý dutinka PES 55 mm', 'm', 'STRP', ''),
('STRP000015', 'popruh černý bavlna 20 mm', 'm', 'STRP', ''),
('STRP000016', 'popruh černý bavlna 25 mm', 'm', 'STRP', ''),
('STRP000017', 'popruh černý bavlna 40 mm', 'm', 'STRP', ''),
('STRP000018', 'popruh bílý POP 10 mm', 'm', 'STRP', ''),
('STRP000019', 'popruh bílý PAD 20 mm', 'm', 'STRP', ''),
('STRP000020', 'popruh bílý POP 20 mm', 'm', 'STRP', ''),
('STRP000021', 'popruh bílý POP 25 mm', 'm', 'STRP', ''),
('STRP000022', 'popruh přírodní bavlna 20 mm', 'm', 'STRP', ''),
('STRP000023', 'popruh přírodní bavlna 30 mm', 'm', 'STRP', ''),
('STRP000024', 'popruh královsky modrý POP 10 mm', 'm', 'STRP', ''),
('STRP000025', 'popruh modrý PAD 20 mm', 'm', 'STRP', ''),
('STRP000026', 'popruh blankytně modrý POP 20 mm', 'm', 'STRP', ''),
('STRP000027', 'popruh zářivě oranžový PES 10 mm', 'm', 'STRP', ''),
('STRP000028', 'popruh zářivě oranžový PES 16 mm', 'm', 'STRP', ''),
('STRP000029', 'popruh zářivě oranžový PES 20 mm', 'm', 'STRP', ''),
('STRP000030', 'popruh zářivě oranžový PES 25 mm', 'm', 'STRP', ''),
('STRP000031', 'popruh oranžový PAD 20 mm', 'm', 'STRP', ''),
('STRP000032', 'popruh červený POP 10 mm', 'm', 'STRP', ''),
('STRP000033', 'popruh červený POP 20 mm', 'm', 'STRP', ''),
('STRP000034', 'popruh červený POP 25 mm', 'm', 'STRP', ''),
('STRP000035', 'popruh zářivě zelený PES 10 mm', 'm', 'STRP', ''),
('STRP000036', 'popruh žlutý POP 10 mm', 'm', 'STRP', ''),
('STRP000037', 'popruh tmavě šedý POP 10 mm', 'm', 'STRP', ''),
('STRP000038', 'popruh světle šedý PAD 20 mm', 'm', 'STRP', ''),
('STRP000039', 'popruh desertní PES 20 mm', 'm', 'STRP', ''),
('STRP000040', 'popruh fialový POP 20 mm', 'm', 'STRP', ''),
('STRP000041', 'popruh fialový POP 25 mm', 'm', 'STRP', ''),
('STRP000042', 'popruh khaki bavlna 35 mm', 'm', 'STRP', ''),
('STRP000043', 'popruh pruhovaný č,o,z,m,ž 25 mm', 'm', 'STRP', ''),
('STRP000044', 'popruh pruhovaný š,f,š 30 mm', 'm', 'STRP', ''),
('STRP000045', 'pryžové vlákno černá PES', 'm', 'STRP', ''),
('STRP000046', 'gumolano červené 4mm', 'm', 'STRP', ''),
('STRP000047', 'gumolano černé 4mm', 'm', 'STRP', ''),
('STRP000048', 'oděvní vázačka bílý PES 3,5mm', 'm', 'STRP', ''),
('STRP000049', 'oděvní vázačka černý PES 3,5 mm', 'm', 'STRP', ''),
('STRP000050', 'oděvní vázačka žlutý PES 3,5 mm', 'm', 'STRP', ''),
('STRP000051', 'paracorde modrá 3,5 mm', 'm', 'STRP', ''),
('STRP000052', 'paracorde červený 3,5 mm', 'm', 'STRP', ''),
('STRP000053', 'paracorde černý 3,5 mm', 'm', 'STRP', ''),
('STRP000054', 'automobilové pásy 45mm', 'm', 'STRP', ''),
('STRP000055', 'dutinka zlatá PAD 20 mm', 'm', 'STRP', ''),
('STRP000056', 'suché zipy 10 mm háček', 'm', 'STRP', ''),
('STRP000057', 'suché zipy 10 mm plyš', 'm', 'STRP', ''),
('STRP000058', 'suché zipy 25 mm háček', 'm', 'STRP', ''),
('STRP000059', 'suché zipy 25 mm plyš', 'm', 'STRP', ''),
('STRP000060', 'suché zipy 30 mm háček', 'm', 'STRP', ''),
('STRP000061', 'suché zipy 30 mm plyš', 'm', 'STRP', ''),
('STRP000062', 'suché zipy 50 mm plyš', 'm', 'STRP', ''),
('STRP000063', 'suché zipy 50 mm háček', 'm', 'STRP', ''),
('THRD000001', 'Ultrapoly 30 černá 999', 'm', 'THRD', ''),
('THRD000002', 'Ultrapoly 30 modrá 549', 'm', 'THRD', ''),
('THRD000003', 'Ultrapoly 30 světle šedá 882', 'm', 'THRD', ''),
('THRD000004', 'Ultrapoly 30 žlutá 125', 'm', 'THRD', ''),
('THRD000005', 'Ultrapoly 30 královská modrá 556', 'm', 'THRD', ''),
('THRD000006', 'Ultrapoly 30 zářivě růžová 345', 'm', 'THRD', ''),
('THRD000007', 'Ultrapoly 30 neon oranžová 215', 'm', 'THRD', ''),
('THRD000008', 'Ultrapoly 30 bílá 001', 'm', 'THRD', ''),
('THRD000009', 'Ultrapoly 30 modrá podšívka 658', 'm', 'THRD', ''),
('THRD000010', 'Ultrapoly 30 fialová 458', 'm', 'THRD', ''),
('THRD000011', 'Ultrapoly 30 přírodní 710', 'm', 'THRD', ''),
('THRD000012', 'Ultrapoly 30 vínová 344', 'm', 'THRD', ''),
('THRD000013', 'Ultrapoly 30 červená 337', 'm', 'THRD', ''),
('THRD000014', 'Ultrapoly 30 tmavě šedá 888', 'm', 'THRD', ''),
('THRD000015', 'Ultrapoly 30 desertní 1222', 'm', 'THRD', ''),
('THRD000016', 'Ultrapoly 30 neon žlutá 115', 'm', 'THRD', ''),
('THRD000017', 'Ultrapoly 30 foxy 273', 'm', 'THRD', ''),
('THRD000018', 'Ultrapoly 30 khaki', 'm', 'THRD', '');

-- --------------------------------------------------------

--
-- Struktura tabulky `material_width`
--

CREATE TABLE `material_width` (
  `part_number` varchar(10) COLLATE utf8mb4_czech_ci NOT NULL,
  `width_m` decimal(6,3) NOT NULL
) ENGINE=InnoDB DEFAULT CHARSET=utf8mb4 COLLATE=utf8mb4_czech_ci;

--
-- Vypisuji data pro tabulku `material_width`
--

INSERT INTO `material_width` (`part_number`, `width_m`) VALUES
('FBRK000001', 1.475),
('FBRK000002', 1.475),
('FBRK000003', 1.475),
('FBRK000004', 1.475),
('FBRK000005', 1.475),
('FBRK000006', 1.500),
('FBRK000007', 1.500),
('FBRK000008', 1.475),
('FBRK000009', 1.475),
('FBRK000010', 1.450),
('FBRK000011', 1.400),
('FBRK000012', 1.560),
('FBRK000013', 1.560),
('FBRK000014', 1.560),
('FBRK000015', 1.560),
('FBRK000016', 1.560),
('FBRK000017', 1.560),
('FBRK000018', 1.560),
('FBRK000019', 1.560),
('FBRK000020', 1.560),
('FBRK000021', 1.560),
('FBRK000022', 1.560),
('FBRK000023', 1.560),
('FBRK000024', 1.560),
('FBRK000025', 1.560),
('FBRK000026', 1.560),
('FBRK000027', 1.560),
('FBRK000028', 1.500),
('FBRK000029', 1.500),
('FBRK000030', 1.500),
('FBRK000031', 1.500),
('FBRK000032', 1.500),
('FBRK000033', 1.500),
('FBRK000034', 1.500),
('FBRK000035', 1.500),
('FBRK000036', 1.500),
('FBRK000037', 1.500),
('FBRK000038', 1.500),
('FBRK000039', 1.500),
('FBRK000040', 1.500),
('FBRK000041', 1.500),
('FBRK000042', 1.500),
('FBRK000043', 1.500),
('FBRK000044', 1.500),
('FBRK000046', 1.500),
('FBRK000047', 1.500),
('FBRK000048', 1.500),
('FBRK000049', 1.500),
('FBRK000050', 1.500),
('FBRK000051', 1.500),
('FBRK000052', 1.500),
('FBRK000053', 1.500),
('FBRK000054', 1.500),
('FBRK000055', 1.500),
('FBRK000056', 1.500),
('FBRK000057', 1.500),
('FBRK000058', 1.500),
('FBRK000059', 1.500),
('FBRK000060', 1.500),
('FBRK000061', 1.500),
('FBRK000062', 1.500),
('FBRK000063', 1.500),
('FBRK000064', 1.500),
('FBRK000065', 1.500),
('FBRK000066', 1.500),
('FBRK000067', 1.500),
('FBRK000068', 1.500),
('FBRK000069', 1.540),
('FBRK000070', 1.500),
('FBRK000071', 1.500),
('FBRK000072', 1.500),
('FBRK000073', 1.500),
('FBRK000074', 1.500),
('FBRK000075', 1.500),
('FBRK000076', 1.500),
('FBRK000077', 1.500),
('FBRK000078', 1.500),
('FBRK000079', 1.500),
('FBRK000080', 1.500),
('FBRK000081', 1.500),
('FBRK000082', 1.500),
('FBRK000083', 1.500),
('FBRK000084', 1.500),
('FBRK000085', 1.500),
('FBRK000086', 1.500),
('FBRK000087', 1.500),
('FBRK000088', 1.500),
('FBRK000089', 1.500),
('FBRK000090', 1.500),
('FBRK000091', 1.500),
('FBRK000092', 1.400),
('FBRK000093', 1.400),
('FBRK000094', 1.500),
('FBRK000095', 1.400),
('FBRK000096', 1.470),
('FBRK000100', 1.500),
('FBRK000101', 1.500),
('FBRK000102', 1.500),
('FBRK000103', 1.500),
('FBRK000104', 1.500),
('FBRK000105', 1.500),
('FBRK000106', 1.500),
('FBRK000107', 1.500),
('FBRK000108', 1.500),
('FBRK000109', 1.500),
('FBRK000110', 1.500),
('FBRK000111', 1.500),
('FBRK000112', 1.500),
('FBRK000113', 1.500);

-- --------------------------------------------------------

--
-- Struktura tabulky `products`
--

CREATE TABLE `products` (
  `product_code` varchar(10) COLLATE utf8mb4_czech_ci NOT NULL,
  `product_name` varchar(50) COLLATE utf8mb4_czech_ci NOT NULL,
  `unit_code` varchar(5) COLLATE utf8mb4_czech_ci NOT NULL,
  `com_code` varchar(5) COLLATE utf8mb4_czech_ci NOT NULL,
  `subcom_code` varchar(5) COLLATE utf8mb4_czech_ci NOT NULL,
  `EAN` decimal(20,0) DEFAULT NULL,
  `SKU` decimal(10,0) DEFAULT NULL
) ENGINE=InnoDB DEFAULT CHARSET=utf8mb4 COLLATE=utf8mb4_czech_ci;

--
-- Vypisuji data pro tabulku `products`
--

INSERT INTO `products` (`product_code`, `product_name`, `unit_code`, `com_code`, `subcom_code`, `EAN`, `SKU`) VALUES
('BGPK000001', 'Arne Black', 'ks', 'PROD', 'BGPK', NULL, NULL),
('BGPK000002', 'Arne grey', 'ks', 'PROD', 'BGPK', NULL, NULL),
('BGPK000003', 'Arne NTB Black', 'ks', 'PROD', 'BGPK', NULL, NULL),
('BGPK000004', 'Arne NTB grey', 'ks', 'PROD', 'BGPK', NULL, NULL),
('BGPK000005', 'Arne NTB purple', 'ks', 'PROD', 'BGPK', NULL, NULL),
('BGPK000006', 'Arne NTB white', 'ks', 'PROD', 'BGPK', NULL, NULL),
('BGPK000007', 'Arne NTB yellow', 'ks', 'PROD', 'BGPK', NULL, NULL),
('BGPK000008', 'Arne purple', 'ks', 'PROD', 'BGPK', NULL, NULL),
('BGPK000009', 'Arne white', 'ks', 'PROD', 'BGPK', NULL, NULL),
('BGPK000010', 'Arne yellow', 'ks', 'PROD', 'BGPK', NULL, NULL),
('BGPK000011', 'Foxy', 'ks', 'PROD', 'BGPK', NULL, NULL),
('BGPK000012', 'Henry Asahi khaki', 'ks', 'PROD', 'BGPK', NULL, NULL),
('BGPK000013', 'Henry black', 'ks', 'PROD', 'BGPK', NULL, NULL),
('BGPK000014', 'Henry black světla', 'ks', 'PROD', 'BGPK', NULL, NULL),
('BGPK000015', 'Henry Bot AI', 'ks', 'PROD', 'BGPK', NULL, NULL),
('BGPK000016', 'Henry canvas black', 'ks', 'PROD', 'BGPK', NULL, NULL),
('BGPK000017', 'Henry canvas ecru/nude', 'ks', 'PROD', 'BGPK', NULL, NULL),
('BGPK000018', 'Henry dark grey', 'ks', 'PROD', 'BGPK', NULL, NULL),
('BGPK000019', 'Henry khaki', 'ks', 'PROD', 'BGPK', NULL, NULL),
('BGPK000020', 'Henry orange', 'ks', 'PROD', 'BGPK', NULL, NULL),
('BGPK000021', 'Henry tan', 'ks', 'PROD', 'BGPK', NULL, NULL),
('BGPK000022', 'Hertil black', 'ks', 'PROD', 'BGPK', NULL, NULL),
('BGPK000023', 'Hertil khaki', 'ks', 'PROD', 'BGPK', NULL, NULL),
('BGPK000024', 'Hertil navy', 'ks', 'PROD', 'BGPK', NULL, NULL),
('BGPK000025', 'Klopista black', 'ks', 'PROD', 'BGPK', NULL, NULL),
('BGPK000026', 'Klopista khaki', 'ks', 'PROD', 'BGPK', NULL, NULL),
('BGPK000027', 'Nico', 'ks', 'PROD', 'BGPK', NULL, NULL),
('BGPK000028', 'Noir', 'ks', 'PROD', 'BGPK', NULL, NULL),
('BGPK000029', 'Purista ecru/black', 'ks', 'PROD', 'BGPK', NULL, NULL),
('BGPK000030', 'Purista ecru/nude', 'ks', 'PROD', 'BGPK', NULL, NULL),
('BGPK000031', 'Rolltop Basic black', 'ks', 'PROD', 'BGPK', NULL, NULL),
('BGPK000032', 'Rolltop Basic grey', 'ks', 'PROD', 'BGPK', NULL, NULL),
('BGPK000033', 'Rolltop Basic Side black', 'ks', 'PROD', 'BGPK', NULL, NULL),
('BGPK000034', 'Rolltop Basic Side Grey', 'ks', 'PROD', 'BGPK', NULL, NULL),
('BGPK000035', 'rolltop canvas black/nude', 'ks', 'PROD', 'BGPK', NULL, NULL),
('BGPK000036', 'rolltop canvas blue/nude', 'ks', 'PROD', 'BGPK', NULL, NULL),
('BGPK000037', 'rolltop canvas grey/black', 'ks', 'PROD', 'BGPK', NULL, NULL),
('BGPK000038', 'rolltop canvas grey/nude', 'ks', 'PROD', 'BGPK', NULL, NULL),
('BGPK000039', 'rolltop canvas khaki/black', 'ks', 'PROD', 'BGPK', NULL, NULL),
('BGPK000040', 'rolltop canvas khaki/nude', 'ks', 'PROD', 'BGPK', NULL, NULL),
('BGPK000041', 'rolltop canvas magenta/black', 'ks', 'PROD', 'BGPK', NULL, NULL),
('BGPK000042', 'rolltop canvas magenta/nude', 'ks', 'PROD', 'BGPK', NULL, NULL),
('BGPK000043', 'rolltop canvas red/black', 'ks', 'PROD', 'BGPK', NULL, NULL),
('BGPK000044', 'rolltop canvas yellow/nude', 'ks', 'PROD', 'BGPK', NULL, NULL),
('BGPK000045', 'Rolltop cordura blue/orange', 'ks', 'PROD', 'BGPK', NULL, NULL),
('BGPK000046', 'Rolltop cordura navy/black', 'ks', 'PROD', 'BGPK', NULL, NULL),
('BGPK000047', 'Rolltop cordura navy/red', 'ks', 'PROD', 'BGPK', NULL, NULL),
('BGPK000048', 'Rolltop cordura orange/navy', 'ks', 'PROD', 'BGPK', NULL, NULL),
('BGPK000049', 'Rolltop cordura red/navy', 'ks', 'PROD', 'BGPK', NULL, NULL),
('BGPK000050', 'Rolltop cordura tan/black', 'ks', 'PROD', 'BGPK', NULL, NULL),
('BGPK000051', 'Rolltop cordura tan/khaki', 'ks', 'PROD', 'BGPK', NULL, NULL),
('BGPK000052', 'Rolltop cordura tan/navy', 'ks', 'PROD', 'BGPK', NULL, NULL),
('BGPK000053', 'Rolltop cordura tan/red', 'ks', 'PROD', 'BGPK', NULL, NULL),
('BGPK000054', 'Rolltop cordura yellow/black', 'ks', 'PROD', 'BGPK', NULL, NULL),
('BGPK000055', 'Rolltop X-Pac black', 'ks', 'PROD', 'BGPK', NULL, NULL),
('BGPK000056', 'Rolltop X-Pac purple', 'ks', 'PROD', 'BGPK', NULL, NULL),
('BGPK000057', 'Rolltop X-Pac yellow', 'ks', 'PROD', 'BGPK', NULL, NULL),
('BGPK000058', 'webbing black', 'ks', 'PROD', 'BGPK', NULL, NULL),
('BGPK000059', 'webbing dark grey', 'ks', 'PROD', 'BGPK', NULL, NULL),
('BGPK000060', 'webbing grey', 'ks', 'PROD', 'BGPK', NULL, NULL),
('BGPK000061', 'webbing khaki', 'ks', 'PROD', 'BGPK', NULL, NULL),
('BGPK000062', 'webbing navy', 'ks', 'PROD', 'BGPK', NULL, NULL),
('BGPK000063', 'webbing orange', 'ks', 'PROD', 'BGPK', NULL, NULL),
('BGPK000064', 'webbing tan', 'ks', 'PROD', 'BGPK', NULL, NULL),
('BGPK000065', 'Wicker black', 'ks', 'PROD', 'BGPK', NULL, NULL),
('BGPK000066', 'Wicker black světla', 'ks', 'PROD', 'BGPK', NULL, NULL),
('BGPK000067', 'Wicker Dark grey', 'ks', 'PROD', 'BGPK', NULL, NULL),
('BGPK000068', 'Wicker khaki', 'ks', 'PROD', 'BGPK', NULL, NULL),
('BGPK000069', 'Wicker Navy blue', 'ks', 'PROD', 'BGPK', NULL, NULL),
('BGPK000070', 'Wicker navy/black', 'ks', 'PROD', 'BGPK', NULL, NULL),
('BGPK000071', 'Wicker orange', 'ks', 'PROD', 'BGPK', NULL, NULL),
('BGPK000072', 'Wicker tan', 'ks', 'PROD', 'BGPK', NULL, NULL),
('BGPK000073', 'Wicker x-Pac black', 'ks', 'PROD', 'BGPK', NULL, NULL),
('BGPK000074', 'Wicker x-Pac white', 'ks', 'PROD', 'BGPK', NULL, NULL),
('BGPK000075', 'Wicker x-Pac yellow', 'ks', 'PROD', 'BGPK', NULL, NULL),
('BGPK000076', 'Wicker x-Pac purple', 'ks', 'PROD', 'BGPK', NULL, NULL),
('BGPK000077', 'webbing khaki/orange', 'ks', 'PROD', 'BGPK', NULL, NULL),
('BGPK000078', 'webbing white', 'ks', 'PROD', 'BGPK', NULL, NULL);

-- --------------------------------------------------------

--
-- Struktura tabulky `soh_pro`
--

CREATE TABLE `soh_pro` (
  `product_code` varchar(10) COLLATE utf8mb4_czech_ci NOT NULL,
  `qty` decimal(10,0) NOT NULL,
  `location_code` varchar(5) COLLATE utf8mb4_czech_ci NOT NULL
) ENGINE=InnoDB DEFAULT CHARSET=utf8mb4 COLLATE=utf8mb4_czech_ci;

--
-- Vypisuji data pro tabulku `soh_pro`
--

INSERT INTO `soh_pro` (`product_code`, `qty`, `location_code`) VALUES
('BGPK000001', 0, 'BRA'),
('BGPK000002', 0, 'BRA'),
('BGPK000003', 4, 'BRA'),
('BGPK000004', 0, 'BRA'),
('BGPK000005', 0, 'BRA'),
('BGPK000006', 0, 'BRA'),
('BGPK000007', 0, 'BRA'),
('BGPK000008', 0, 'BRA'),
('BGPK000009', 0, 'BRA'),
('BGPK000010', 0, 'BRA'),
('BGPK000011', 0, 'BRA'),
('BGPK000013', 8, 'BRA'),
('BGPK000014', 0, 'BRA'),
('BGPK000015', 8, 'BRA'),
('BGPK000016', 0, 'BRA'),
('BGPK000017', 0, 'BRA'),
('BGPK000018', 0, 'BRA'),
('BGPK000019', 0, 'BRA'),
('BGPK000020', 0, 'BRA'),
('BGPK000021', 5, 'BRA'),
('BGPK000022', 0, 'BRA'),
('BGPK000023', 3, 'BRA'),
('BGPK000024', 0, 'BRA'),
('BGPK000025', 2, 'BRA'),
('BGPK000026', 0, 'BRA'),
('BGPK000027', 0, 'BRA'),
('BGPK000028', 36, 'BRA'),
('BGPK000029', 0, 'BRA'),
('BGPK000030', 0, 'BRA'),
('BGPK000031', 0, 'BRA'),
('BGPK000032', 0, 'BRA'),
('BGPK000033', 0, 'BRA'),
('BGPK000034', 0, 'BRA'),
('BGPK000035', 0, 'BRA'),
('BGPK000036', 0, 'BRA'),
('BGPK000037', 0, 'BRA'),
('BGPK000038', 0, 'BRA'),
('BGPK000039', 0, 'BRA'),
('BGPK000040', 0, 'BRA'),
('BGPK000041', 2, 'BRA'),
('BGPK000042', 2, 'BRA'),
('BGPK000043', 0, 'BRA'),
('BGPK000044', 0, 'BRA'),
('BGPK000045', 0, 'BRA'),
('BGPK000046', 0, 'BRA'),
('BGPK000047', 0, 'BRA'),
('BGPK000048', 0, 'BRA'),
('BGPK000049', 0, 'BRA'),
('BGPK000050', 0, 'BRA'),
('BGPK000051', 0, 'BRA'),
('BGPK000052', 0, 'BRA'),
('BGPK000053', 0, 'BRA'),
('BGPK000054', 0, 'BRA'),
('BGPK000055', 0, 'BRA'),
('BGPK000056', 0, 'BRA'),
('BGPK000057', 0, 'BRA'),
('BGPK000058', 0, 'BRA'),
('BGPK000059', 0, 'BRA'),
('BGPK000060', 0, 'BRA'),
('BGPK000061', 0, 'BRA'),
('BGPK000062', 0, 'BRA'),
('BGPK000063', 0, 'BRA'),
('BGPK000064', 0, 'BRA'),
('BGPK000065', 0, 'BRA'),
('BGPK000066', 0, 'BRA'),
('BGPK000067', 0, 'BRA'),
('BGPK000068', 0, 'BRA'),
('BGPK000069', 0, 'BRA'),
('BGPK000070', 0, 'BRA'),
('BGPK000071', 0, 'BRA'),
('BGPK000072', 0, 'BRA'),
('BGPK000073', 0, 'BRA'),
('BGPK000074', 2, 'BRA'),
('BGPK000075', 0, 'BRA'),
('BGPK000076', 0, 'BRA'),
('BGPK000077', 0, 'BRA'),
('BGPK000078', 4, 'BRA');

-- --------------------------------------------------------

--
-- Struktura tabulky `stock_on_hand`
--

CREATE TABLE `stock_on_hand` (
  `part_number` varchar(10) COLLATE utf8mb4_czech_ci NOT NULL,
  `description` varchar(50) COLLATE utf8mb4_czech_ci NOT NULL,
  `qty` decimal(10,3) NOT NULL,
  `unit_code` varchar(5) COLLATE utf8mb4_czech_ci NOT NULL,
  `location_code` varchar(5) COLLATE utf8mb4_czech_ci NOT NULL
) ENGINE=InnoDB DEFAULT CHARSET=utf8mb4 COLLATE=utf8mb4_czech_ci;

--
-- Vypisuji data pro tabulku `stock_on_hand`
--

INSERT INTO `stock_on_hand` (`part_number`, `description`, `qty`, `unit_code`, `location_code`) VALUES
('BRND000001', 'tkaná etiketa kosočtv. ČB Braasi Industry', 9866.000, 'ks', 'BRA'),
('BRND000002', 'tkaná etiketa kosočtv. ČB Braasi Industry baby', 0.000, 'ks', 'BRA'),
('BRND000003', 'tkaná etiketa přežehlená černobílá B/IN', 1827.000, 'ks', 'BRA'),
('BRND000004', 'tkaná etiketa přežehlená úzká čepice', 4500.000, 'ks', 'BRA'),
('BRND000005', 'tkaná etiketa kosočtv. meděná Braasi Industry', 3000.000, 'ks', 'BRA'),
('BRND000006', 'tkaná etiketa X-PAC', 0.000, 'ks', 'BRA'),
('BRND000007', 'tkaná etiketa OUTLAST', 0.000, 'ks', 'BRA'),
('BRND000008', 'tkaná etiketa ROBE', 500.000, 'ks', 'BRA'),
('BRND000009', 'tkaná etiketa DIRECT', 300.000, 'ks', 'BRA'),
('BRND000010', 'tkaná etiketa SEYFOR', 700.000, 'ks', 'BRA'),
('BRND000011', 'tkaná etiketa PPF/ BRAASI', 100.000, 'ks', 'BRA'),
('BRND000012', 'tkaná etiketa ČESKO DIGITAL', 900.000, 'ks', 'BRA'),
('BRND000013', 'tkaná etiketa WE ARE PUBLICIS', 580.000, 'ks', 'BRA'),
('BRND000014', 'tkaná etiketa CLEVERHOOD', 100.000, 'ks', 'BRA'),
('BRND000015', 'tkaná etiketa CLEVERHOOD/ BRAASI', 850.000, 'ks', 'BRA'),
('BRND000016', 'tkaná etiketa WINQS', 1000.000, 'ks', 'BRA'),
('BRND000017', 'tkaná etiketa GARAGE 22', 1000.000, 'ks', 'BRA'),
('BRND000018', 'tkaná etiketa BEEFEATER', 900.000, 'ks', 'BRA'),
('BRND000019', 'tkaná etiketa JOHNNIE WALKER', 1000.000, 'ks', 'BRA'),
('BRND000020', 'tkaná etiketa HORALKY', 1200.000, 'ks', 'BRA'),
('BRND000021', 'Kožené logo pilsner', 50.000, 'ks', 'BRA'),
('BRND000022', 'tkaná etiketa CANVA', 900.000, 'ks', 'BRA'),
('BRND000023', 'Kartička Outlast', 0.000, 'ks', 'BRA'),
('BRND000024', 'Kartička x-pac', 0.000, 'ks', 'BRA'),
('FBRK000001', 'Kortexin černý', 259.150, 'm2', 'BRA'),
('FBRK000002', 'Kortexin žlutý', 110.250, 'm2', 'BRA'),
('FBRK000003', 'Kortexin bílý', 79.625, 'm2', 'BRA'),
('FBRK000004', 'Kortexin červený', 0.000, 'm2', 'BRA'),
('FBRK000005', 'Kortexin sv.šedá', 0.000, 'm2', 'BRA'),
('FBRK000006', 'Kortexin hnědý', 30.000, 'm2', 'BRA'),
('FBRK000007', 'Kortexin oranžový', 60.000, 'm2', 'BRA'),
('FBRK000008', 'černý PES s PVC zátěrem', 0.000, 'm2', 'BRA'),
('FBRK000009', 'žlutý PES s PVC zátěrem', 0.000, 'm2', 'BRA'),
('FBRK000010', '3D tkanina', 0.000, 'm2', 'BRA'),
('FBRK000011', 'Outlast', 0.000, 'm2', 'BRA'),
('FBRK000012', 'Ubeon žlutá', 0.000, 'm2', 'BRA'),
('FBRK000013', 'Ubeon světle šedá', 21.820, 'm2', 'BRA'),
('FBRK000014', 'Ubeon modrá', 149.250, 'm2', 'BRA'),
('FBRK000015', 'Ubeon se zátěrem bílá', 147.900, 'm2', 'BRA'),
('FBRK000016', 'Ulsedan zářivě žlutá', 78.000, 'm2', 'BRA'),
('FBRK000017', 'Ulsedan zářivě oranžová', 77.100, 'm2', 'BRA'),
('FBRK000018', 'Ulsedan zářivě zelená', 15.600, 'm2', 'BRA'),
('FBRK000019', 'Ulsedan modrá', 23.400, 'm2', 'BRA'),
('FBRK000020', 'Ulsedan černá', 54.600, 'm2', 'BRA'),
('FBRK000021', 'Ulsedan zelená plzeňská', 23.400, 'm2', 'BRA'),
('FBRK000022', 'Ulsedan khaki', 0.000, 'm2', 'BRA'),
('FBRK000023', 'Ulsedan olivová', 0.000, 'm2', 'BRA'),
('FBRK000024', 'Ulsedan červená', 0.000, 'm2', 'BRA'),
('FBRK000025', 'Ulsedan fialová', 39.000, 'm2', 'BRA'),
('FBRK000026', 'Ulsedan limetkově zelená', 15.600, 'm2', 'BRA'),
('FBRK000027', 'Ulsedan aquamarin modrá', 7.800, 'm2', 'BRA'),
('FBRK000028', 'Uzaron fialová', 22.500, 'm2', 'BRA'),
('FBRK000029', 'Uzaron červená', 48.000, 'm2', 'BRA'),
('FBRK000030', 'Uzaron růžová', 15.000, 'm2', 'BRA'),
('FBRK000031', 'Uzaron žlutá', 0.000, 'm2', 'BRA'),
('FBRK000032', 'Uzaron královská modrá', 49.500, 'm2', 'BRA'),
('FBRK000033', 'Uzaron černá', 145.580, 'm2', 'BRA'),
('FBRK000034', 'Uzaron zářivě žlutá', 30.000, 'm2', 'BRA'),
('FBRK000035', 'Uzaron tmavě šedá', 76.500, 'm2', 'BRA'),
('FBRK000036', 'Padákovina černá', 67.500, 'm2', 'BRA'),
('FBRK000037', 'Padákovina khaki', 15.000, 'm2', 'BRA'),
('FBRK000038', 'Padákovina stříbrná', 52.500, 'm2', 'BRA'),
('FBRK000039', 'Padákovina navy', 37.500, 'm2', 'BRA'),
('FBRK000040', 'Padákovina bílá', 45.000, 'm2', 'BRA'),
('FBRK000041', 'Cordura CZ 1100 černá PU zátěr', 300.000, 'm2', 'BRA'),
('FBRK000042', 'Cordura CZ 1100 khaki PU zátěr', 7.500, 'm2', 'BRA'),
('FBRK000043', 'Cordura CZ 500 ripstop černá', 60.000, 'm2', 'BRA'),
('FBRK000044', 'Cordura CZ 500 ripstop khaki', 0.000, 'm2', 'BRA'),
('FBRK000045', 'Cordura Belgická \"UKORET\" 1100 černá', 31500.000, 'm2', 'BRA'),
('FBRK000046', 'Cordura DE 1100 černá AC zátěr', 0.000, 'm2', 'BRA'),
('FBRK000047', 'Cordura DE 1100 navy AC zátěr', 135.000, 'm2', 'BRA'),
('FBRK000048', 'Cordura DE 1100 oranžová AC zátěr', 45.000, 'm2', 'BRA'),
('FBRK000049', 'Cordura DE 1100 červená AC zátěr', 22.800, 'm2', 'BRA'),
('FBRK000050', 'Cordura DE 1100 modrá AC zátěr', 22.500, 'm2', 'BRA'),
('FBRK000051', 'Cordura DE 1100 žlutá AC zátěr', 60.000, 'm2', 'BRA'),
('FBRK000052', 'Cordura DE 1100 ecru AC zátěr', 75.000, 'm2', 'BRA'),
('FBRK000053', 'Cordura DE 1100 tmavě šedá AC zátěr', 75.000, 'm2', 'BRA'),
('FBRK000054', 'Cordura DE 1100 khaki AC zátěr', 71.000, 'm2', 'BRA'),
('FBRK000055', 'Cordura DE 1100 kávová AC zátěr', 22.500, 'm2', 'BRA'),
('FBRK000056', 'Cordura DE 1100 trávově zelená AC zátěr', 15.000, 'm2', 'BRA'),
('FBRK000057', 'Cordura DE 1100 coyote AC zátěr', 4.500, 'm2', 'BRA'),
('FBRK000058', 'Cordura DE 1100 jarní zelená AC zátěr', 4.500, 'm2', 'BRA'),
('FBRK000059', 'Cordura DE 1100 tan AC zátěr', 18.600, 'm2', 'BRA'),
('FBRK000060', 'Cordura DE 1100 akvamarin AC zátěr', 7.500, 'm2', 'BRA'),
('FBRK000061', 'Cordura DE 1100 khaki PVC zátěr', 3.000, 'm2', 'BRA'),
('FBRK000062', 'Cordura DE 1100 šedá AC zátěr', 60.000, 'm2', 'BRA'),
('FBRK000063', 'Cordura DE 1100 fialová AC zátěr', 7.500, 'm2', 'BRA'),
('FBRK000064', 'Cordura DE 1100 zlatá AC zátěr', 4.500, 'm2', 'BRA'),
('FBRK000065', 'Cordura DE 1100 tmavě zelená AC zátěr', 15.000, 'm2', 'BRA'),
('FBRK000066', 'Cordura DE 1100 armádní zelená AC zátěr', 4.500, 'm2', 'BRA'),
('FBRK000067', 'Cordura DE 1100 olivově zelená AC zátěr', 22.500, 'm2', 'BRA'),
('FBRK000068', 'Cordura DE 1100 růžová AC zátěr', 3.000, 'm2', 'BRA'),
('FBRK000069', 'Cordura CZ 500 černá PU zátěr', 39.270, 'm2', 'BRA'),
('FBRK000070', 'Cordura DE 500 černá PU zátěr', 441.750, 'm2', 'BRA'),
('FBRK000071', 'Cordura DE 500 navy AC zátěr', 58.480, 'm2', 'BRA'),
('FBRK000072', 'Cordura DE 500 oranžová AC zátěr', 0.000, 'm2', 'BRA'),
('FBRK000073', 'Cordura DE 500 žlutá AC zátěr', 337.500, 'm2', 'BRA'),
('FBRK000074', 'Cordura DE 500 bílá AC zátěr', 72.600, 'm2', 'BRA'),
('FBRK000075', 'Cordura DE 500 světle modrá AC zátěr', 67.500, 'm2', 'BRA'),
('FBRK000076', 'Cordura DE 500 šedá PU zátěr', 105.000, 'm2', 'BRA'),
('FBRK000077', 'Cordura DE 500 tmavě šedá/zelená AC zátěr', 180.000, 'm2', 'BRA'),
('FBRK000078', 'Cordura DE 500 hnědá AC zátěr', 15.000, 'm2', 'BRA'),
('FBRK000079', 'Cordura DE 500 zářivě žlutá AC zátěr', 15.000, 'm2', 'BRA'),
('FBRK000080', 'Cordura DE 500 blankytně modrá AC zátěr', 15.000, 'm2', 'BRA'),
('FBRK000081', 'Cordura DE 500 světle šedá AC zátěr', 45.000, 'm2', 'BRA'),
('FBRK000082', 'Cordura DE 500 červená AC zátěr', 75.000, 'm2', 'BRA'),
('FBRK000083', 'Cordura DE 500 khaki AC zátěr', 30.000, 'm2', 'BRA'),
('FBRK000084', 'Cordura DE 500 vínová AC zátěr', 30.000, 'm2', 'BRA'),
('FBRK000085', 'Cordura DE 500 tan AC zátěr', 0.000, 'm2', 'BRA'),
('FBRK000086', 'Xpac VX21 black', 10.875, 'm2', 'BRA'),
('FBRK000087', 'Xpac VX21 purple', 37.500, 'm2', 'BRA'),
('FBRK000088', 'Xpac VX21 yellow', 60.000, 'm2', 'BRA'),
('FBRK000089', 'Xpac VX21 white', 0.000, 'm2', 'BRA'),
('FBRK000090', 'Xpac RX36/DWR black', 60.000, 'm2', 'BRA'),
('FBRK000091', 'Xpac RX36/DWR white', 0.000, 'm2', 'BRA'),
('FBRK000092', 'Xpac RX30/DWR black', 42.000, 'm2', 'BRA'),
('FBRK000093', 'Xpac RX15/DWR white', 7.000, 'm2', 'BRA'),
('FBRK000094', 'Xpac VX07 RS black (ripstop)', 15.000, 'm2', 'BRA'),
('FBRK000095', 'Xpac X10/DWR naturale', 14.000, 'm2', 'BRA'),
('FBRK000096', 'Xpac LS21 grey', 0.000, 'm2', 'BRA'),
('FBRK000097', 'Xpac LS21 black', 0.000, 'm2', 'BRA'),
('FBRK000098', 'Patrik Antzcak tisk', 0.000, 'm2', 'BRA'),
('FBRK000099', 'Paperjoe tisk', 0.000, 'm2', 'BRA'),
('FBRK000100', 'Bavlna CZ černá', 0.000, 'm2', 'BRA'),
('FBRK000101', 'Bavlna IT impregnace černá', 11.250, 'm2', 'BRA'),
('FBRK000102', 'Bavlna IT oranžová', 97.500, 'm2', 'BRA'),
('FBRK000103', 'Bavlna CZ khaki', 75.000, 'm2', 'BRA'),
('FBRK000104', 'Bavlna IT přírodní', 270.000, 'm2', 'BRA'),
('FBRK000105', 'Bavlna CZ přírodn', 45.000, 'm2', 'BRA'),
('FBRK000106', 'Bavlna CZ žlutá', 30.000, 'm2', 'BRA'),
('FBRK000107', 'Bavlna CZ tmavě žlutá', 30.000, 'm2', 'BRA'),
('FBRK000108', 'Bavlna CZ magenta', 8.250, 'm2', 'BRA'),
('FBRK000109', 'Bavlna CZ červená', 7.500, 'm2', 'BRA'),
('FBRK000110', 'Bavlna CZ modrá', 45.000, 'm2', 'BRA'),
('FBRK000111', 'Bavlna England (monocle) khaki', 67.500, 'm2', 'BRA'),
('FBRK000112', 'Bavlna England (monocle) navy', 118.500, 'm2', 'BRA'),
('FBRK000113', 'Bavlna IT šedá', 0.000, 'm2', 'BRA'),
('FBRK000114', 'podložení molitanu záda', 505.585, 'm2', 'BRA'),
('FLNG000001', 'Molitan 2 cm', 12.300, 'm2', 'BRA'),
('FLNG000002', 'EVA pěna 10 mm', 13.425, 'm2', 'BRA'),
('FLNG000003', 'Eva pěna 6 mm', 0.000, 'm2', 'BRA'),
('FLNG000004', 'Eva pěna 2 mm', 7.000, 'm2', 'BRA'),
('HRDW000001', 'YKK samice 25 mm černá', 2720.000, 'ks', 'BRA'),
('HRDW000002', 'YKK samec 25 mm černá', 4486.000, 'ks', 'BRA'),
('HRDW000003', 'YKK samec 25 mm černá EVO', 3700.000, 'ks', 'BRA'),
('HRDW000004', 'YKK samice 25 mm černá EVO', 5446.000, 'ks', 'BRA'),
('HRDW000005', 'YKK samice 20 mm černá', 1404.000, 'ks', 'BRA'),
('HRDW000006', 'YKK samec 20 mm černá', 1937.000, 'ks', 'BRA'),
('HRDW000007', 'YKK samec 16 mm černá', 713.000, 'ks', 'BRA'),
('HRDW000008', 'YKK samice 16 mm černá', 708.000, 'ks', 'BRA'),
('HRDW000009', 'YKK žebříček 16 mm černá', 757.000, 'ks', 'BRA'),
('HRDW000010', 'YKK žebříček 20 mm černá', 2792.000, 'ks', 'BRA'),
('HRDW000011', 'YKK žebříček 25 mm černá', 2149.000, 'ks', 'BRA'),
('HRDW000012', 'YKK žebříček 25 mm černá WICKER', 941.000, 'ks', 'BRA'),
('HRDW000013', 'YKK očko 18 mm černá', 927.000, 'ks', 'BRA'),
('HRDW000014', 'YKK očko 20 mm černá', 4416.000, 'ks', 'BRA'),
('HRDW000015', 'YKK očko 25 mm černá', 2823.000, 'ks', 'BRA'),
('HRDW000016', 'YKK očko 40 mm černá', 713.000, 'm', 'BRA'),
('HRDW000017', 'YKK zip černý pogumovaný', 13.300, 'm', 'BRA'),
('HRDW000018', 'YKK 5 zip černý reverzní', 721.600, 'm', 'BRA'),
('HRDW000019', 'YKK jezdec 5E černá', 3143.000, 'ks', 'BRA'),
('HRDW000020', 'YKK jezdec 5EJ černá', 1100.000, 'ks', 'BRA'),
('HRDW000021', 'YKK klíčenka černá', 1280.000, 'ks', 'BRA'),
('HRDW000022', 'YKK D-kroužek černá', 648.000, 'ks', 'BRA'),
('HRDW000023', 'YKK karabina černá', 192.000, 'ks', 'BRA'),
('HRDW000024', 'YKK trojzubec 50 mm černá (samec+samice)', 99.000, 'ks', 'BRA'),
('HRDW000025', 'YKK bikeroller přezka', 702.000, 'ks', 'BRA'),
('HRDW000026', 'YKK jezdec 5E bílý', 500.000, 'ks', 'BRA'),
('HRDW000027', 'YKK průvleky 20 mm', 184.000, 'ks', 'BRA'),
('HRDW000028', 'trojzubec 40 mm černá (samec+samice)', 49.000, 'ks', 'BRA'),
('HRDW000029', 'žebříček 40 mm černá CROSSBODY', 179.000, 'ks', 'BRA'),
('HRDW000030', 'YKK zip 28 cm žlutý', 25.000, 'ks', 'BRA'),
('HRDW000031', 'YKK zip 28 cm bílý', 25.000, 'ks', 'BRA'),
('HRDW000032', 'YKK zip kovový 18 cm černý', 190.000, 'ks', 'BRA'),
('HRDW000033', 'YKK zip kovový 18 cm bílý', 70.000, 'ks', 'BRA'),
('HRDW000034', 'Massag zip kovový 18 cm černý', 10.000, 'ks', 'BRA'),
('HRDW000035', 'YKK zip spirálový reverzní 5 CI černá', 200.000, 'm', 'BRA'),
('HRDW000036', 'YKK zip kovový 46 cm černý', 33.000, 'ks', 'BRA'),
('HRDW000037', 'YKK zip kovový 29 cm černý', 24.000, 'ks', 'BRA'),
('HRDW000038', 'YKK zip kovový 25 cm černý', 14.000, 'ks', 'BRA'),
('HRDW000039', 'Fidlock V-BUCKLE 20 mm jednostranně nastavitelná', 500.000, 'ks', 'BRA'),
('HRDW000040', 'Fidlock V-BUCKLE 25 mm jednostranně nastavitelná', 138.000, 'ks', 'BRA'),
('HRDW000041', 'Fidlock V-BUCKLE 40 LL 40 mm nastavitelná černá', 224.000, 'ks', 'BRA'),
('HRDW000042', 'Fidlock V-BUCKLE 40 SB 40 mm fix černá', 0.000, 'ks', 'BRA'),
('HRDW000043', 'Fidlock HOOK 40 belt LL', 2.000, 'ks', 'BRA'),
('HRDW000044', 'Fidlock přezka 20 mm stříbrná', 26.000, 'ks', 'BRA'),
('HRDW000045', 'Fidlock Stripe X3', 3.000, 'ks', 'BRA'),
('HRDW000046', 'Fidlock Coinstrap 15 mm na helmu', 3.000, 'ks', 'BRA'),
('HRDW000047', 'Fidlock SNAP špuntík samec M kulatá nízká černá', 24.000, 'ks', 'BRA'),
('HRDW000048', 'Fidlock SNAP špuntík samice M kulatá nízká černá', 524.000, 'ks', 'BRA'),
('HRDW000049', 'Fidlock SNAP samec S na gumičku', 242.000, 'ks', 'BRA'),
('HRDW000050', 'Fidlock SNAP samice S kulatá nízká černá', 134.000, 'ks', 'BRA'),
('HRDW000051', 'Fidlock SNAP male M 25 adjuster k rolce', 183.000, 'ks', 'BRA'),
('HRDW000052', 'Fidlock HOOK 20 na gumičku černá', 18.000, 'ks', 'BRA'),
('HRDW000053', 'WeTool kovový žebříček 20 mm černá', 400.000, 'ks', 'BRA'),
('HRDW000054', 'WeTool kovový žebříček 25 mm černá', 121.000, 'ks', 'BRA'),
('HRDW000055', 'WeTool kovový G-Hook 20 mm levá černá', 179.000, 'ks', 'BRA'),
('HRDW000056', 'WeTool kovový G-Hook 20 mm pravá černá', 67.000, 'ks', 'BRA'),
('HRDW000057', 'WeTool kovový G-Hook 25 mm pravá otvírák černý', 63.000, 'ks', 'BRA'),
('HRDW000058', 'WeTool kovový H-Hook 25 mm černá', 382.000, 'ks', 'BRA'),
('HRDW000059', 'WeTool kovový karabina 20 mm černá', 401.000, 'ks', 'BRA'),
('HRDW000060', 'WeTool kovový protikus karabina 20 mm černá', 615.000, 'ks', 'BRA'),
('HRDW000061', 'WeTool kovová karabina obdélníková 20 mm černá', 181.000, 'ks', 'BRA'),
('HRDW000062', 'WeTool kovová karabina obdélníková 10 mm černá', 180.000, 'ks', 'BRA'),
('HRDW000063', 'WeTool kovová karabina otočná 20 mm černá', 198.000, 'ks', 'BRA'),
('HRDW000064', 'WeTool kovové D-očko 20 mm černá', 98.000, 'ks', 'BRA'),
('HRDW000065', 'WeTool kovové hawkeye toggle 25 mm černá', 0.000, 'ks', 'BRA'),
('HRDW000066', 'titanová žabka Austere 20 mm', 17.000, 'ks', 'BRA'),
('HRDW000067', 'optic fibre lighting', 19.000, 'ks', 'BRA'),
('HRDW000068', 'PJ trojzubec 25 mm bílá (samec+samice)', 41.000, 'ks', 'BRA'),
('HRDW000069', 'PJ žebříček 25 mm bílá', 6.000, 'ks', 'BRA'),
('HRDW000070', 'PJ žebříček 20 mm bílá', 3.000, 'ks', 'BRA'),
('HRDW000071', 'PJ samec 20 mm bílá', 2.000, 'ks', 'BRA'),
('HRDW000072', 'PJ samice 20 mm bílá', 1.000, 'ks', 'BRA'),
('HRDW000073', 'PJ očko 20 mm bílá', 123.000, 'ks', 'BRA'),
('HRDW000074', 'PJ očko 20 mm černá', 273.000, 'ks', 'BRA'),
('HRDW000075', 'PJ očko 40 mm černá', 4.000, 'ks', 'BRA'),
('HRDW000076', 'PJ spona 20 mm bílá', 10.000, 'ks', 'BRA'),
('HRDW000077', 'PJ trojzubec 10 mm bílá (samec+samice)', 11.000, 'ks', 'BRA'),
('HRDW000078', 'PJ trojzubec 10 mm khaki (samec+samice)', 0.000, 'ks', 'BRA'),
('HRDW000079', 'PJ trojzubec 20 mm bílá (samec+samice)', 0.000, 'ks', 'BRA'),
('HRDW000080', 'PJ trojzubec 10 mm černá', 18.000, 'ks', 'BRA'),
('HRDW000081', 'PJ karabina 20 mm černá', 2.000, 'ks', 'BRA'),
('HRDW000082', 'PJ karabina 30 mm černá', 2.000, 'ks', 'BRA'),
('HRDW000083', 'PJ trojzubec 30 mm černá', 1.000, 'ks', 'BRA'),
('HRDW000084', 'PJ žebříček 40 mm černá', 1.000, 'ks', 'BRA'),
('HRDW000085', 'PJ D-kroužek černá 20 mm', 185.000, 'ks', 'BRA'),
('HRDW000086', 'Massag kovový zebříček 20 mm měděný', 8.000, 'ks', 'BRA'),
('HRDW000087', 'Massag kovový žebříček 20 mm černá', 43.000, 'ks', 'BRA'),
('HRDW000088', 'Massag auto druk černá', 0.000, 'ks', 'BRA'),
('HRDW000089', 'Metal clash hook', 500.000, 'ks', 'BRA'),
('HRDW000090', 'Massag vsuvka kovová černá', 43.000, 'ks', 'BRA'),
('HRDW000091', 'Massag vsuvka kovová černá 20mm', 5000.000, 'ks', 'BRA'),
('HRDW000092', 'cordlock', 832.000, 'ks', 'BRA'),
('HRDW000093', 'Tyčky', 0.000, 'ks', 'BRA'),
('LTHR000001', 'SILK 0842 černá', 114.440, 'm2', 'BRA'),
('LTHR000002', 'SILK 0250 rezavá', 90.000, 'm2', 'BRA'),
('LTHR000003', 'VENICE 64080 Albicocca', 29.640, 'm2', 'BRA'),
('LTHR000004', 'VENICE 64100 Black černá', 0.000, 'm2', 'BRA'),
('LTHR000005', 'VENICE 64030 Ecrú písková', 0.000, 'm2', 'BRA'),
('LTHR000006', 'VENICE 64150 Pervinca lila', 0.000, 'm2', 'BRA'),
('LTHR000007', 'VENICE 64150 Cloud Pink nude', 0.000, 'm2', 'BRA'),
('LTHR000008', 'VENICE 64110 Corallo lososová', 0.000, 'm2', 'BRA'),
('LTHR000009', 'VENICE 64040 Cappuccino bílá káva', 0.000, 'm2', 'BRA'),
('PCKG000001', 'papírová karta příběh + označení batohu', 0.000, 'ks', 'BRA'),
('PCKG000002', 'igelitový pytel s logem', 1257.000, 'ks', 'BRA'),
('PCKG000003', 'krabice 51x38x7', 0.000, 'ks', 'BRA'),
('PCKG000004', 'lepící páska Braasi Industry', 1023.000, 'm', 'BRA'),
('PCKG000005', 'štítek Zásilkovna', 0.000, 'ks', 'BRA'),
('PCKG000006', 'štítek GLS', 0.000, 'ks', 'BRA'),
('PCKG000007', 'košilka', 0.000, 'ks', 'BRA'),
('STRP000001', 'popruh černý PAD 10 mm', 2983.800, 'm', 'BRA'),
('STRP000002', 'popruh černý PAD 16 mm', 7082.500, 'm', 'BRA'),
('STRP000003', 'popruh černý PAD 20 mm', 8474.500, 'm', 'BRA'),
('STRP000004', 'popruh černý PAD 25 mm', 2167.200, 'm', 'BRA'),
('STRP000005', 'popruh černý PAD 40 mm', 811.900, 'm', 'BRA'),
('STRP000006', 'lemovka černá PAD 25 mm', 1122.100, 'm', 'BRA'),
('STRP000007', 'lemovka černá PES 25 mm', 400.000, 'm', 'BRA'),
('STRP000008', 'pruženka černá 40 mm', 0.000, 'm', 'BRA'),
('STRP000009', 'pruženka černá 25 mm', 75.000, 'm', 'BRA'),
('STRP000010', 'popruh černý POP 10 mm', 300.000, 'm', 'BRA'),
('STRP000011', 'popruh černý struktura POP 16 mm', 40.000, 'm', 'BRA'),
('STRP000012', 'popruh černý hladký POP 16 mm', 50.000, 'm', 'BRA'),
('STRP000013', 'popruh černý vroubkatý POP 25 mm', 100.000, 'm', 'BRA'),
('STRP000014', 'popruh černý dutinka PES 55 mm', 30.000, 'm', 'BRA'),
('STRP000015', 'popruh černý bavlna 20 mm', 100.000, 'm', 'BRA'),
('STRP000016', 'popruh černý bavlna 25 mm', 50.000, 'm', 'BRA'),
('STRP000017', 'popruh černý bavlna 40 mm', 10.000, 'm', 'BRA'),
('STRP000018', 'popruh bílý POP 10 mm', 50.000, 'm', 'BRA'),
('STRP000019', 'popruh bílý PAD 20 mm', 350.000, 'm', 'BRA'),
('STRP000020', 'popruh bílý POP 20 mm', 50.000, 'm', 'BRA'),
('STRP000021', 'popruh bílý POP 25 mm', 50.000, 'm', 'BRA'),
('STRP000022', 'popruh přírodní bavlna 20 mm', 450.000, 'm', 'BRA'),
('STRP000023', 'popruh přírodní bavlna 30 mm', 50.000, 'm', 'BRA'),
('STRP000024', 'popruh královsky modrý POP 10 mm', 50.000, 'm', 'BRA'),
('STRP000025', 'popruh modrý PAD 20 mm', 175.000, 'm', 'BRA'),
('STRP000026', 'popruh blankytně modrý POP 20 mm', 40.000, 'm', 'BRA'),
('STRP000027', 'popruh zářivě oranžový PES 10 mm', 50.000, 'm', 'BRA'),
('STRP000028', 'popruh zářivě oranžový PES 16 mm', 50.000, 'm', 'BRA'),
('STRP000029', 'popruh zářivě oranžový PES 20 mm', 250.000, 'm', 'BRA'),
('STRP000030', 'popruh zářivě oranžový PES 25 mm', 50.000, 'm', 'BRA'),
('STRP000031', 'popruh oranžový PAD 20 mm', 150.000, 'm', 'BRA'),
('STRP000032', 'popruh červený POP 10 mm', 50.000, 'm', 'BRA'),
('STRP000033', 'popruh červený POP 20 mm', 50.000, 'm', 'BRA'),
('STRP000034', 'popruh červený POP 25 mm', 100.000, 'm', 'BRA'),
('STRP000035', 'popruh zářivě zelený PES 10 mm', 50.000, 'm', 'BRA'),
('STRP000036', 'popruh žlutý POP 10 mm', 50.000, 'm', 'BRA'),
('STRP000037', 'popruh tmavě šedý POP 10 mm', 50.000, 'm', 'BRA'),
('STRP000038', 'popruh světle šedý PAD 20 mm', 800.000, 'm', 'BRA'),
('STRP000039', 'popruh desertní PES 20 mm', 300.000, 'm', 'BRA'),
('STRP000040', 'popruh fialový POP 20 mm', 40.000, 'm', 'BRA'),
('STRP000041', 'popruh fialový POP 25 mm', 40.000, 'm', 'BRA'),
('STRP000042', 'popruh khaki bavlna 35 mm', 100.000, 'm', 'BRA'),
('STRP000043', 'popruh pruhovaný č,o,z,m,ž 25 mm', 50.000, 'm', 'BRA'),
('STRP000044', 'popruh pruhovaný š,f,š 30 mm', 50.000, 'm', 'BRA'),
('STRP000045', 'pryžové vlákno černá PES', 150.000, 'm', 'BRA'),
('STRP000046', 'gumolano červené 4mm', 100.000, 'm', 'BRA'),
('STRP000047', 'gumolano černé 4mm', 50.000, 'm', 'BRA'),
('STRP000048', 'oděvní vázačka bílý PES 3,5mm', 150.000, 'm', 'BRA'),
('STRP000049', 'oděvní vázačka černý PES 3,5 mm', 150.000, 'm', 'BRA'),
('STRP000050', 'oděvní vázačka žlutý PES 3,5 mm', 150.000, 'm', 'BRA'),
('STRP000051', 'paracorde modrá 3,5 mm', 100.000, 'm', 'BRA'),
('STRP000052', 'paracorde červený 3,5 mm', 85.250, 'm', 'BRA'),
('STRP000053', 'paracorde černý 3,5 mm', 76.150, 'm', 'BRA'),
('STRP000054', 'automobilové pásy 45mm', 200.000, 'm', 'BRA'),
('STRP000055', 'dutinka zlatá PAD 20 mm', 12.000, 'm', 'BRA'),
('STRP000056', 'suché zipy 10 mm háček', 54.500, 'm', 'BRA'),
('STRP000057', 'suché zipy 10 mm plyš', 4.500, 'm', 'BRA'),
('STRP000058', 'suché zipy 25 mm háček', 75.000, 'm', 'BRA'),
('STRP000059', 'suché zipy 25 mm plyš', 75.000, 'm', 'BRA'),
('STRP000060', 'suché zipy 30 mm háček', 47.650, 'm', 'BRA'),
('STRP000061', 'suché zipy 30 mm plyš', 22.650, 'm', 'BRA'),
('STRP000062', 'suché zipy 50 mm plyš', 0.000, 'm', 'BRA'),
('STRP000063', 'suché zipy 50 mm háček', 0.000, 'm', 'BRA'),
('THRD000001', 'Ultrapoly 30 černá 999', 103490.000, 'm', 'BRA'),
('THRD000002', 'Ultrapoly 30 modrá 549', 27360.000, 'm', 'BRA'),
('THRD000003', 'Ultrapoly 30 světle šedá 882', 62940.000, 'm', 'BRA'),
('THRD000004', 'Ultrapoly 30 žlutá 125', 67700.000, 'm', 'BRA'),
('THRD000005', 'Ultrapoly 30 královská modrá 556', 12000.000, 'm', 'BRA'),
('THRD000006', 'Ultrapoly 30 zářivě růžová 345', 28000.000, 'm', 'BRA'),
('THRD000007', 'Ultrapoly 30 neon oranžová 215', 7630.000, 'm', 'BRA'),
('THRD000008', 'Ultrapoly 30 bílá 001', 56760.000, 'm', 'BRA'),
('THRD000009', 'Ultrapoly 30 modrá podšívka 658', 115800.000, 'm', 'BRA'),
('THRD000010', 'Ultrapoly 30 fialová 458', 16000.000, 'm', 'BRA'),
('THRD000011', 'Ultrapoly 30 přírodní 710', 19960.000, 'm', 'BRA'),
('THRD000012', 'Ultrapoly 30 vínová 344', 35500.000, 'm', 'BRA'),
('THRD000013', 'Ultrapoly 30 červená 337', 7840.000, 'm', 'BRA'),
('THRD000014', 'Ultrapoly 30 tmavě šedá 888', 36000.000, 'm', 'BRA'),
('THRD000015', 'Ultrapoly 30 desertní 1222', 31400.000, 'm', 'BRA'),
('THRD000016', 'Ultrapoly 30 neon žlutá 115', 12000.000, 'm', 'BRA'),
('THRD000017', 'Ultrapoly 30 foxy 273', 16000.000, 'm', 'BRA'),
('THRD000018', 'Ultrapoly 30 khaki', 0.000, 'm', 'BRA');

-- --------------------------------------------------------

--
-- Struktura tabulky `subcommodities`
--

CREATE TABLE `subcommodities` (
  `subcom_code` varchar(5) COLLATE utf8mb4_czech_ci NOT NULL,
  `subcom_name` varchar(25) COLLATE utf8mb4_czech_ci NOT NULL,
  `com_code` varchar(5) COLLATE utf8mb4_czech_ci NOT NULL
) ENGINE=InnoDB DEFAULT CHARSET=utf8mb4 COLLATE=utf8mb4_czech_ci;

--
-- Vypisuji data pro tabulku `subcommodities`
--

INSERT INTO `subcommodities` (`subcom_code`, `subcom_name`, `com_code`) VALUES
('', '', 'FBRK'),
('ACSR', 'Doplňky', 'PROD'),
('ADAC', 'Příslušenství', 'PROD'),
('APPR', 'Oblečení', 'PROD'),
('ASI', 'Látky Asie', 'FBRK'),
('BGPK', 'Batohy', 'PROD'),
('BIKE', 'Kolo', 'PROD'),
('CRD', 'Cordura', 'FBRK'),
('CTN', 'Bavlna', 'FBRK'),
('FNC', 'Funkční látky', 'FBRK'),
('FND', 'Podklad', 'FBRK'),
('LIN', 'Len', 'FBRK'),
('LNG', 'Podšívkovina', 'FBRK'),
('PAR', 'Padákovina', 'FBRK'),
('PES', 'Potisklý PES', 'FBRK'),
('PPS', 'Polyester', 'FBRK'),
('TVK', 'Tyvek', 'FBRK'),
('VCHR', 'Vouchery', 'PROD'),
('WOL', 'Vlna', 'FBRK'),
('XPC', 'X-Pac', 'FBRK');

-- --------------------------------------------------------

--
-- Struktura tabulky `units`
--

CREATE TABLE `units` (
  `unit_code` varchar(5) COLLATE utf8mb4_czech_ci NOT NULL,
  `unit_name` varchar(25) COLLATE utf8mb4_czech_ci NOT NULL
) ENGINE=InnoDB DEFAULT CHARSET=utf8mb4 COLLATE=utf8mb4_czech_ci;

--
-- Vypisuji data pro tabulku `units`
--

INSERT INTO `units` (`unit_code`, `unit_name`) VALUES
('ks', 'kus'),
('m', 'metr'),
('m2', 'metr čtvereční');

--
-- Indexy pro exportované tabulky
--

--
-- Indexy pro tabulku `bom`
--
ALTER TABLE `bom`
  ADD PRIMARY KEY (`product_code`,`part_number`),
  ADD KEY `fk_part_number_bom` (`part_number`);

--
-- Indexy pro tabulku `commodities`
--
ALTER TABLE `commodities`
  ADD PRIMARY KEY (`com_code`);

--
-- Indexy pro tabulku `locations`
--
ALTER TABLE `locations`
  ADD PRIMARY KEY (`location_code`);

--
-- Indexy pro tabulku `material_list`
--
ALTER TABLE `material_list`
  ADD PRIMARY KEY (`part_number`),
  ADD UNIQUE KEY `description` (`description`),
  ADD KEY `fk_com_code_material_list` (`com_code`),
  ADD KEY `fk_subcom_code_material_list` (`subcom_code`),
  ADD KEY `fk_unit_code_material_list` (`unit_code`),
  ADD KEY `part_number` (`part_number`,`unit_code`);

--
-- Indexy pro tabulku `material_width`
--
ALTER TABLE `material_width`
  ADD PRIMARY KEY (`part_number`);

--
-- Indexy pro tabulku `products`
--
ALTER TABLE `products`
  ADD PRIMARY KEY (`product_code`),
  ADD KEY `fk_unit_code_products` (`unit_code`),
  ADD KEY `fk_com_code_products` (`com_code`),
  ADD KEY `fk_subcom_code_products` (`subcom_code`);

--
-- Indexy pro tabulku `soh_pro`
--
ALTER TABLE `soh_pro`
  ADD PRIMARY KEY (`product_code`,`location_code`),
  ADD KEY `fk_location_code_soh_pro` (`location_code`);

--
-- Indexy pro tabulku `stock_on_hand`
--
ALTER TABLE `stock_on_hand`
  ADD PRIMARY KEY (`part_number`,`location_code`),
  ADD KEY `fk_location_code_soh` (`location_code`),
  ADD KEY `fk_description_soh` (`description`),
  ADD KEY `part_number` (`part_number`,`unit_code`);

--
-- Indexy pro tabulku `subcommodities`
--
ALTER TABLE `subcommodities`
  ADD PRIMARY KEY (`subcom_code`),
  ADD KEY `fk_com_code_subcommodities` (`com_code`);

--
-- Indexy pro tabulku `units`
--
ALTER TABLE `units`
  ADD PRIMARY KEY (`unit_code`);

--
-- Omezení pro exportované tabulky
--

--
-- Omezení pro tabulku `bom`
--
ALTER TABLE `bom`
  ADD CONSTRAINT `fk_part_number_bom` FOREIGN KEY (`part_number`) REFERENCES `material_list` (`part_number`) ON UPDATE CASCADE,
  ADD CONSTRAINT `fk_product_code_bom` FOREIGN KEY (`product_code`) REFERENCES `products` (`product_code`) ON UPDATE CASCADE;

--
-- Omezení pro tabulku `material_list`
--
ALTER TABLE `material_list`
  ADD CONSTRAINT `fk_com_code_material_list` FOREIGN KEY (`com_code`) REFERENCES `commodities` (`com_code`) ON UPDATE CASCADE,
  ADD CONSTRAINT `fk_subcom_code_material_list` FOREIGN KEY (`subcom_code`) REFERENCES `subcommodities` (`subcom_code`) ON UPDATE CASCADE,
  ADD CONSTRAINT `fk_unit_code_material_list` FOREIGN KEY (`unit_code`) REFERENCES `units` (`unit_code`) ON UPDATE CASCADE;

--
-- Omezení pro tabulku `material_width`
--
ALTER TABLE `material_width`
  ADD CONSTRAINT `fk_part_number_material_widht` FOREIGN KEY (`part_number`) REFERENCES `material_list` (`part_number`) ON UPDATE CASCADE;

--
-- Omezení pro tabulku `products`
--
ALTER TABLE `products`
  ADD CONSTRAINT `fk_com_code_products` FOREIGN KEY (`com_code`) REFERENCES `commodities` (`com_code`) ON UPDATE CASCADE,
  ADD CONSTRAINT `fk_subcom_code_products` FOREIGN KEY (`subcom_code`) REFERENCES `subcommodities` (`subcom_code`) ON UPDATE CASCADE,
  ADD CONSTRAINT `fk_unit_code_products` FOREIGN KEY (`unit_code`) REFERENCES `units` (`unit_code`) ON UPDATE CASCADE;

--
-- Omezení pro tabulku `soh_pro`
--
ALTER TABLE `soh_pro`
  ADD CONSTRAINT `fk_location_code_soh_pro` FOREIGN KEY (`location_code`) REFERENCES `locations` (`location_code`) ON UPDATE CASCADE,
  ADD CONSTRAINT `fk_product_code_soh_pro` FOREIGN KEY (`product_code`) REFERENCES `products` (`product_code`) ON UPDATE CASCADE;

--
-- Omezení pro tabulku `stock_on_hand`
--
ALTER TABLE `stock_on_hand`
  ADD CONSTRAINT `fk_description_soh` FOREIGN KEY (`description`) REFERENCES `material_list` (`description`) ON UPDATE CASCADE,
  ADD CONSTRAINT `fk_location_code_soh` FOREIGN KEY (`location_code`) REFERENCES `locations` (`location_code`) ON UPDATE CASCADE,
  ADD CONSTRAINT `fk_pn_uc_soh` FOREIGN KEY (`part_number`,`unit_code`) REFERENCES `material_list` (`part_number`, `unit_code`) ON UPDATE CASCADE;

--
-- Omezení pro tabulku `subcommodities`
--
ALTER TABLE `subcommodities`
  ADD CONSTRAINT `fk_com_code_subcommodities` FOREIGN KEY (`com_code`) REFERENCES `commodities` (`com_code`) ON UPDATE CASCADE;
COMMIT;

/*!40101 SET CHARACTER_SET_CLIENT=@OLD_CHARACTER_SET_CLIENT */;
/*!40101 SET CHARACTER_SET_RESULTS=@OLD_CHARACTER_SET_RESULTS */;
/*!40101 SET COLLATION_CONNECTION=@OLD_COLLATION_CONNECTION */;
