-- phpMyAdmin SQL Dump
-- version 5.2.1
-- https://www.phpmyadmin.net/
--
-- Počítač: bbw4qewc3ugqfkyjwwoe-mysql.services.clever-cloud.com:3306
-- Vytvořeno: Čtv 13. čen 2024, 18:59
-- Verze serveru: 8.0.22-13
-- Verze PHP: 8.3.7

SET SQL_MODE = "NO_AUTO_VALUE_ON_ZERO";
START TRANSACTION;
SET time_zone = "+00:00";


/*!40101 SET @OLD_CHARACTER_SET_CLIENT=@@CHARACTER_SET_CLIENT */;
/*!40101 SET @OLD_CHARACTER_SET_RESULTS=@@CHARACTER_SET_RESULTS */;
/*!40101 SET @OLD_COLLATION_CONNECTION=@@COLLATION_CONNECTION */;
/*!40101 SET NAMES utf8mb4 */;

--
-- Databáze: `bbw4qewc3ugqfkyjwwoe`
--

-- --------------------------------------------------------

--
-- Struktura tabulky `bom`
--

CREATE TABLE `bom` (
  `product_code` varchar(10) COLLATE utf8mb4_czech_ci NOT NULL,
  `part_number` varchar(10) COLLATE utf8mb4_czech_ci NOT NULL,
  `usage` decimal(10,3) NOT NULL
) ENGINE=InnoDB DEFAULT CHARSET=utf8mb4 COLLATE=utf8mb4_czech_ci;

--
-- Vypisuji data pro tabulku `bom`
--

INSERT INTO `bom` (`product_code`, `part_number`, `usage`) VALUES
('ACSR000001', 'BRND000001', 1.000),
('ACSR000001', 'BRND000003', 2.000),
('ACSR000001', 'FBRK000017', 0.000),
('ACSR000001', 'FBRK000086', 0.000),
('ACSR000001', 'HRDW000016', 2.000),
('ACSR000001', 'HRDW000018', 0.850),
('ACSR000001', 'HRDW000019', 2.000),
('ACSR000001', 'HRDW000021', 1.000),
('ACSR000001', 'HRDW000029', 1.000),
('ACSR000001', 'HRDW000042', 1.000),
('ACSR000001', 'PCKG000001', 1.000),
('ACSR000001', 'PCKG000002', 1.000),
('ACSR000001', 'STRP000001', 0.800),
('ACSR000001', 'STRP000005', 1.600),
('ACSR000001', 'STRP000006', 0.100),
('ACSR000001', 'STRP000053', 0.450),
('ACSR000001', 'STRP000054', 0.640),
('ACSR000001', 'THRD000001', 0.000),
('ACSR000001', 'THRD000007', 0.000),
('ACSR000002', 'BRND000001', 1.000),
('ACSR000002', 'BRND000003', 2.000),
('ACSR000002', 'FBRK000012', 0.000),
('ACSR000002', 'FBRK000088', 0.000),
('ACSR000002', 'HRDW000016', 2.000),
('ACSR000002', 'HRDW000018', 0.850),
('ACSR000002', 'HRDW000019', 2.000),
('ACSR000002', 'HRDW000021', 1.000),
('ACSR000002', 'HRDW000029', 1.000),
('ACSR000002', 'HRDW000042', 1.000),
('ACSR000002', 'PCKG000001', 1.000),
('ACSR000002', 'PCKG000002', 1.000),
('ACSR000002', 'STRP000001', 0.800),
('ACSR000002', 'STRP000005', 1.600),
('ACSR000002', 'STRP000006', 0.100),
('ACSR000002', 'STRP000053', 0.450),
('ACSR000002', 'STRP000054', 0.640),
('ACSR000002', 'THRD000001', 0.000),
('ACSR000002', 'THRD000004', 0.000),
('ACSR000003', 'BRND000001', 1.000),
('ACSR000003', 'BRND000003', 2.000),
('ACSR000003', 'FBRK000017', 0.000),
('ACSR000003', 'FBRK000087', 0.000),
('ACSR000003', 'HRDW000016', 2.000),
('ACSR000003', 'HRDW000018', 0.850),
('ACSR000003', 'HRDW000019', 2.000),
('ACSR000003', 'HRDW000021', 1.000),
('ACSR000003', 'HRDW000029', 1.000),
('ACSR000003', 'HRDW000042', 1.000),
('ACSR000003', 'PCKG000001', 1.000),
('ACSR000003', 'PCKG000002', 1.000),
('ACSR000003', 'STRP000001', 0.800),
('ACSR000003', 'STRP000005', 1.600),
('ACSR000003', 'STRP000006', 0.100),
('ACSR000003', 'STRP000053', 0.450),
('ACSR000003', 'STRP000054', 0.640),
('ACSR000003', 'THRD000007', 0.000),
('ACSR000003', 'THRD000010', 0.000),
('ACSR000004', 'BRND000001', 1.000),
('ACSR000004', 'FBRK000017', 0.000),
('ACSR000004', 'FBRK000069', 0.000),
('ACSR000004', 'FBRK000086', 0.000),
('ACSR000004', 'HRDW000015', 4.000),
('ACSR000004', 'HRDW000018', 0.380),
('ACSR000004', 'HRDW000020', 1.000),
('ACSR000004', 'HRDW000049', 1.000),
('ACSR000004', 'HRDW000050', 1.000),
('ACSR000004', 'PCKG000001', 1.000),
('ACSR000004', 'PCKG000002', 1.000),
('ACSR000004', 'STRP000002', 0.400),
('ACSR000004', 'STRP000004', 0.600),
('ACSR000004', 'STRP000006', 0.300),
('ACSR000004', 'STRP000047', 0.250),
('ACSR000004', 'STRP000053', 0.160),
('ACSR000004', 'THRD000001', 0.000),
('ACSR000004', 'THRD000007', 0.000),
('ACSR000005', 'BRND000001', 1.000),
('ACSR000005', 'FBRK000012', 0.000),
('ACSR000005', 'FBRK000069', 0.000),
('ACSR000005', 'FBRK000088', 0.000),
('ACSR000005', 'HRDW000015', 4.000),
('ACSR000005', 'HRDW000018', 0.380),
('ACSR000005', 'HRDW000020', 1.000),
('ACSR000005', 'HRDW000049', 1.000),
('ACSR000005', 'HRDW000050', 1.000),
('ACSR000005', 'PCKG000001', 1.000),
('ACSR000005', 'PCKG000002', 1.000),
('ACSR000005', 'STRP000002', 0.400),
('ACSR000005', 'STRP000004', 0.600),
('ACSR000005', 'STRP000006', 0.300),
('ACSR000005', 'STRP000047', 0.250),
('ACSR000005', 'STRP000053', 0.160),
('ACSR000005', 'THRD000001', 0.000),
('ACSR000005', 'THRD000004', 0.000),
('ACSR000006', 'BRND000001', 1.000),
('ACSR000006', 'FBRK000017', 0.000),
('ACSR000006', 'FBRK000069', 0.000),
('ACSR000006', 'FBRK000087', 0.000),
('ACSR000006', 'HRDW000015', 4.000),
('ACSR000006', 'HRDW000018', 0.380),
('ACSR000006', 'HRDW000020', 1.000),
('ACSR000006', 'HRDW000049', 1.000),
('ACSR000006', 'HRDW000050', 1.000),
('ACSR000006', 'PCKG000001', 1.000),
('ACSR000006', 'PCKG000002', 1.000),
('ACSR000006', 'STRP000002', 0.400),
('ACSR000006', 'STRP000004', 0.600),
('ACSR000006', 'STRP000006', 0.300),
('ACSR000006', 'STRP000047', 0.250),
('ACSR000006', 'STRP000053', 0.160),
('ACSR000006', 'THRD000001', 0.000),
('ACSR000006', 'THRD000007', 0.000),
('ACSR000007', 'BRND000001', 1.000),
('ACSR000007', 'BRND000003', 1.000),
('ACSR000007', 'FBRK000100', 0.000),
('ACSR000007', 'HRDW000021', 1.000),
('ACSR000007', 'HRDW000091', 8.000),
('ACSR000007', 'PCKG000001', 1.000),
('ACSR000007', 'PCKG000002', 1.000),
('ACSR000007', 'STRP000006', 0.450),
('ACSR000007', 'STRP000015', 2.200),
('ACSR000007', 'THRD000001', 0.000),
('ACSR000008', 'BRND000001', 1.000),
('ACSR000008', 'BRND000003', 1.000),
('ACSR000008', 'FBRK000104', 0.000),
('ACSR000008', 'HRDW000021', 1.000),
('ACSR000008', 'HRDW000091', 8.000),
('ACSR000008', 'PCKG000001', 1.000),
('ACSR000008', 'PCKG000002', 1.000),
('ACSR000008', 'STRP000015', 2.200),
('ACSR000008', 'THRD000011', 0.000),
('ACSR000009', 'FBRK000017', 0.000),
('ACSR000009', 'FBRK000043', 0.000),
('ACSR000009', 'HRDW000018', 0.400),
('ACSR000009', 'HRDW000019', 1.000),
('ACSR000009', 'LTHR000004', 0.000),
('ACSR000009', 'PCKG000001', 0.000),
('ACSR000009', 'PCKG000002', 1.000),
('ACSR000009', 'STRP000004', 0.300),
('ACSR000009', 'STRP000006', 0.800),
('ACSR000009', 'STRP000053', 0.250),
('ACSR000009', 'THRD000001', 0.000),
('ACSR000009', 'THRD000007', 0.000),
('ACSR000010', 'FBRK000017', 0.000),
('ACSR000010', 'FBRK000044', 0.000),
('ACSR000010', 'HRDW000018', 0.400),
('ACSR000010', 'HRDW000019', 1.000),
('ACSR000010', 'LTHR000004', 0.000),
('ACSR000010', 'PCKG000001', 0.000),
('ACSR000010', 'PCKG000002', 1.000),
('ACSR000010', 'STRP000004', 0.300),
('ACSR000010', 'STRP000006', 0.800),
('ACSR000010', 'STRP000053', 0.250),
('ACSR000010', 'THRD000001', 0.000),
('ACSR000010', 'THRD000007', 0.000),
('ACSR000010', 'THRD000018', 0.000),
('ACSR000011', 'BRND000001', 1.000),
('ACSR000011', 'FBRK000014', 0.000),
('ACSR000011', 'FBRK000069', 0.000),
('ACSR000011', 'HRDW000018', 0.800),
('ACSR000011', 'HRDW000019', 2.000),
('ACSR000011', 'HRDW000021', 1.000),
('ACSR000011', 'HRDW000029', 1.000),
('ACSR000011', 'PCKG000001', 1.000),
('ACSR000011', 'PCKG000002', 1.000),
('ACSR000011', 'STRP000002', 0.180),
('ACSR000011', 'STRP000005', 1.300),
('ACSR000011', 'STRP000009', 0.130),
('ACSR000011', 'STRP000052', 0.250),
('ACSR000011', 'THRD000001', 0.000),
('ACSR000011', 'THRD000009', 0.000),
('ACSR000012', 'BRND000001', 1.000),
('ACSR000012', 'FBRK000014', 0.000),
('ACSR000012', 'HRDW000018', 0.800),
('ACSR000012', 'HRDW000019', 2.000),
('ACSR000012', 'HRDW000021', 1.000),
('ACSR000012', 'HRDW000029', 1.000),
('ACSR000012', 'PCKG000001', 1.000),
('ACSR000012', 'PCKG000002', 1.000),
('ACSR000012', 'STRP000002', 0.180),
('ACSR000012', 'STRP000005', 1.300),
('ACSR000012', 'STRP000009', 0.130),
('ACSR000012', 'STRP000052', 0.250),
('ACSR000012', 'THRD000009', 0.000),
('ACSR000012', 'THRD000014', 0.000),
('ACSR000013', 'BRND000001', 1.000),
('ACSR000013', 'FBRK000014', 0.000),
('ACSR000013', 'FBRK000071', 0.000),
('ACSR000013', 'HRDW000018', 0.800),
('ACSR000013', 'HRDW000019', 2.000),
('ACSR000013', 'HRDW000021', 1.000),
('ACSR000013', 'HRDW000029', 1.000),
('ACSR000013', 'PCKG000001', 1.000),
('ACSR000013', 'PCKG000002', 1.000),
('ACSR000013', 'STRP000002', 0.180),
('ACSR000013', 'STRP000005', 1.300),
('ACSR000013', 'STRP000009', 0.130),
('ACSR000013', 'STRP000052', 0.250),
('ACSR000013', 'THRD000002', 0.000),
('ACSR000013', 'THRD000009', 0.000),
('ACSR000014', 'BRND000001', 1.000),
('ACSR000014', 'FBRK000013', 0.000),
('ACSR000014', 'FBRK000083', 0.000),
('ACSR000014', 'HRDW000018', 0.800),
('ACSR000014', 'HRDW000019', 2.000),
('ACSR000014', 'HRDW000021', 1.000),
('ACSR000014', 'HRDW000029', 1.000),
('ACSR000014', 'PCKG000001', 1.000),
('ACSR000014', 'PCKG000002', 1.000),
('ACSR000014', 'STRP000002', 0.180),
('ACSR000014', 'STRP000005', 1.300),
('ACSR000014', 'STRP000009', 0.130),
('ACSR000014', 'STRP000052', 0.250),
('ACSR000014', 'THRD000003', 0.000),
('ACSR000014', 'THRD000018', 0.000),
('ACSR000015', 'BRND000001', 1.000),
('ACSR000015', 'FBRK000012', 0.000),
('ACSR000015', 'FBRK000073', 0.000),
('ACSR000015', 'HRDW000018', 0.800),
('ACSR000015', 'HRDW000019', 2.000),
('ACSR000015', 'HRDW000021', 1.000),
('ACSR000015', 'HRDW000029', 1.000),
('ACSR000015', 'PCKG000001', 1.000),
('ACSR000015', 'PCKG000002', 1.000),
('ACSR000015', 'STRP000002', 0.180),
('ACSR000015', 'STRP000005', 1.300),
('ACSR000015', 'STRP000009', 0.130),
('ACSR000015', 'STRP000052', 0.250),
('ACSR000015', 'THRD000004', 0.000),
('ACSR000016', 'BRND000001', 1.000),
('ACSR000016', 'FBRK000016', 0.000),
('ACSR000016', 'FBRK000081', 0.000),
('ACSR000016', 'HRDW000018', 0.800),
('ACSR000016', 'HRDW000019', 2.000),
('ACSR000016', 'HRDW000021', 1.000),
('ACSR000016', 'HRDW000029', 1.000),
('ACSR000016', 'PCKG000001', 1.000),
('ACSR000016', 'PCKG000002', 1.000),
('ACSR000016', 'STRP000002', 0.180),
('ACSR000016', 'STRP000005', 1.300),
('ACSR000016', 'STRP000009', 0.130),
('ACSR000016', 'STRP000052', 0.250),
('ACSR000016', 'THRD000003', 0.000),
('ACSR000016', 'THRD000016', 0.000),
('ACSR000017', 'BRND000001', 1.000),
('ACSR000017', 'FBRK000013', 0.000),
('ACSR000017', 'FBRK000085', 0.000),
('ACSR000017', 'HRDW000018', 0.800),
('ACSR000017', 'HRDW000019', 2.000),
('ACSR000017', 'HRDW000021', 1.000),
('ACSR000017', 'HRDW000029', 1.000),
('ACSR000017', 'PCKG000001', 1.000),
('ACSR000017', 'PCKG000002', 1.000),
('ACSR000017', 'STRP000002', 0.180),
('ACSR000017', 'STRP000005', 1.300),
('ACSR000017', 'STRP000009', 0.130),
('ACSR000017', 'STRP000052', 0.250),
('ACSR000017', 'THRD000003', 0.000),
('ACSR000017', 'THRD000015', 0.000),
('ACSR000018', 'BRND000001', 1.000),
('ACSR000018', 'BRND000003', 1.000),
('ACSR000018', 'FBRK000015', 0.900),
('ACSR000018', 'FBRK000033', 0.000),
('ACSR000018', 'FBRK000069', 0.190),
('ACSR000018', 'HRDW000018', 0.000),
('ACSR000018', 'HRDW000019', 2.000),
('ACSR000018', 'HRDW000058', 1.000),
('ACSR000018', 'PCKG000001', 1.000),
('ACSR000018', 'PCKG000002', 1.000),
('ACSR000018', 'STRP000002', 0.250),
('ACSR000018', 'STRP000004', 0.400),
('ACSR000018', 'STRP000053', 0.250),
('ACSR000018', 'THRD000001', 0.000),
('ACSR000019', 'BRND000003', 2.000),
('ACSR000019', 'FBRK000013', 0.000),
('ACSR000019', 'FBRK000036', 0.000),
('ACSR000019', 'HRDW000010', 1.000),
('ACSR000019', 'PCKG000001', 1.000),
('ACSR000019', 'PCKG000002', 1.000),
('ACSR000019', 'STRP000003', 9.300),
('ACSR000019', 'THRD000001', 0.000),
('ACSR000019', 'THRD000003', 0.000),
('ACSR000020', 'BRND000003', 2.000),
('ACSR000020', 'FBRK000017', 0.000),
('ACSR000020', 'FBRK000036', 0.000),
('ACSR000020', 'HRDW000010', 1.000),
('ACSR000020', 'PCKG000001', 1.000),
('ACSR000020', 'PCKG000002', 1.000),
('ACSR000020', 'STRP000003', 9.300),
('ACSR000020', 'THRD000001', 0.000),
('ACSR000020', 'THRD000007', 0.000),
('ACSR000021', 'BRND000003', 2.000),
('ACSR000021', 'FBRK000016', 0.000),
('ACSR000021', 'FBRK000038', 0.000),
('ACSR000021', 'HRDW000010', 1.000),
('ACSR000021', 'PCKG000001', 0.000),
('ACSR000021', 'PCKG000002', 1.000),
('ACSR000021', 'STRP000003', 9.300),
('ACSR000022', 'BRND000003', 2.000),
('ACSR000022', 'FBRK000017', 0.000),
('ACSR000022', 'FBRK000038', 0.000),
('ACSR000022', 'HRDW000010', 1.000),
('ACSR000022', 'PCKG000001', 0.000),
('ACSR000022', 'PCKG000002', 1.000),
('ACSR000022', 'STRP000003', 9.300),
('ACSR000023', 'BRND000003', 2.000),
('ACSR000023', 'FBRK000013', 0.000),
('ACSR000023', 'FBRK000037', 0.000),
('ACSR000023', 'PCKG000001', 0.000),
('ACSR000023', 'PCKG000002', 1.000),
('ACSR000023', 'STRP000003', 9.300),
('ACSR000023', 'THRD000003', 0.000),
('ACSR000023', 'THRD000018', 0.000),
('ACSR000024', 'BRND000003', 2.000),
('ACSR000024', 'FBRK000017', 0.000),
('ACSR000024', 'FBRK000037', 0.000),
('ACSR000024', 'HRDW000010', 1.000),
('ACSR000024', 'PCKG000001', 0.000),
('ACSR000024', 'PCKG000002', 1.000),
('ACSR000024', 'STRP000003', 9.300),
('ACSR000024', 'THRD000007', 0.000),
('ACSR000024', 'THRD000018', 0.000),
('ACSR000025', 'BRND000001', 1.000),
('ACSR000025', 'FBRK000046', 0.000),
('ACSR000025', 'HRDW000001', 1.000),
('ACSR000025', 'HRDW000002', 1.000),
('ACSR000025', 'HRDW000018', 0.250),
('ACSR000025', 'HRDW000019', 1.000),
('ACSR000025', 'PCKG000001', 1.000),
('ACSR000025', 'PCKG000002', 1.000),
('ACSR000025', 'STRP000004', 0.100),
('ACSR000025', 'STRP000006', 0.750),
('ACSR000025', 'STRP000036', 0.150),
('ACSR000025', 'STRP000052', 0.150),
('ACSR000025', 'THRD000001', 0.000),
('ACSR000026', 'BRND000001', 1.000),
('ACSR000026', 'FBRK000061', 0.000),
('ACSR000026', 'HRDW000001', 1.000),
('ACSR000026', 'HRDW000002', 1.000),
('ACSR000026', 'HRDW000018', 0.250),
('ACSR000026', 'HRDW000019', 1.000),
('ACSR000026', 'PCKG000001', 1.000),
('ACSR000026', 'PCKG000002', 1.000),
('ACSR000026', 'STRP000004', 0.100),
('ACSR000026', 'STRP000006', 0.750),
('ACSR000026', 'STRP000036', 0.150),
('ACSR000026', 'STRP000052', 0.150),
('ACSR000026', 'THRD000018', 0.000),
('ACSR000027', 'BRND000001', 1.000),
('ACSR000027', 'FBRK000063', 0.000),
('ACSR000027', 'HRDW000001', 1.000),
('ACSR000027', 'HRDW000002', 1.000),
('ACSR000027', 'HRDW000018', 0.250),
('ACSR000027', 'HRDW000019', 1.000),
('ACSR000027', 'PCKG000001', 1.000),
('ACSR000027', 'PCKG000002', 1.000),
('ACSR000027', 'STRP000004', 0.100),
('ACSR000027', 'STRP000006', 0.750),
('ACSR000027', 'STRP000036', 0.150),
('ACSR000027', 'STRP000052', 0.150),
('ACSR000027', 'THRD000010', 0.000),
('ACSR000028', 'BRND000002', 1.000),
('ACSR000028', 'FBRK000116', 0.000),
('ACSR000028', 'HRDW000018', 0.400),
('ACSR000028', 'HRDW000019', 1.000),
('ACSR000028', 'PCKG000001', 1.000),
('ACSR000028', 'PCKG000002', 1.000),
('ACSR000028', 'STRP000029', 0.400),
('ACSR000028', 'THRD000001', 0.000),
('ACSR000028', 'THRD000008', 0.000),
('ACSR000029', 'BRND000002', 1.000),
('ACSR000029', 'FBRK000069', 0.000),
('ACSR000029', 'FBRK000116', 0.000),
('ACSR000029', 'HRDW000018', 0.250),
('ACSR000029', 'HRDW000019', 1.000),
('ACSR000029', 'PCKG000001', 1.000),
('ACSR000029', 'PCKG000002', 1.000),
('ACSR000029', 'PCKG000003', 1.000),
('ACSR000029', 'PCKG000004', 0.350),
('ACSR000029', 'PCKG000005', 1.000),
('ACSR000029', 'PCKG000006', 1.000),
('ACSR000029', 'STRP000029', 0.080),
('ACSR000029', 'THRD000001', 0.000),
('ACSR000029', 'THRD000008', 0.000),
('ACSR000030', 'BRND000002', 1.000),
('ACSR000030', 'FBRK000069', 0.000),
('ACSR000030', 'FBRK000116', 0.000),
('ACSR000030', 'HRDW000018', 0.300),
('ACSR000030', 'HRDW000019', 1.000),
('ACSR000030', 'PCKG000001', 1.000),
('ACSR000030', 'PCKG000002', 1.000),
('ACSR000030', 'PCKG000003', 1.000),
('ACSR000030', 'PCKG000004', 1.300),
('ACSR000030', 'PCKG000005', 1.000),
('ACSR000030', 'PCKG000006', 1.000),
('ACSR000030', 'STRP000029', 0.080),
('ACSR000030', 'THRD000001', 0.000),
('ACSR000030', 'THRD000008', 0.000),
('ACSR000031', 'BRND000002', 1.000),
('ACSR000031', 'FBRK000069', 0.000),
('ACSR000031', 'FBRK000116', 0.000),
('ACSR000031', 'HRDW000018', 0.300),
('ACSR000031', 'HRDW000019', 1.000),
('ACSR000031', 'PCKG000001', 1.000),
('ACSR000031', 'PCKG000002', 1.000),
('ACSR000031', 'PCKG000003', 1.000),
('ACSR000031', 'PCKG000004', 1.300),
('ACSR000031', 'PCKG000005', 1.000),
('ACSR000031', 'PCKG000006', 1.000),
('ACSR000031', 'STRP000029', 0.080),
('ACSR000031', 'THRD000001', 0.000),
('ACSR000031', 'THRD000008', 0.000),
('ACSR000032', 'BRND000001', 1.000),
('ACSR000032', 'FBRK000015', 0.900),
('ACSR000032', 'FBRK000033', 0.000),
('ACSR000032', 'FBRK000069', 0.190),
('ACSR000032', 'HRDW000018', 0.800),
('ACSR000032', 'HRDW000019', 1.000),
('ACSR000032', 'PCKG000001', 1.000),
('ACSR000032', 'PCKG000002', 1.000),
('ACSR000032', 'PCKG000003', 1.000),
('ACSR000032', 'PCKG000004', 1.300),
('ACSR000032', 'PCKG000005', 1.000),
('ACSR000032', 'PCKG000006', 1.000),
('ACSR000032', 'STRP000004', 1.350),
('ACSR000032', 'STRP000006', 0.750),
('ACSR000032', 'STRP000036', 0.150),
('ACSR000032', 'STRP000052', 0.000),
('ACSR000032', 'THRD000001', 100.000),
('ACSR000032', 'THRD000008', 20.000),
('ACSR000032', 'THRD000011', 0.000),
('ACSR000033', 'BRND000002', 1.000),
('ACSR000033', 'FBRK000116', 0.000),
('ACSR000033', 'HRDW000001', 1.000),
('ACSR000033', 'HRDW000002', 1.000),
('ACSR000033', 'PCKG000001', 1.000),
('ACSR000033', 'PCKG000002', 1.000),
('ACSR000033', 'PCKG000003', 1.000),
('ACSR000033', 'PCKG000004', 1.300),
('ACSR000033', 'PCKG000005', 1.000),
('ACSR000033', 'PCKG000006', 1.000),
('ACSR000033', 'STRP000004', 0.200),
('ACSR000033', 'THRD000001', 0.000),
('ACSR000033', 'THRD000008', 0.000),
('ACSR000034', 'BRND000001', 1.000),
('ACSR000034', 'FBRK000015', 0.900),
('ACSR000034', 'FBRK000033', 0.000),
('ACSR000034', 'FBRK000069', 0.190),
('ACSR000034', 'HRDW000018', 0.800),
('ACSR000034', 'HRDW000019', 1.000),
('ACSR000034', 'PCKG000001', 1.000),
('ACSR000034', 'PCKG000002', 1.000),
('ACSR000034', 'PCKG000003', 1.000),
('ACSR000034', 'PCKG000004', 1.300),
('ACSR000034', 'PCKG000005', 1.000),
('ACSR000034', 'PCKG000006', 1.000),
('ACSR000034', 'STRP000004', 1.350),
('ACSR000034', 'STRP000006', 0.750),
('ACSR000034', 'STRP000036', 0.150),
('ACSR000034', 'STRP000052', 0.000),
('ACSR000034', 'THRD000001', 100.000),
('ACSR000034', 'THRD000008', 20.000),
('ACSR000034', 'THRD000011', 0.000),
('ACSR000035', 'BRND000001', 1.000),
('ACSR000035', 'FBRK000015', 0.900),
('ACSR000035', 'FBRK000033', 0.000),
('ACSR000035', 'FBRK000069', 0.190),
('ACSR000035', 'HRDW000018', 0.800),
('ACSR000035', 'HRDW000019', 1.000),
('ACSR000035', 'PCKG000001', 1.000),
('ACSR000035', 'PCKG000002', 1.000),
('ACSR000035', 'PCKG000003', 1.000),
('ACSR000035', 'PCKG000004', 1.300),
('ACSR000035', 'PCKG000005', 1.000),
('ACSR000035', 'PCKG000006', 1.000),
('ACSR000035', 'STRP000004', 1.350),
('ACSR000035', 'STRP000006', 0.750),
('ACSR000035', 'STRP000036', 0.150),
('ACSR000035', 'STRP000052', 0.000),
('ACSR000035', 'THRD000001', 100.000),
('ACSR000035', 'THRD000008', 20.000),
('ACSR000035', 'THRD000011', 0.000),
('ACSR000036', 'BRND000001', 1.000),
('ACSR000036', 'FBRK000015', 0.900),
('ACSR000036', 'FBRK000033', 0.000),
('ACSR000036', 'FBRK000069', 0.190),
('ACSR000036', 'HRDW000018', 0.800),
('ACSR000036', 'HRDW000019', 1.000),
('ACSR000036', 'PCKG000001', 1.000),
('ACSR000036', 'PCKG000002', 1.000),
('ACSR000036', 'PCKG000003', 1.000),
('ACSR000036', 'PCKG000004', 1.300),
('ACSR000036', 'PCKG000005', 1.000),
('ACSR000036', 'PCKG000006', 1.000),
('ACSR000036', 'STRP000004', 1.350),
('ACSR000036', 'STRP000006', 0.750),
('ACSR000036', 'STRP000036', 0.150),
('ACSR000036', 'STRP000052', 0.000),
('ACSR000036', 'THRD000001', 100.000),
('ACSR000036', 'THRD000008', 20.000),
('ACSR000036', 'THRD000011', 0.000),
('ACSR000037', 'BRND000001', 1.000),
('ACSR000037', 'FBRK000015', 0.900),
('ACSR000037', 'FBRK000033', 0.000),
('ACSR000037', 'FBRK000069', 0.190),
('ACSR000037', 'HRDW000018', 0.800),
('ACSR000037', 'HRDW000019', 1.000),
('ACSR000037', 'PCKG000001', 1.000),
('ACSR000037', 'PCKG000002', 1.000),
('ACSR000037', 'PCKG000003', 1.000),
('ACSR000037', 'PCKG000004', 1.300),
('ACSR000037', 'PCKG000005', 1.000),
('ACSR000037', 'PCKG000006', 1.000),
('ACSR000037', 'STRP000004', 1.350),
('ACSR000037', 'STRP000006', 0.750),
('ACSR000037', 'STRP000036', 0.150),
('ACSR000037', 'STRP000052', 0.000),
('ACSR000037', 'THRD000001', 100.000),
('ACSR000037', 'THRD000008', 20.000),
('ACSR000037', 'THRD000011', 0.000),
('ACSR000038', 'BRND000001', 1.000),
('ACSR000038', 'FBRK000015', 0.900),
('ACSR000038', 'FBRK000033', 0.000),
('ACSR000038', 'FBRK000069', 0.190),
('ACSR000038', 'HRDW000018', 0.800),
('ACSR000038', 'HRDW000019', 1.000),
('ACSR000038', 'PCKG000001', 1.000),
('ACSR000038', 'PCKG000002', 1.000),
('ACSR000038', 'PCKG000003', 1.000),
('ACSR000038', 'PCKG000004', 1.300),
('ACSR000038', 'PCKG000005', 1.000),
('ACSR000038', 'PCKG000006', 1.000),
('ACSR000038', 'STRP000004', 1.350),
('ACSR000038', 'STRP000006', 0.750),
('ACSR000038', 'STRP000036', 0.150),
('ACSR000038', 'STRP000052', 0.000),
('ACSR000038', 'THRD000001', 100.000),
('ACSR000038', 'THRD000008', 20.000),
('ACSR000038', 'THRD000011', 0.000),
('ACSR000039', 'BRND000001', 1.000),
('ACSR000039', 'FBRK000017', 0.000),
('ACSR000039', 'FBRK000086', 0.000),
('ACSR000039', 'FLNG000003', 0.000),
('ACSR000039', 'HRDW000022', 2.000),
('ACSR000039', 'HRDW000025', 2.000),
('ACSR000039', 'HRDW000049', 1.000),
('ACSR000039', 'HRDW000050', 1.000),
('ACSR000039', 'HRDW000092', 2.000),
('ACSR000039', 'PCKG000001', 1.000),
('ACSR000039', 'PCKG000002', 1.000),
('ACSR000039', 'STRP000002', 0.600),
('ACSR000039', 'STRP000003', 0.800),
('ACSR000039', 'STRP000004', 0.800),
('ACSR000039', 'STRP000006', 1.000),
('ACSR000039', 'STRP000046', 0.460),
('ACSR000039', 'STRP000053', 1.100),
('ACSR000039', 'THRD000001', 0.000),
('ACSR000039', 'THRD000007', 0.000),
('ACSR000040', 'BRND000001', 1.000),
('ACSR000040', 'FBRK000012', 0.000),
('ACSR000040', 'FBRK000088', 0.000),
('ACSR000040', 'FLNG000003', 0.000),
('ACSR000040', 'HRDW000022', 2.000),
('ACSR000040', 'HRDW000025', 2.000),
('ACSR000040', 'HRDW000049', 1.000),
('ACSR000040', 'HRDW000050', 1.000),
('ACSR000040', 'HRDW000092', 2.000),
('ACSR000040', 'PCKG000001', 1.000),
('ACSR000040', 'PCKG000002', 1.000),
('ACSR000040', 'STRP000002', 0.600),
('ACSR000040', 'STRP000003', 0.800),
('ACSR000040', 'STRP000004', 0.800),
('ACSR000040', 'STRP000006', 1.000),
('ACSR000040', 'STRP000047', 0.460),
('ACSR000040', 'STRP000053', 1.100),
('ACSR000040', 'THRD000004', 0.000),
('ACSR000041', 'BRND000001', 1.000),
('ACSR000041', 'FBRK000017', 0.000),
('ACSR000041', 'FBRK000087', 0.000),
('ACSR000041', 'FLNG000003', 0.000),
('ACSR000041', 'HRDW000022', 2.000),
('ACSR000041', 'HRDW000025', 2.000),
('ACSR000041', 'HRDW000049', 1.000),
('ACSR000041', 'HRDW000050', 1.000),
('ACSR000041', 'HRDW000092', 2.000),
('ACSR000041', 'PCKG000001', 1.000),
('ACSR000041', 'PCKG000002', 1.000),
('ACSR000041', 'STRP000002', 0.600),
('ACSR000041', 'STRP000003', 0.800),
('ACSR000041', 'STRP000004', 0.800),
('ACSR000041', 'STRP000006', 1.000),
('ACSR000041', 'STRP000047', 0.460),
('ACSR000041', 'STRP000053', 1.100),
('ACSR000041', 'THRD000007', 0.000),
('ACSR000041', 'THRD000010', 0.000),
('ACSR000042', 'BRND000001', 1.000),
('ACSR000042', 'BRND000003', 1.000),
('ACSR000042', 'FBRK000017', 0.000),
('ACSR000042', 'FBRK000033', 0.000),
('ACSR000042', 'FBRK000043', 0.000),
('ACSR000042', 'HRDW000021', 1.000),
('ACSR000042', 'HRDW000088', 1.000),
('ACSR000042', 'HRDW000092', 1.000),
('ACSR000042', 'LTHR000004', 0.000),
('ACSR000042', 'PCKG000001', 1.000),
('ACSR000042', 'PCKG000002', 1.000),
('ACSR000042', 'STRP000005', 3.500),
('ACSR000042', 'STRP000053', 2.000),
('ACSR000042', 'THRD000001', 0.000),
('ACSR000042', 'THRD000007', 0.000),
('ACSR000043', 'BRND000001', 1.000),
('ACSR000043', 'BRND000003', 1.000),
('ACSR000043', 'FBRK000017', 0.000),
('ACSR000043', 'FBRK000033', 0.000),
('ACSR000043', 'FBRK000044', 0.000),
('ACSR000043', 'HRDW000021', 1.000),
('ACSR000043', 'HRDW000088', 1.000),
('ACSR000043', 'HRDW000092', 1.000),
('ACSR000043', 'LTHR000004', 0.000),
('ACSR000043', 'PCKG000001', 1.000),
('ACSR000043', 'PCKG000002', 1.000),
('ACSR000043', 'STRP000005', 3.500),
('ACSR000043', 'STRP000053', 2.000),
('ACSR000043', 'THRD000001', 0.000),
('ACSR000043', 'THRD000007', 0.000),
('ACSR000043', 'THRD000018', 1.000),
('ACSR000044', 'BRND000001', 1.000),
('ACSR000044', 'FBRK000017', 0.000),
('ACSR000044', 'FBRK000054', 0.000),
('ACSR000044', 'FLNG000003', 0.000),
('ACSR000044', 'HRDW000022', 2.000),
('ACSR000044', 'HRDW000025', 2.000),
('ACSR000044', 'HRDW000049', 1.000),
('ACSR000044', 'HRDW000050', 1.000),
('ACSR000044', 'HRDW000092', 2.000),
('ACSR000044', 'PCKG000001', 1.000),
('ACSR000044', 'PCKG000002', 1.000),
('ACSR000044', 'STRP000002', 0.600),
('ACSR000044', 'STRP000003', 0.800),
('ACSR000044', 'STRP000004', 0.800),
('ACSR000044', 'STRP000006', 1.000),
('ACSR000044', 'STRP000046', 0.460),
('ACSR000044', 'STRP000053', 1.100),
('ACSR000044', 'THRD000007', 0.000),
('ACSR000044', 'THRD000018', 0.000),
('ACSR000045', 'BRND000001', 1.000),
('ACSR000045', 'FBRK000012', 0.000),
('ACSR000045', 'FBRK000086', 0.000),
('ACSR000045', 'HRDW000018', 0.800),
('ACSR000045', 'HRDW000019', 2.000),
('ACSR000045', 'HRDW000021', 1.000),
('ACSR000045', 'HRDW000029', 1.000),
('ACSR000045', 'PCKG000001', 0.000),
('ACSR000045', 'PCKG000002', 1.000),
('ACSR000045', 'STRP000002', 0.160),
('ACSR000045', 'STRP000005', 1.200),
('ACSR000045', 'STRP000006', 0.450),
('ACSR000045', 'STRP000008', 0.130),
('ACSR000045', 'STRP000052', 0.250),
('ACSR000045', 'THRD000001', 0.000),
('ACSR000045', 'THRD000009', 0.000),
('ACSR000046', 'BRND000001', 1.000),
('ACSR000046', 'FBRK000012', 0.000),
('ACSR000046', 'FBRK000088', 0.000),
('ACSR000046', 'HRDW000018', 0.800),
('ACSR000046', 'HRDW000019', 2.000),
('ACSR000046', 'HRDW000021', 1.000),
('ACSR000046', 'HRDW000029', 1.000),
('ACSR000046', 'PCKG000001', 0.000),
('ACSR000046', 'PCKG000002', 1.000),
('ACSR000046', 'STRP000002', 0.160),
('ACSR000046', 'STRP000005', 1.200),
('ACSR000046', 'STRP000006', 0.450),
('ACSR000046', 'STRP000008', 0.130),
('ACSR000046', 'STRP000052', 0.250),
('ACSR000046', 'THRD000004', 0.000),
('ACSR000046', 'THRD000009', 0.000),
('ACSR000047', 'BRND000001', 1.000),
('ACSR000047', 'FBRK000017', 0.000),
('ACSR000047', 'FBRK000087', 0.000),
('ACSR000047', 'HRDW000018', 0.800),
('ACSR000047', 'HRDW000019', 2.000),
('ACSR000047', 'HRDW000021', 1.000),
('ACSR000047', 'HRDW000029', 1.000),
('ACSR000047', 'PCKG000001', 0.000),
('ACSR000047', 'PCKG000002', 1.000),
('ACSR000047', 'STRP000002', 0.160),
('ACSR000047', 'STRP000005', 1.200),
('ACSR000047', 'STRP000006', 0.450),
('ACSR000047', 'STRP000008', 0.130),
('ACSR000047', 'STRP000052', 0.250),
('ACSR000047', 'THRD000001', 0.000),
('ACSR000047', 'THRD000009', 0.000),
('ACSR000048', 'HRDW000005', 1.000),
('ACSR000048', 'HRDW000006', 1.000),
('ACSR000048', 'HRDW000014', 4.000),
('ACSR000048', 'PCKG000001', 1.000),
('ACSR000048', 'PCKG000002', 1.000),
('ACSR000048', 'STRP000003', 1.000),
('ACSR000048', 'THRD000001', 1.000),
('ACSR000049', 'BRND000003', 1.000),
('ACSR000049', 'FBRK000069', 0.000),
('ACSR000049', 'FLNG000002', 0.000),
('ACSR000049', 'HRDW000041', 1.000),
('ACSR000049', 'PCKG000001', 1.000),
('ACSR000049', 'PCKG000002', 1.000),
('ACSR000049', 'PCKG000003', 1.000),
('ACSR000049', 'PCKG000004', 1.300),
('ACSR000049', 'PCKG000005', 1.000),
('ACSR000049', 'PCKG000006', 1.000),
('ACSR000049', 'STRP000004', 0.330),
('ACSR000049', 'STRP000005', 1.560),
('ACSR000049', 'STRP000046', 0.110),
('ACSR000049', 'THRD000001', 0.000),
('ACSR000050', 'BRND000003', 1.000),
('ACSR000050', 'FBRK000069', 0.000),
('ACSR000050', 'FLNG000002', 0.000),
('ACSR000050', 'HRDW000041', 1.000),
('ACSR000050', 'PCKG000001', 1.000),
('ACSR000050', 'PCKG000002', 1.000),
('ACSR000050', 'PCKG000003', 1.000),
('ACSR000050', 'PCKG000004', 1.300),
('ACSR000050', 'PCKG000005', 1.000),
('ACSR000050', 'PCKG000006', 1.000),
('ACSR000050', 'STRP000004', 0.330),
('ACSR000050', 'STRP000005', 1.560),
('ACSR000050', 'STRP000046', 0.110),
('ACSR000050', 'THRD000001', 0.000),
('BGPK000001', 'BRND000003', 2.000),
('BGPK000001', 'FBRK000001', 0.300),
('BGPK000001', 'FBRK000013', 1.150),
('BGPK000001', 'FBRK000033', 0.200),
('BGPK000001', 'FBRK000069', 0.190),
('BGPK000001', 'FBRK000101', 0.550),
('BGPK000001', 'FBRK000114', 0.150),
('BGPK000001', 'FLNG000001', 0.080),
('BGPK000001', 'FLNG000003', 0.075),
('BGPK000001', 'HRDW000005', 2.000),
('BGPK000001', 'HRDW000006', 2.000),
('BGPK000001', 'HRDW000010', 2.000),
('BGPK000001', 'HRDW000018', 1.300),
('BGPK000001', 'HRDW000019', 3.000),
('BGPK000001', 'LTHR000001', 0.350),
('BGPK000001', 'PCKG000001', 1.000),
('BGPK000001', 'PCKG000002', 1.000),
('BGPK000001', 'STRP000003', 2.400),
('BGPK000001', 'THRD000001', 200.000),
('BGPK000001', 'THRD000003', 50.000),
('BGPK000002', 'BRND000003', 2.000),
('BGPK000002', 'FBRK000001', 0.300),
('BGPK000002', 'FBRK000013', 1.150),
('BGPK000002', 'FBRK000033', 0.200),
('BGPK000002', 'FBRK000046', 0.250),
('BGPK000002', 'FBRK000069', 0.190),
('BGPK000002', 'FBRK000070', 0.750),
('BGPK000002', 'FBRK000114', 0.125),
('BGPK000002', 'FLNG000001', 0.080),
('BGPK000002', 'FLNG000003', 0.075),
('BGPK000002', 'HRDW000005', 2.000),
('BGPK000002', 'HRDW000006', 2.000),
('BGPK000002', 'HRDW000010', 2.000),
('BGPK000002', 'HRDW000018', 1.200),
('BGPK000002', 'HRDW000019', 3.000),
('BGPK000002', 'LTHR000001', 0.015),
('BGPK000002', 'PCKG000001', 1.000),
('BGPK000002', 'PCKG000002', 1.000),
('BGPK000002', 'STRP000003', 2.400),
('BGPK000002', 'STRP000004', 0.250),
('BGPK000002', 'THRD000001', 200.000),
('BGPK000002', 'THRD000003', 50.000),
('BGPK000003', 'BRND000003', 2.000),
('BGPK000003', 'FBRK000001', 0.300),
('BGPK000003', 'FBRK000013', 1.150),
('BGPK000003', 'FBRK000033', 0.200),
('BGPK000003', 'FBRK000046', 0.250),
('BGPK000003', 'FBRK000069', 0.190),
('BGPK000003', 'FBRK000081', 0.750),
('BGPK000003', 'FBRK000114', 0.125),
('BGPK000003', 'FLNG000001', 0.080),
('BGPK000003', 'FLNG000003', 0.075),
('BGPK000003', 'HRDW000005', 2.000),
('BGPK000003', 'HRDW000006', 2.000),
('BGPK000003', 'HRDW000010', 2.000),
('BGPK000003', 'HRDW000018', 1.200),
('BGPK000003', 'HRDW000019', 3.000),
('BGPK000003', 'LTHR000001', 0.015),
('BGPK000003', 'PCKG000001', 1.000),
('BGPK000003', 'PCKG000002', 1.000),
('BGPK000003', 'STRP000003', 2.400),
('BGPK000003', 'STRP000004', 0.250),
('BGPK000003', 'THRD000001', 100.000),
('BGPK000003', 'THRD000003', 100.000),
('BGPK000004', 'BRND000003', 2.000),
('BGPK000004', 'FBRK000001', 0.300),
('BGPK000004', 'FBRK000013', 1.150),
('BGPK000004', 'FBRK000033', 0.200),
('BGPK000004', 'FBRK000046', 0.250),
('BGPK000004', 'FBRK000069', 0.190),
('BGPK000004', 'FBRK000071', 0.750),
('BGPK000004', 'FBRK000114', 0.125),
('BGPK000004', 'FLNG000001', 0.080),
('BGPK000004', 'FLNG000003', 0.075),
('BGPK000004', 'HRDW000005', 2.000),
('BGPK000004', 'HRDW000006', 2.000),
('BGPK000004', 'HRDW000010', 2.000),
('BGPK000004', 'HRDW000018', 1.200),
('BGPK000004', 'HRDW000019', 3.000),
('BGPK000004', 'LTHR000001', 0.015),
('BGPK000004', 'PCKG000001', 1.000),
('BGPK000004', 'PCKG000002', 1.000),
('BGPK000004', 'STRP000003', 2.400),
('BGPK000004', 'STRP000004', 0.250),
('BGPK000004', 'THRD000001', 100.000),
('BGPK000004', 'THRD000002', 50.000),
('BGPK000004', 'THRD000003', 50.000),
('BGPK000005', 'BRND000003', 2.000),
('BGPK000005', 'FBRK000001', 0.300),
('BGPK000005', 'FBRK000013', 1.150),
('BGPK000005', 'FBRK000033', 0.200),
('BGPK000005', 'FBRK000046', 0.250),
('BGPK000005', 'FBRK000069', 0.190),
('BGPK000005', 'FBRK000085', 0.750),
('BGPK000005', 'FBRK000114', 0.125),
('BGPK000005', 'FLNG000001', 0.080),
('BGPK000005', 'FLNG000003', 0.075),
('BGPK000005', 'HRDW000005', 2.000),
('BGPK000005', 'HRDW000006', 2.000),
('BGPK000005', 'HRDW000010', 2.000),
('BGPK000005', 'HRDW000018', 1.200),
('BGPK000005', 'HRDW000019', 3.000),
('BGPK000005', 'LTHR000001', 0.015),
('BGPK000005', 'PCKG000001', 1.000),
('BGPK000005', 'PCKG000002', 1.000),
('BGPK000005', 'STRP000003', 2.400),
('BGPK000005', 'STRP000004', 0.250),
('BGPK000005', 'THRD000001', 100.000),
('BGPK000005', 'THRD000003', 50.000),
('BGPK000005', 'THRD000015', 50.000),
('BGPK000006', 'BRND000003', 2.000),
('BGPK000006', 'FBRK000001', 0.300),
('BGPK000006', 'FBRK000013', 1.150),
('BGPK000006', 'FBRK000033', 0.200),
('BGPK000006', 'FBRK000046', 0.250),
('BGPK000006', 'FBRK000054', 0.750),
('BGPK000006', 'FBRK000069', 0.190),
('BGPK000006', 'FBRK000114', 0.125),
('BGPK000006', 'FLNG000001', 0.080),
('BGPK000006', 'FLNG000003', 0.075),
('BGPK000006', 'HRDW000005', 2.000),
('BGPK000006', 'HRDW000006', 2.000),
('BGPK000006', 'HRDW000010', 2.000),
('BGPK000006', 'HRDW000018', 1.200),
('BGPK000006', 'HRDW000019', 3.000),
('BGPK000006', 'LTHR000001', 0.015),
('BGPK000006', 'PCKG000001', 1.000),
('BGPK000006', 'PCKG000002', 1.000),
('BGPK000006', 'STRP000003', 2.400),
('BGPK000006', 'STRP000004', 0.250),
('BGPK000006', 'THRD000001', 100.000),
('BGPK000006', 'THRD000003', 50.000),
('BGPK000006', 'THRD000018', 50.000),
('BGPK000007', 'BRND000001', 1.000),
('BGPK000007', 'BRND000003', 1.000),
('BGPK000007', 'BRND000006', 1.000),
('BGPK000007', 'BRND000007', 1.000),
('BGPK000007', 'BRND000023', 1.000),
('BGPK000007', 'BRND000024', 1.000),
('BGPK000007', 'FBRK000011', 0.120),
('BGPK000007', 'FBRK000017', 0.700),
('BGPK000007', 'FBRK000069', 0.220),
('BGPK000007', 'FBRK000086', 1.125),
('BGPK000007', 'FLNG000003', 0.075),
('BGPK000007', 'HRDW000017', 0.800),
('BGPK000007', 'HRDW000018', 0.400),
('BGPK000007', 'HRDW000020', 3.000),
('BGPK000007', 'HRDW000054', 2.000),
('BGPK000007', 'HRDW000055', 1.000),
('BGPK000007', 'HRDW000058', 2.000),
('BGPK000007', 'HRDW000059', 1.000),
('BGPK000007', 'HRDW000061', 1.000),
('BGPK000007', 'HRDW000092', 2.000),
('BGPK000007', 'HRDW000093', 1.000),
('BGPK000007', 'PCKG000001', 1.000),
('BGPK000007', 'PCKG000002', 1.000),
('BGPK000007', 'STRP000001', 1.800),
('BGPK000007', 'STRP000003', 1.800),
('BGPK000007', 'STRP000004', 2.500),
('BGPK000007', 'STRP000005', 1.700),
('BGPK000007', 'STRP000006', 8.200),
('BGPK000007', 'STRP000052', 0.700),
('BGPK000007', 'STRP000053', 2.400),
('BGPK000007', 'STRP000060', 0.150),
('BGPK000007', 'STRP000061', 0.750),
('BGPK000007', 'STRP000062', 0.160),
('BGPK000007', 'THRD000001', 200.000),
('BGPK000007', 'THRD000007', 30.000),
('BGPK000008', 'BRND000001', 1.000),
('BGPK000008', 'BRND000003', 1.000),
('BGPK000008', 'BRND000006', 1.000),
('BGPK000008', 'BRND000007', 1.000),
('BGPK000008', 'BRND000023', 1.000),
('BGPK000008', 'BRND000024', 1.000),
('BGPK000008', 'FBRK000011', 0.120),
('BGPK000008', 'FBRK000017', 0.800),
('BGPK000008', 'FBRK000069', 0.220),
('BGPK000008', 'FBRK000086', 1.125),
('BGPK000008', 'FLNG000003', 0.075),
('BGPK000008', 'HRDW000017', 1.300),
('BGPK000008', 'HRDW000018', 0.400),
('BGPK000008', 'HRDW000020', 4.000),
('BGPK000008', 'HRDW000054', 2.000),
('BGPK000008', 'HRDW000055', 1.000),
('BGPK000008', 'HRDW000058', 2.000),
('BGPK000008', 'HRDW000059', 1.000),
('BGPK000008', 'HRDW000061', 1.000),
('BGPK000008', 'HRDW000092', 2.000),
('BGPK000008', 'HRDW000093', 92.000),
('BGPK000008', 'PCKG000001', 1.000),
('BGPK000008', 'PCKG000002', 1.000),
('BGPK000008', 'STRP000001', 1.800),
('BGPK000008', 'STRP000003', 1.800),
('BGPK000008', 'STRP000004', 2.500),
('BGPK000008', 'STRP000005', 1.700),
('BGPK000008', 'STRP000006', 8.200),
('BGPK000008', 'STRP000052', 0.700),
('BGPK000008', 'STRP000053', 2.400),
('BGPK000008', 'STRP000060', 0.150),
('BGPK000008', 'STRP000061', 0.150),
('BGPK000008', 'STRP000062', 0.160),
('BGPK000008', 'THRD000001', 200.000),
('BGPK000008', 'THRD000007', 30.000),
('BGPK000009', 'BRND000001', 1.000),
('BGPK000009', 'BRND000003', 1.000),
('BGPK000009', 'BRND000006', 1.000),
('BGPK000009', 'BRND000007', 1.000),
('BGPK000009', 'BRND000023', 1.000),
('BGPK000009', 'BRND000024', 1.000),
('BGPK000009', 'FBRK000011', 0.120),
('BGPK000009', 'FBRK000017', 0.700),
('BGPK000009', 'FBRK000069', 0.220),
('BGPK000009', 'FBRK000087', 1.125),
('BGPK000009', 'FLNG000003', 0.075),
('BGPK000009', 'HRDW000017', 0.800),
('BGPK000009', 'HRDW000018', 0.400),
('BGPK000009', 'HRDW000020', 3.000),
('BGPK000009', 'HRDW000054', 2.000),
('BGPK000009', 'HRDW000055', 1.000),
('BGPK000009', 'HRDW000058', 2.000),
('BGPK000009', 'HRDW000059', 1.000),
('BGPK000009', 'HRDW000061', 1.000),
('BGPK000009', 'HRDW000092', 2.000),
('BGPK000009', 'HRDW000093', 92.000),
('BGPK000009', 'PCKG000001', 1.000),
('BGPK000009', 'PCKG000002', 1.000),
('BGPK000009', 'STRP000001', 1.800),
('BGPK000009', 'STRP000003', 1.800),
('BGPK000009', 'STRP000004', 2.500),
('BGPK000009', 'STRP000005', 1.700),
('BGPK000009', 'STRP000006', 8.200),
('BGPK000009', 'STRP000053', 3.300),
('BGPK000009', 'STRP000060', 0.150),
('BGPK000009', 'STRP000061', 0.750),
('BGPK000009', 'STRP000062', 0.160),
('BGPK000009', 'THRD000001', 10.000),
('BGPK000009', 'THRD000007', 30.000),
('BGPK000009', 'THRD000010', 200.000),
('BGPK000010', 'BRND000001', 1.000),
('BGPK000010', 'BRND000003', 1.000),
('BGPK000010', 'BRND000006', 1.000),
('BGPK000010', 'BRND000007', 1.000),
('BGPK000010', 'BRND000023', 1.000),
('BGPK000010', 'BRND000024', 1.000),
('BGPK000010', 'FBRK000011', 0.120),
('BGPK000010', 'FBRK000017', 0.800),
('BGPK000010', 'FBRK000069', 0.220),
('BGPK000010', 'FBRK000087', 1.125),
('BGPK000010', 'FLNG000003', 0.075),
('BGPK000010', 'HRDW000017', 1.300),
('BGPK000010', 'HRDW000018', 0.400),
('BGPK000010', 'HRDW000020', 4.000),
('BGPK000010', 'HRDW000054', 2.000),
('BGPK000010', 'HRDW000055', 1.000),
('BGPK000010', 'HRDW000058', 2.000),
('BGPK000010', 'HRDW000059', 1.000),
('BGPK000010', 'HRDW000061', 1.000),
('BGPK000010', 'HRDW000092', 2.000),
('BGPK000010', 'HRDW000093', 92.000),
('BGPK000010', 'PCKG000001', 1.000),
('BGPK000010', 'PCKG000002', 1.000),
('BGPK000010', 'STRP000001', 1.800),
('BGPK000010', 'STRP000003', 1.800),
('BGPK000010', 'STRP000004', 2.500),
('BGPK000010', 'STRP000005', 1.700),
('BGPK000010', 'STRP000006', 8.200),
('BGPK000010', 'STRP000053', 0.700),
('BGPK000010', 'STRP000060', 0.150),
('BGPK000010', 'STRP000061', 0.150),
('BGPK000010', 'STRP000062', 0.160),
('BGPK000010', 'THRD000001', 10.000),
('BGPK000010', 'THRD000007', 30.000),
('BGPK000010', 'THRD000010', 200.000),
('BGPK000011', 'BRND000001', 1.000),
('BGPK000011', 'BRND000003', 1.000),
('BGPK000011', 'BRND000006', 1.000),
('BGPK000011', 'BRND000007', 1.000),
('BGPK000011', 'BRND000023', 1.000),
('BGPK000011', 'BRND000024', 1.000),
('BGPK000011', 'FBRK000011', 0.120),
('BGPK000011', 'FBRK000012', 0.700),
('BGPK000011', 'FBRK000069', 0.220),
('BGPK000011', 'FBRK000088', 1.125),
('BGPK000011', 'FLNG000003', 0.075),
('BGPK000011', 'HRDW000017', 0.800),
('BGPK000011', 'HRDW000018', 0.400),
('BGPK000011', 'HRDW000020', 3.000),
('BGPK000011', 'HRDW000054', 2.000),
('BGPK000011', 'HRDW000055', 1.000),
('BGPK000011', 'HRDW000058', 2.000),
('BGPK000011', 'HRDW000059', 1.000),
('BGPK000011', 'HRDW000061', 1.000),
('BGPK000011', 'HRDW000092', 2.000),
('BGPK000011', 'HRDW000093', 92.000),
('BGPK000011', 'PCKG000001', 1.000),
('BGPK000011', 'PCKG000002', 1.000),
('BGPK000011', 'STRP000001', 1.800),
('BGPK000011', 'STRP000003', 1.800),
('BGPK000011', 'STRP000004', 2.500),
('BGPK000011', 'STRP000005', 1.700),
('BGPK000011', 'STRP000006', 8.200),
('BGPK000011', 'STRP000053', 3.300),
('BGPK000011', 'STRP000060', 0.150),
('BGPK000011', 'STRP000061', 0.750),
('BGPK000011', 'STRP000062', 0.160),
('BGPK000011', 'THRD000001', 10.000),
('BGPK000011', 'THRD000004', 200.000),
('BGPK000012', 'BRND000001', 1.000),
('BGPK000012', 'BRND000003', 1.000),
('BGPK000012', 'BRND000006', 1.000),
('BGPK000012', 'BRND000007', 1.000),
('BGPK000012', 'BRND000023', 1.000),
('BGPK000012', 'BRND000024', 1.000),
('BGPK000012', 'FBRK000011', 0.120),
('BGPK000012', 'FBRK000012', 0.800),
('BGPK000012', 'FBRK000069', 0.220),
('BGPK000012', 'FBRK000088', 1.125),
('BGPK000012', 'FLNG000003', 0.075),
('BGPK000012', 'HRDW000017', 0.800),
('BGPK000012', 'HRDW000018', 0.400),
('BGPK000012', 'HRDW000020', 3.000),
('BGPK000012', 'HRDW000054', 2.000),
('BGPK000012', 'HRDW000055', 1.000),
('BGPK000012', 'HRDW000058', 2.000),
('BGPK000012', 'HRDW000059', 1.000),
('BGPK000012', 'HRDW000061', 1.000),
('BGPK000012', 'HRDW000092', 2.000),
('BGPK000012', 'HRDW000093', 92.000),
('BGPK000012', 'PCKG000001', 1.000),
('BGPK000012', 'PCKG000002', 1.000),
('BGPK000012', 'STRP000001', 1.800),
('BGPK000012', 'STRP000003', 1.800),
('BGPK000012', 'STRP000004', 2.500),
('BGPK000012', 'STRP000005', 1.700),
('BGPK000012', 'STRP000006', 8.200),
('BGPK000012', 'STRP000053', 3.300),
('BGPK000012', 'STRP000060', 0.150),
('BGPK000012', 'STRP000061', 0.750),
('BGPK000012', 'STRP000062', 0.160),
('BGPK000012', 'THRD000001', 50.000),
('BGPK000012', 'THRD000004', 200.000),
('BGPK000013', 'BRND000001', 1.000),
('BGPK000013', 'BRND000003', 1.000),
('BGPK000013', 'BRND000006', 1.000),
('BGPK000013', 'BRND000007', 1.000),
('BGPK000013', 'BRND000023', 1.000),
('BGPK000013', 'BRND000024', 1.000),
('BGPK000013', 'FBRK000011', 0.120),
('BGPK000013', 'FBRK000017', 0.700),
('BGPK000013', 'FBRK000069', 0.220),
('BGPK000013', 'FBRK000096', 1.125),
('BGPK000013', 'FLNG000003', 0.075),
('BGPK000013', 'HRDW000017', 0.800),
('BGPK000013', 'HRDW000018', 0.400),
('BGPK000013', 'HRDW000020', 3.000),
('BGPK000013', 'HRDW000054', 2.000),
('BGPK000013', 'HRDW000055', 1.000),
('BGPK000013', 'HRDW000058', 2.000),
('BGPK000013', 'HRDW000059', 1.000),
('BGPK000013', 'HRDW000061', 1.000),
('BGPK000013', 'HRDW000092', 2.000),
('BGPK000013', 'HRDW000093', 92.000),
('BGPK000013', 'PCKG000001', 1.000),
('BGPK000013', 'PCKG000002', 1.000),
('BGPK000013', 'STRP000001', 1.800),
('BGPK000013', 'STRP000003', 1.800),
('BGPK000013', 'STRP000004', 2.500),
('BGPK000013', 'STRP000005', 1.700),
('BGPK000013', 'STRP000006', 8.200),
('BGPK000013', 'STRP000052', 0.700),
('BGPK000013', 'STRP000053', 2.400),
('BGPK000013', 'STRP000060', 0.150),
('BGPK000013', 'STRP000061', 0.750),
('BGPK000013', 'STRP000062', 0.160),
('BGPK000013', 'THRD000001', 10.000),
('BGPK000013', 'THRD000003', 200.000),
('BGPK000013', 'THRD000007', 30.000),
('BGPK000014', 'BRND000001', 1.000),
('BGPK000014', 'BRND000003', 1.000),
('BGPK000014', 'BRND000006', 1.000),
('BGPK000014', 'BRND000007', 1.000),
('BGPK000014', 'BRND000023', 1.000),
('BGPK000014', 'BRND000024', 1.000),
('BGPK000014', 'FBRK000011', 0.120),
('BGPK000014', 'FBRK000017', 0.800),
('BGPK000014', 'FBRK000069', 0.220),
('BGPK000014', 'FBRK000096', 1.125),
('BGPK000014', 'FLNG000003', 0.075),
('BGPK000014', 'HRDW000017', 0.800),
('BGPK000014', 'HRDW000018', 0.400),
('BGPK000014', 'HRDW000020', 3.000),
('BGPK000014', 'HRDW000054', 2.000),
('BGPK000014', 'HRDW000055', 1.000),
('BGPK000014', 'HRDW000058', 2.000),
('BGPK000014', 'HRDW000059', 1.000),
('BGPK000014', 'HRDW000061', 1.000),
('BGPK000014', 'HRDW000092', 2.000),
('BGPK000014', 'HRDW000093', 92.000),
('BGPK000014', 'PCKG000001', 1.000),
('BGPK000014', 'PCKG000002', 1.000),
('BGPK000014', 'STRP000001', 1.800),
('BGPK000014', 'STRP000003', 1.800),
('BGPK000014', 'STRP000004', 2.500),
('BGPK000014', 'STRP000005', 1.700),
('BGPK000014', 'STRP000006', 8.200),
('BGPK000014', 'STRP000052', 0.700),
('BGPK000014', 'STRP000053', 2.400),
('BGPK000014', 'STRP000060', 0.150),
('BGPK000014', 'STRP000061', 0.750),
('BGPK000014', 'STRP000062', 0.160),
('BGPK000014', 'THRD000001', 30.000),
('BGPK000014', 'THRD000003', 100.000),
('BGPK000014', 'THRD000007', 30.000),
('BGPK000015', 'BRND000001', 1.000),
('BGPK000015', 'BRND000003', 1.000),
('BGPK000015', 'BRND000006', 1.000),
('BGPK000015', 'BRND000007', 1.000),
('BGPK000015', 'BRND000023', 1.000),
('BGPK000015', 'BRND000024', 1.000),
('BGPK000015', 'FBRK000011', 0.120),
('BGPK000015', 'FBRK000015', 0.700),
('BGPK000015', 'FBRK000069', 0.220),
('BGPK000015', 'FBRK000089', 1.125),
('BGPK000015', 'FLNG000003', 0.075),
('BGPK000015', 'HRDW000017', 0.800),
('BGPK000015', 'HRDW000018', 0.400),
('BGPK000015', 'HRDW000020', 3.000),
('BGPK000015', 'HRDW000054', 2.000),
('BGPK000015', 'HRDW000055', 1.000),
('BGPK000015', 'HRDW000058', 2.000),
('BGPK000015', 'HRDW000059', 1.000),
('BGPK000015', 'HRDW000061', 1.000),
('BGPK000015', 'HRDW000092', 2.000),
('BGPK000015', 'HRDW000093', 92.000),
('BGPK000015', 'PCKG000001', 1.000),
('BGPK000015', 'PCKG000002', 1.000),
('BGPK000015', 'STRP000001', 1.800),
('BGPK000015', 'STRP000003', 1.800),
('BGPK000015', 'STRP000004', 2.500),
('BGPK000015', 'STRP000005', 1.700),
('BGPK000015', 'STRP000006', 8.200),
('BGPK000015', 'STRP000053', 3.300),
('BGPK000015', 'STRP000060', 0.150),
('BGPK000015', 'STRP000061', 0.750),
('BGPK000015', 'STRP000062', 0.160),
('BGPK000015', 'THRD000001', 10.000),
('BGPK000015', 'THRD000008', 200.000),
('BGPK000016', 'BRND000001', 1.000),
('BGPK000016', 'BRND000003', 1.000),
('BGPK000016', 'BRND000006', 1.000),
('BGPK000016', 'BRND000007', 1.000),
('BGPK000016', 'BRND000023', 1.000),
('BGPK000016', 'BRND000024', 1.000),
('BGPK000016', 'FBRK000011', 0.120),
('BGPK000016', 'FBRK000015', 0.800),
('BGPK000016', 'FBRK000069', 0.220),
('BGPK000016', 'FBRK000089', 1.125),
('BGPK000016', 'FLNG000003', 0.075),
('BGPK000016', 'HRDW000017', 0.800),
('BGPK000016', 'HRDW000018', 0.400),
('BGPK000016', 'HRDW000020', 3.000),
('BGPK000016', 'HRDW000054', 2.000),
('BGPK000016', 'HRDW000055', 1.000),
('BGPK000016', 'HRDW000058', 2.000),
('BGPK000016', 'HRDW000059', 1.000),
('BGPK000016', 'HRDW000061', 1.000),
('BGPK000016', 'HRDW000092', 2.000),
('BGPK000016', 'HRDW000093', 92.000),
('BGPK000016', 'PCKG000001', 1.000),
('BGPK000016', 'PCKG000002', 1.000),
('BGPK000016', 'STRP000001', 1.800),
('BGPK000016', 'STRP000003', 1.800),
('BGPK000016', 'STRP000004', 2.500),
('BGPK000016', 'STRP000005', 1.700),
('BGPK000016', 'STRP000006', 8.200),
('BGPK000016', 'STRP000053', 3.300),
('BGPK000016', 'STRP000060', 0.150),
('BGPK000016', 'STRP000061', 0.750),
('BGPK000016', 'STRP000062', 0.160),
('BGPK000016', 'THRD000001', 30.000),
('BGPK000016', 'THRD000008', 200.000),
('BGPK000017', 'BRND000001', 1.000),
('BGPK000017', 'BRND000003', 3.000),
('BGPK000017', 'FBRK000001', 0.250),
('BGPK000017', 'FBRK000012', 0.700),
('BGPK000017', 'FBRK000033', 0.020),
('BGPK000017', 'FBRK000046', 1.125),
('BGPK000017', 'FBRK000069', 0.220),
('BGPK000017', 'FLNG000001', 0.120),
('BGPK000017', 'FLNG000002', 0.075),
('BGPK000017', 'HRDW000005', 3.000),
('BGPK000017', 'HRDW000006', 3.000),
('BGPK000017', 'HRDW000012', 2.000),
('BGPK000017', 'HRDW000014', 4.000),
('BGPK000017', 'HRDW000018', 1.600),
('BGPK000017', 'HRDW000020', 4.000),
('BGPK000017', 'HRDW000021', 1.000),
('BGPK000017', 'HRDW000092', 2.000),
('BGPK000017', 'PCKG000001', 1.000),
('BGPK000017', 'PCKG000002', 1.000),
('BGPK000017', 'STRP000001', 1.300),
('BGPK000017', 'STRP000003', 3.200),
('BGPK000017', 'STRP000004', 2.500),
('BGPK000017', 'STRP000005', 0.800),
('BGPK000017', 'STRP000053', 3.500),
('BGPK000017', 'THRD000001', 200.000),
('BGPK000017', 'THRD000004', 30.000),
('BGPK000018', 'BRND000001', 1.000),
('BGPK000018', 'BRND000003', 1.000),
('BGPK000018', 'FBRK000002', 1.250),
('BGPK000018', 'FBRK000046', 0.900),
('BGPK000018', 'FBRK000069', 0.190),
('BGPK000018', 'FBRK000114', 0.125),
('BGPK000018', 'FLNG000001', 0.080),
('BGPK000018', 'FLNG000003', 0.075),
('BGPK000018', 'HRDW000005', 1.000),
('BGPK000018', 'HRDW000006', 1.000),
('BGPK000018', 'HRDW000011', 2.000),
('BGPK000018', 'HRDW000018', 0.350),
('BGPK000018', 'HRDW000019', 1.000),
('BGPK000018', 'LTHR000004', 0.015),
('BGPK000018', 'PCKG000001', 1.000),
('BGPK000018', 'PCKG000002', 1.000),
('BGPK000018', 'STRP000003', 1.650),
('BGPK000018', 'STRP000004', 2.600),
('BGPK000018', 'STRP000007', 1.600),
('BGPK000018', 'THRD000001', 100.000),
('BGPK000018', 'THRD000004', 20.000),
('BGPK000019', 'BRND000001', 1.000),
('BGPK000019', 'BRND000003', 1.000),
('BGPK000019', 'FBRK000002', 1.250),
('BGPK000019', 'FBRK000046', 0.140),
('BGPK000019', 'FBRK000069', 0.190),
('BGPK000019', 'FBRK000076', 0.750),
('BGPK000019', 'FBRK000114', 0.125),
('BGPK000019', 'FLNG000001', 0.080),
('BGPK000019', 'FLNG000003', 0.075),
('BGPK000019', 'HRDW000005', 1.000),
('BGPK000019', 'HRDW000006', 1.000),
('BGPK000019', 'HRDW000011', 2.000),
('BGPK000019', 'HRDW000018', 0.350),
('BGPK000019', 'HRDW000019', 1.000),
('BGPK000019', 'LTHR000004', 0.015),
('BGPK000019', 'PCKG000001', 1.000),
('BGPK000019', 'PCKG000002', 1.000),
('BGPK000019', 'STRP000003', 1.650),
('BGPK000019', 'STRP000004', 2.600),
('BGPK000019', 'STRP000007', 1.600),
('BGPK000019', 'THRD000001', 100.000),
('BGPK000019', 'THRD000004', 20.000),
('BGPK000019', 'THRD000014', 80.000),
('BGPK000020', 'BRND000001', 1.000),
('BGPK000020', 'BRND000003', 1.000),
('BGPK000020', 'FBRK000001', 0.300),
('BGPK000020', 'FBRK000014', 0.950),
('BGPK000020', 'FBRK000046', 0.950),
('BGPK000020', 'FBRK000069', 0.190),
('BGPK000020', 'FBRK000114', 0.125),
('BGPK000020', 'FLNG000001', 0.080),
('BGPK000020', 'FLNG000003', 0.075),
('BGPK000020', 'HRDW000005', 2.000),
('BGPK000020', 'HRDW000006', 2.000),
('BGPK000020', 'HRDW000011', 2.000),
('BGPK000020', 'HRDW000018', 0.350),
('BGPK000020', 'HRDW000019', 1.000),
('BGPK000020', 'LTHR000004', 0.015),
('BGPK000020', 'PCKG000001', 1.000),
('BGPK000020', 'PCKG000002', 1.000),
('BGPK000020', 'STRP000003', 2.300),
('BGPK000020', 'STRP000004', 2.600),
('BGPK000020', 'STRP000007', 1.600),
('BGPK000020', 'THRD000001', 100.000),
('BGPK000020', 'THRD000009', 20.000),
('BGPK000021', 'BRND000001', 1.000),
('BGPK000021', 'BRND000003', 1.000),
('BGPK000021', 'FBRK000002', 1.250),
('BGPK000021', 'FBRK000046', 0.140),
('BGPK000021', 'FBRK000069', 0.190),
('BGPK000021', 'FBRK000076', 0.750),
('BGPK000021', 'FBRK000114', 0.125),
('BGPK000021', 'FLNG000001', 0.080),
('BGPK000021', 'FLNG000003', 0.075),
('BGPK000021', 'HRDW000005', 2.000),
('BGPK000021', 'HRDW000006', 2.000),
('BGPK000021', 'HRDW000011', 2.000),
('BGPK000021', 'HRDW000018', 0.350),
('BGPK000021', 'HRDW000019', 1.000),
('BGPK000021', 'LTHR000004', 0.015),
('BGPK000021', 'PCKG000001', 1.000),
('BGPK000021', 'PCKG000002', 1.000),
('BGPK000021', 'STRP000003', 2.300),
('BGPK000021', 'STRP000004', 2.600),
('BGPK000021', 'STRP000007', 1.600),
('BGPK000021', 'THRD000001', 100.000),
('BGPK000021', 'THRD000004', 20.000),
('BGPK000021', 'THRD000014', 80.000),
('BGPK000022', 'BRND000001', 1.000),
('BGPK000022', 'BRND000003', 2.000),
('BGPK000022', 'FBRK000002', 0.250),
('BGPK000022', 'FBRK000010', 0.200),
('BGPK000022', 'FBRK000012', 1.350),
('BGPK000022', 'FBRK000033', 0.020),
('BGPK000022', 'FBRK000046', 1.000),
('BGPK000022', 'FBRK000069', 0.250),
('BGPK000022', 'FBRK000114', 0.190),
('BGPK000022', 'FLNG000001', 0.100),
('BGPK000022', 'FLNG000002', 0.075),
('BGPK000022', 'FLNG000003', 0.006),
('BGPK000022', 'HRDW000001', 2.000),
('BGPK000022', 'HRDW000002', 2.000),
('BGPK000022', 'HRDW000005', 1.000),
('BGPK000022', 'HRDW000006', 1.000),
('BGPK000022', 'HRDW000012', 2.000),
('BGPK000022', 'HRDW000014', 4.000),
('BGPK000022', 'HRDW000015', 12.000),
('BGPK000022', 'HRDW000018', 0.750),
('BGPK000022', 'HRDW000019', 2.000),
('BGPK000022', 'HRDW000067', 1.000),
('BGPK000022', 'LTHR000004', 0.015),
('BGPK000022', 'PCKG000001', 1.000),
('BGPK000022', 'PCKG000002', 1.000),
('BGPK000022', 'STRP000003', 2.150),
('BGPK000022', 'STRP000004', 10.000),
('BGPK000022', 'STRP000005', 0.800),
('BGPK000022', 'STRP000006', 0.400),
('BGPK000022', 'STRP000052', 0.450),
('BGPK000022', 'THRD000001', 250.000),
('BGPK000022', 'THRD000004', 40.000),
('BGPK000023', 'BRND000001', 1.000),
('BGPK000023', 'BRND000003', 2.000),
('BGPK000023', 'FBRK000002', 0.250),
('BGPK000023', 'FBRK000010', 0.200),
('BGPK000023', 'FBRK000013', 1.350),
('BGPK000023', 'FBRK000033', 0.020),
('BGPK000023', 'FBRK000069', 0.250),
('BGPK000023', 'FBRK000086', 1.000),
('BGPK000023', 'FBRK000114', 0.190),
('BGPK000023', 'FLNG000001', 0.100),
('BGPK000023', 'FLNG000002', 0.075),
('BGPK000023', 'FLNG000003', 0.006),
('BGPK000023', 'HRDW000005', 1.000),
('BGPK000023', 'HRDW000006', 1.000),
('BGPK000023', 'HRDW000012', 2.000),
('BGPK000023', 'HRDW000014', 16.000),
('BGPK000023', 'HRDW000018', 0.800),
('BGPK000023', 'HRDW000019', 2.000),
('BGPK000023', 'HRDW000039', 2.000),
('BGPK000023', 'LTHR000004', 0.015),
('BGPK000023', 'PCKG000001', 1.000),
('BGPK000023', 'PCKG000002', 1.000),
('BGPK000023', 'STRP000003', 9.500),
('BGPK000023', 'STRP000004', 2.400),
('BGPK000023', 'STRP000005', 0.800),
('BGPK000023', 'STRP000006', 0.350),
('BGPK000023', 'STRP000052', 0.450),
('BGPK000023', 'THRD000001', 250.000),
('BGPK000023', 'THRD000003', 40.000),
('BGPK000024', 'BRND000001', 1.000),
('BGPK000024', 'BRND000003', 2.000),
('BGPK000024', 'FBRK000002', 0.250),
('BGPK000024', 'FBRK000010', 0.200),
('BGPK000024', 'FBRK000012', 1.350),
('BGPK000024', 'FBRK000033', 0.020),
('BGPK000024', 'FBRK000069', 0.250),
('BGPK000024', 'FBRK000086', 0.250),
('BGPK000024', 'FBRK000088', 0.750),
('BGPK000024', 'FBRK000114', 0.190),
('BGPK000024', 'FLNG000001', 0.100),
('BGPK000024', 'FLNG000002', 0.075),
('BGPK000024', 'FLNG000003', 0.006),
('BGPK000024', 'HRDW000005', 1.000),
('BGPK000024', 'HRDW000006', 1.000),
('BGPK000024', 'HRDW000012', 2.000),
('BGPK000024', 'HRDW000014', 16.000),
('BGPK000024', 'HRDW000018', 0.800),
('BGPK000024', 'HRDW000019', 2.000),
('BGPK000024', 'HRDW000039', 2.000),
('BGPK000024', 'LTHR000004', 0.015),
('BGPK000024', 'PCKG000001', 1.000),
('BGPK000024', 'PCKG000002', 1.000),
('BGPK000024', 'STRP000003', 9.500),
('BGPK000024', 'STRP000004', 2.400),
('BGPK000024', 'STRP000005', 0.800),
('BGPK000024', 'STRP000006', 0.350),
('BGPK000024', 'STRP000052', 0.450),
('BGPK000024', 'THRD000001', 30.000),
('BGPK000024', 'THRD000004', 290.000),
('BGPK000025', 'BRND000001', 1.000),
('BGPK000025', 'BRND000003', 2.000),
('BGPK000025', 'FBRK000001', 0.250),
('BGPK000025', 'FBRK000010', 0.200),
('BGPK000025', 'FBRK000017', 1.350),
('BGPK000025', 'FBRK000033', 0.020),
('BGPK000025', 'FBRK000069', 0.250),
('BGPK000025', 'FBRK000086', 0.250),
('BGPK000025', 'FBRK000087', 0.750);
INSERT INTO `bom` (`product_code`, `part_number`, `usage`) VALUES
('BGPK000025', 'FBRK000114', 0.190),
('BGPK000025', 'FLNG000001', 0.100),
('BGPK000025', 'FLNG000002', 0.075),
('BGPK000025', 'FLNG000003', 0.006),
('BGPK000025', 'HRDW000005', 1.000),
('BGPK000025', 'HRDW000006', 1.000),
('BGPK000025', 'HRDW000012', 2.000),
('BGPK000025', 'HRDW000014', 16.000),
('BGPK000025', 'HRDW000018', 0.800),
('BGPK000025', 'HRDW000019', 2.000),
('BGPK000025', 'HRDW000039', 2.000),
('BGPK000025', 'LTHR000004', 0.015),
('BGPK000025', 'PCKG000001', 1.000),
('BGPK000025', 'PCKG000002', 1.000),
('BGPK000025', 'STRP000003', 9.500),
('BGPK000025', 'STRP000004', 2.400),
('BGPK000025', 'STRP000005', 0.800),
('BGPK000025', 'STRP000006', 0.350),
('BGPK000025', 'STRP000052', 0.450),
('BGPK000025', 'THRD000001', 30.000),
('BGPK000025', 'THRD000007', 40.000),
('BGPK000025', 'THRD000010', 250.000),
('BGPK000026', 'BRND000001', 1.000),
('BGPK000026', 'BRND000003', 2.000),
('BGPK000026', 'FBRK000003', 0.250),
('BGPK000026', 'FBRK000010', 0.200),
('BGPK000026', 'FBRK000015', 1.350),
('BGPK000026', 'FBRK000033', 0.020),
('BGPK000026', 'FBRK000069', 0.250),
('BGPK000026', 'FBRK000086', 0.250),
('BGPK000026', 'FBRK000089', 0.750),
('BGPK000026', 'FBRK000114', 0.190),
('BGPK000026', 'FLNG000001', 0.100),
('BGPK000026', 'FLNG000002', 0.075),
('BGPK000026', 'FLNG000003', 0.006),
('BGPK000026', 'HRDW000005', 1.000),
('BGPK000026', 'HRDW000006', 1.000),
('BGPK000026', 'HRDW000012', 2.000),
('BGPK000026', 'HRDW000014', 16.000),
('BGPK000026', 'HRDW000018', 0.800),
('BGPK000026', 'HRDW000019', 2.000),
('BGPK000026', 'HRDW000039', 2.000),
('BGPK000026', 'LTHR000004', 0.015),
('BGPK000026', 'PCKG000001', 1.000),
('BGPK000026', 'PCKG000002', 1.000),
('BGPK000026', 'STRP000003', 9.500),
('BGPK000026', 'STRP000004', 2.400),
('BGPK000026', 'STRP000005', 0.800),
('BGPK000026', 'STRP000006', 0.350),
('BGPK000026', 'STRP000052', 0.450),
('BGPK000026', 'THRD000001', 30.000),
('BGPK000026', 'THRD000008', 290.000),
('BGPK000027', 'BRND000001', 1.000),
('BGPK000027', 'BRND000003', 2.000),
('BGPK000027', 'FBRK000002', 0.250),
('BGPK000027', 'FBRK000010', 0.200),
('BGPK000027', 'FBRK000012', 1.350),
('BGPK000027', 'FBRK000033', 0.020),
('BGPK000027', 'FBRK000046', 1.000),
('BGPK000027', 'FBRK000069', 0.250),
('BGPK000027', 'FBRK000114', 0.190),
('BGPK000027', 'FLNG000001', 0.100),
('BGPK000027', 'FLNG000002', 0.075),
('BGPK000027', 'FLNG000003', 0.006),
('BGPK000027', 'HRDW000001', 2.000),
('BGPK000027', 'HRDW000002', 2.000),
('BGPK000027', 'HRDW000005', 1.000),
('BGPK000027', 'HRDW000006', 1.000),
('BGPK000027', 'HRDW000012', 2.000),
('BGPK000027', 'HRDW000014', 4.000),
('BGPK000027', 'HRDW000015', 12.000),
('BGPK000027', 'HRDW000018', 0.750),
('BGPK000027', 'HRDW000019', 2.000),
('BGPK000027', 'LTHR000004', 0.015),
('BGPK000027', 'PCKG000001', 1.000),
('BGPK000027', 'PCKG000002', 1.000),
('BGPK000027', 'STRP000003', 2.100),
('BGPK000027', 'STRP000004', 8.700),
('BGPK000027', 'STRP000005', 0.800),
('BGPK000027', 'STRP000006', 0.400),
('BGPK000027', 'STRP000052', 0.450),
('BGPK000027', 'THRD000001', 250.000),
('BGPK000027', 'THRD000004', 40.000),
('BGPK000028', 'BRND000001', 1.000),
('BGPK000028', 'BRND000003', 2.000),
('BGPK000028', 'FBRK000001', 0.250),
('BGPK000028', 'FBRK000010', 0.200),
('BGPK000028', 'FBRK000013', 1.350),
('BGPK000028', 'FBRK000033', 0.020),
('BGPK000028', 'FBRK000046', 0.200),
('BGPK000028', 'FBRK000053', 0.750),
('BGPK000028', 'FBRK000069', 0.250),
('BGPK000028', 'FBRK000114', 0.190),
('BGPK000028', 'FLNG000001', 0.100),
('BGPK000028', 'FLNG000002', 0.075),
('BGPK000028', 'FLNG000003', 0.006),
('BGPK000028', 'HRDW000001', 2.000),
('BGPK000028', 'HRDW000002', 2.000),
('BGPK000028', 'HRDW000005', 1.000),
('BGPK000028', 'HRDW000006', 1.000),
('BGPK000028', 'HRDW000012', 2.000),
('BGPK000028', 'HRDW000014', 4.000),
('BGPK000028', 'HRDW000015', 12.000),
('BGPK000028', 'HRDW000018', 0.750),
('BGPK000028', 'HRDW000019', 2.000),
('BGPK000028', 'LTHR000004', 0.015),
('BGPK000028', 'PCKG000001', 1.000),
('BGPK000028', 'PCKG000002', 1.000),
('BGPK000028', 'STRP000003', 2.100),
('BGPK000028', 'STRP000004', 8.700),
('BGPK000028', 'STRP000005', 0.800),
('BGPK000028', 'STRP000006', 0.400),
('BGPK000028', 'STRP000053', 0.450),
('BGPK000028', 'THRD000001', 250.000),
('BGPK000028', 'THRD000003', 40.000),
('BGPK000028', 'THRD000014', 30.000),
('BGPK000029', 'BRND000001', 1.000),
('BGPK000029', 'BRND000003', 2.000),
('BGPK000029', 'FBRK000001', 0.250),
('BGPK000029', 'FBRK000010', 0.200),
('BGPK000029', 'FBRK000013', 1.350),
('BGPK000029', 'FBRK000033', 0.020),
('BGPK000029', 'FBRK000046', 0.200),
('BGPK000029', 'FBRK000048', 0.750),
('BGPK000029', 'FBRK000069', 0.250),
('BGPK000029', 'FBRK000114', 0.190),
('BGPK000029', 'FLNG000001', 0.100),
('BGPK000029', 'FLNG000002', 0.075),
('BGPK000029', 'FLNG000003', 0.006),
('BGPK000029', 'HRDW000001', 2.000),
('BGPK000029', 'HRDW000002', 2.000),
('BGPK000029', 'HRDW000005', 1.000),
('BGPK000029', 'HRDW000006', 1.000),
('BGPK000029', 'HRDW000012', 2.000),
('BGPK000029', 'HRDW000014', 4.000),
('BGPK000029', 'HRDW000015', 12.000),
('BGPK000029', 'HRDW000018', 0.750),
('BGPK000029', 'HRDW000019', 2.000),
('BGPK000029', 'LTHR000004', 0.015),
('BGPK000029', 'PCKG000001', 1.000),
('BGPK000029', 'PCKG000002', 1.000),
('BGPK000029', 'STRP000003', 2.100),
('BGPK000029', 'STRP000004', 8.700),
('BGPK000029', 'STRP000005', 0.800),
('BGPK000029', 'STRP000006', 0.400),
('BGPK000029', 'STRP000053', 0.450),
('BGPK000029', 'THRD000001', 250.000),
('BGPK000029', 'THRD000003', 40.000),
('BGPK000029', 'THRD000017', 30.000),
('BGPK000030', 'BRND000001', 1.000),
('BGPK000030', 'BRND000003', 2.000),
('BGPK000030', 'FBRK000001', 0.250),
('BGPK000030', 'FBRK000010', 0.200),
('BGPK000030', 'FBRK000013', 1.250),
('BGPK000030', 'FBRK000033', 0.020),
('BGPK000030', 'FBRK000046', 0.200),
('BGPK000030', 'FBRK000059', 0.750),
('BGPK000030', 'FBRK000069', 0.250),
('BGPK000030', 'FBRK000114', 0.190),
('BGPK000030', 'FLNG000001', 0.100),
('BGPK000030', 'FLNG000002', 0.075),
('BGPK000030', 'FLNG000003', 0.006),
('BGPK000030', 'HRDW000001', 2.000),
('BGPK000030', 'HRDW000002', 2.000),
('BGPK000030', 'HRDW000005', 1.000),
('BGPK000030', 'HRDW000006', 1.000),
('BGPK000030', 'HRDW000012', 2.000),
('BGPK000030', 'HRDW000014', 4.000),
('BGPK000030', 'HRDW000015', 12.000),
('BGPK000030', 'HRDW000018', 0.750),
('BGPK000030', 'LTHR000004', 0.015),
('BGPK000030', 'PCKG000001', 1.000),
('BGPK000030', 'PCKG000002', 1.000),
('BGPK000030', 'STRP000003', 2.100),
('BGPK000030', 'STRP000004', 8.700),
('BGPK000030', 'STRP000005', 0.800),
('BGPK000030', 'STRP000006', 0.400),
('BGPK000030', 'STRP000053', 0.450),
('BGPK000030', 'THRD000001', 250.000),
('BGPK000030', 'THRD000003', 40.000),
('BGPK000030', 'THRD000015', 30.000),
('BGPK000031', 'BRND000001', 1.000),
('BGPK000031', 'BRND000003', 2.000),
('BGPK000031', 'FBRK000001', 0.250),
('BGPK000031', 'FBRK000010', 0.200),
('BGPK000031', 'FBRK000013', 1.350),
('BGPK000031', 'FBRK000033', 0.020),
('BGPK000031', 'FBRK000046', 0.200),
('BGPK000031', 'FBRK000047', 0.750),
('BGPK000031', 'FBRK000069', 0.250),
('BGPK000031', 'FBRK000114', 0.190),
('BGPK000031', 'FLNG000001', 0.100),
('BGPK000031', 'FLNG000002', 0.075),
('BGPK000031', 'FLNG000003', 0.006),
('BGPK000031', 'HRDW000001', 2.000),
('BGPK000031', 'HRDW000002', 2.000),
('BGPK000031', 'HRDW000005', 1.000),
('BGPK000031', 'HRDW000006', 1.000),
('BGPK000031', 'HRDW000012', 2.000),
('BGPK000031', 'HRDW000014', 4.000),
('BGPK000031', 'HRDW000015', 12.000),
('BGPK000031', 'HRDW000018', 0.750),
('BGPK000031', 'HRDW000019', 2.000),
('BGPK000031', 'LTHR000004', 0.015),
('BGPK000031', 'PCKG000001', 1.000),
('BGPK000031', 'PCKG000002', 1.000),
('BGPK000031', 'STRP000003', 2.100),
('BGPK000031', 'STRP000004', 8.700),
('BGPK000031', 'STRP000005', 0.800),
('BGPK000031', 'STRP000006', 0.400),
('BGPK000031', 'STRP000053', 0.450),
('BGPK000031', 'THRD000001', 250.000),
('BGPK000031', 'THRD000002', 30.000),
('BGPK000031', 'THRD000003', 40.000),
('BGPK000032', 'BRND000001', 1.000),
('BGPK000032', 'BRND000003', 2.000),
('BGPK000032', 'FBRK000001', 0.250),
('BGPK000032', 'FBRK000010', 0.200),
('BGPK000032', 'FBRK000013', 1.350),
('BGPK000032', 'FBRK000033', 0.020),
('BGPK000032', 'FBRK000046', 0.200),
('BGPK000032', 'FBRK000054', 0.750),
('BGPK000032', 'FBRK000069', 0.250),
('BGPK000032', 'FBRK000114', 0.190),
('BGPK000032', 'FLNG000001', 0.100),
('BGPK000032', 'FLNG000002', 0.075),
('BGPK000032', 'FLNG000003', 0.006),
('BGPK000032', 'HRDW000001', 2.000),
('BGPK000032', 'HRDW000002', 2.000),
('BGPK000032', 'HRDW000005', 1.000),
('BGPK000032', 'HRDW000006', 1.000),
('BGPK000032', 'HRDW000012', 2.000),
('BGPK000032', 'HRDW000014', 4.000),
('BGPK000032', 'HRDW000015', 12.000),
('BGPK000032', 'HRDW000018', 0.750),
('BGPK000032', 'HRDW000019', 2.000),
('BGPK000032', 'LTHR000004', 0.015),
('BGPK000032', 'PCKG000001', 1.000),
('BGPK000032', 'PCKG000002', 1.000),
('BGPK000032', 'STRP000003', 2.100),
('BGPK000032', 'STRP000004', 8.700),
('BGPK000032', 'STRP000005', 0.800),
('BGPK000032', 'STRP000006', 0.400),
('BGPK000032', 'STRP000053', 0.450),
('BGPK000032', 'THRD000001', 250.000),
('BGPK000032', 'THRD000003', 40.000),
('BGPK000032', 'THRD000018', 30.000),
('BGPK000033', 'BRND000001', 1.000),
('BGPK000033', 'BRND000003', 2.000),
('BGPK000033', 'FBRK000001', 0.250),
('BGPK000033', 'FBRK000010', 0.200),
('BGPK000033', 'FBRK000014', 1.350),
('BGPK000033', 'FBRK000033', 0.020),
('BGPK000033', 'FBRK000047', 0.200),
('BGPK000033', 'FBRK000069', 0.250),
('BGPK000033', 'FBRK000071', 0.750),
('BGPK000033', 'FBRK000114', 0.190),
('BGPK000033', 'FLNG000001', 0.100),
('BGPK000033', 'FLNG000002', 0.075),
('BGPK000033', 'FLNG000003', 0.006),
('BGPK000033', 'HRDW000005', 3.000),
('BGPK000033', 'HRDW000006', 3.000),
('BGPK000033', 'HRDW000012', 2.000),
('BGPK000033', 'HRDW000014', 16.000),
('BGPK000033', 'HRDW000018', 0.750),
('BGPK000033', 'HRDW000019', 2.000),
('BGPK000033', 'LTHR000004', 0.015),
('BGPK000033', 'PCKG000001', 1.000),
('BGPK000033', 'PCKG000002', 1.000),
('BGPK000033', 'STRP000003', 5.300),
('BGPK000033', 'STRP000004', 2.400),
('BGPK000033', 'STRP000005', 0.800),
('BGPK000033', 'STRP000006', 0.400),
('BGPK000033', 'STRP000025', 5.200),
('BGPK000033', 'STRP000053', 0.450),
('BGPK000033', 'THRD000001', 120.000),
('BGPK000033', 'THRD000002', 250.000),
('BGPK000033', 'THRD000009', 40.000),
('BGPK000034', 'BRND000001', 1.000),
('BGPK000034', 'BRND000003', 2.000),
('BGPK000034', 'FBRK000010', 0.200),
('BGPK000034', 'FBRK000020', 0.220),
('BGPK000034', 'FBRK000026', 1.450),
('BGPK000034', 'FBRK000033', 0.020),
('BGPK000034', 'FBRK000069', 0.250),
('BGPK000034', 'FBRK000090', 0.200),
('BGPK000034', 'FBRK000092', 1.000),
('BGPK000034', 'FLNG000002', 0.075),
('BGPK000034', 'FLNG000003', 0.100),
('BGPK000034', 'FLNG000005', 0.060),
('BGPK000034', 'HRDW000010', 4.000),
('BGPK000034', 'HRDW000011', 4.000),
('BGPK000034', 'HRDW000014', 4.000),
('BGPK000034', 'HRDW000015', 2.000),
('BGPK000034', 'HRDW000016', 1.000),
('BGPK000034', 'HRDW000017', 0.420),
('BGPK000034', 'HRDW000018', 0.740),
('BGPK000034', 'HRDW000020', 3.000),
('BGPK000034', 'HRDW000042', 1.000),
('BGPK000034', 'HRDW000056', 1.000),
('BGPK000034', 'HRDW000058', 2.000),
('BGPK000034', 'PCKG000001', 1.000),
('BGPK000034', 'PCKG000002', 1.000),
('BGPK000034', 'STRP000003', 3.500),
('BGPK000034', 'STRP000004', 2.900),
('BGPK000034', 'STRP000005', 2.200),
('BGPK000034', 'STRP000006', 2.400),
('BGPK000034', 'STRP000052', 0.450),
('BGPK000034', 'THRD000001', 30.000),
('BGPK000034', 'THRD000004', 290.000),
('BGPK000035', 'BRND000001', 1.000),
('BGPK000035', 'BRND000003', 2.000),
('BGPK000035', 'FBRK000002', 0.250),
('BGPK000035', 'FBRK000010', 0.250),
('BGPK000035', 'FBRK000012', 1.450),
('BGPK000035', 'FBRK000033', 0.020),
('BGPK000035', 'FBRK000046', 1.150),
('BGPK000035', 'FBRK000069', 0.250),
('BGPK000035', 'FLNG000001', 0.150),
('BGPK000035', 'FLNG000002', 0.075),
('BGPK000035', 'FLNG000003', 0.007),
('BGPK000035', 'HRDW000003', 1.000),
('BGPK000035', 'HRDW000004', 1.000),
('BGPK000035', 'HRDW000005', 3.000),
('BGPK000035', 'HRDW000006', 3.000),
('BGPK000035', 'HRDW000012', 2.000),
('BGPK000035', 'HRDW000014', 16.000),
('BGPK000035', 'HRDW000018', 0.760),
('BGPK000035', 'HRDW000019', 2.000),
('BGPK000035', 'LTHR000004', 0.015),
('BGPK000035', 'PCKG000001', 1.000),
('BGPK000035', 'PCKG000002', 1.000),
('BGPK000035', 'STRP000003', 7.300),
('BGPK000035', 'STRP000004', 4.100),
('BGPK000035', 'STRP000005', 0.800),
('BGPK000035', 'STRP000006', 0.350),
('BGPK000035', 'STRP000052', 0.450),
('BGPK000035', 'THRD000001', 250.000),
('BGPK000035', 'THRD000004', 30.000),
('BGPK000036', 'BRND000001', 1.000),
('BGPK000036', 'BRND000003', 2.000),
('BGPK000036', 'FBRK000001', 0.250),
('BGPK000036', 'FBRK000010', 0.250),
('BGPK000036', 'FBRK000013', 1.450),
('BGPK000036', 'FBRK000033', 0.020),
('BGPK000036', 'FBRK000041', 0.200),
('BGPK000036', 'FBRK000054', 0.950),
('BGPK000036', 'FBRK000069', 0.250),
('BGPK000036', 'FLNG000001', 0.150),
('BGPK000036', 'FLNG000002', 0.075),
('BGPK000036', 'FLNG000003', 0.007),
('BGPK000036', 'HRDW000003', 1.000),
('BGPK000036', 'HRDW000004', 1.000),
('BGPK000036', 'HRDW000005', 3.000),
('BGPK000036', 'HRDW000006', 3.000),
('BGPK000036', 'HRDW000012', 2.000),
('BGPK000036', 'HRDW000014', 16.000),
('BGPK000036', 'HRDW000018', 0.760),
('BGPK000036', 'HRDW000019', 2.000),
('BGPK000036', 'LTHR000004', 0.015),
('BGPK000036', 'PCKG000001', 1.000),
('BGPK000036', 'PCKG000002', 1.000),
('BGPK000036', 'STRP000003', 7.300),
('BGPK000036', 'STRP000004', 4.100),
('BGPK000036', 'STRP000005', 0.800),
('BGPK000036', 'STRP000006', 0.350),
('BGPK000036', 'STRP000052', 0.450),
('BGPK000036', 'THRD000001', 50.000),
('BGPK000036', 'THRD000003', 30.000),
('BGPK000036', 'THRD000018', 200.000),
('BGPK000037', 'BRND000001', 1.000),
('BGPK000037', 'BRND000003', 2.000),
('BGPK000037', 'FBRK000001', 0.250),
('BGPK000037', 'FBRK000010', 0.250),
('BGPK000037', 'FBRK000013', 1.450),
('BGPK000037', 'FBRK000033', 0.020),
('BGPK000037', 'FBRK000041', 0.200),
('BGPK000037', 'FBRK000059', 0.950),
('BGPK000037', 'FBRK000069', 0.250),
('BGPK000037', 'FLNG000001', 0.150),
('BGPK000037', 'FLNG000002', 0.075),
('BGPK000037', 'FLNG000003', 0.007),
('BGPK000037', 'HRDW000003', 1.000),
('BGPK000037', 'HRDW000004', 1.000),
('BGPK000037', 'HRDW000005', 3.000),
('BGPK000037', 'HRDW000006', 3.000),
('BGPK000037', 'HRDW000012', 2.000),
('BGPK000037', 'HRDW000014', 16.000),
('BGPK000037', 'HRDW000018', 0.760),
('BGPK000037', 'HRDW000019', 2.000),
('BGPK000037', 'LTHR000004', 0.015),
('BGPK000037', 'PCKG000001', 1.000),
('BGPK000037', 'PCKG000002', 1.000),
('BGPK000037', 'STRP000003', 7.300),
('BGPK000037', 'STRP000004', 4.100),
('BGPK000037', 'STRP000005', 0.800),
('BGPK000037', 'STRP000006', 0.350),
('BGPK000037', 'STRP000052', 0.450),
('BGPK000037', 'THRD000001', 50.000),
('BGPK000037', 'THRD000003', 30.000),
('BGPK000037', 'THRD000015', 200.000),
('BGPK000038', 'BRND000001', 1.000),
('BGPK000038', 'BRND000003', 2.000),
('BGPK000038', 'FBRK000001', 0.250),
('BGPK000038', 'FBRK000010', 0.250),
('BGPK000038', 'FBRK000013', 1.450),
('BGPK000038', 'FBRK000033', 0.020),
('BGPK000038', 'FBRK000041', 0.200),
('BGPK000038', 'FBRK000047', 0.950),
('BGPK000038', 'FBRK000069', 0.250),
('BGPK000038', 'FLNG000001', 0.150),
('BGPK000038', 'FLNG000002', 0.075),
('BGPK000038', 'FLNG000003', 0.007),
('BGPK000038', 'HRDW000003', 1.000),
('BGPK000038', 'HRDW000004', 1.000),
('BGPK000038', 'HRDW000005', 3.000),
('BGPK000038', 'HRDW000006', 3.000),
('BGPK000038', 'HRDW000012', 2.000),
('BGPK000038', 'HRDW000014', 16.000),
('BGPK000038', 'HRDW000018', 0.760),
('BGPK000038', 'HRDW000019', 2.000),
('BGPK000038', 'LTHR000004', 0.015),
('BGPK000038', 'PCKG000001', 1.000),
('BGPK000038', 'PCKG000002', 1.000),
('BGPK000038', 'STRP000003', 7.300),
('BGPK000038', 'STRP000004', 4.100),
('BGPK000038', 'STRP000005', 0.800),
('BGPK000038', 'STRP000006', 0.350),
('BGPK000038', 'STRP000052', 0.450),
('BGPK000038', 'THRD000001', 50.000),
('BGPK000038', 'THRD000002', 200.000),
('BGPK000038', 'THRD000003', 30.000),
('BGPK000039', 'BRND000001', 1.000),
('BGPK000039', 'BRND000003', 2.000),
('BGPK000039', 'FBRK000002', 0.250),
('BGPK000039', 'FBRK000010', 0.250),
('BGPK000039', 'FBRK000013', 1.450),
('BGPK000039', 'FBRK000033', 0.020),
('BGPK000039', 'FBRK000069', 0.250),
('BGPK000039', 'FBRK000086', 1.150),
('BGPK000039', 'FLNG000001', 0.150),
('BGPK000039', 'FLNG000002', 0.075),
('BGPK000039', 'FLNG000003', 0.007),
('BGPK000039', 'HRDW000003', 1.000),
('BGPK000039', 'HRDW000004', 1.000),
('BGPK000039', 'HRDW000005', 1.000),
('BGPK000039', 'HRDW000006', 1.000),
('BGPK000039', 'HRDW000012', 2.000),
('BGPK000039', 'HRDW000014', 16.000),
('BGPK000039', 'HRDW000018', 0.760),
('BGPK000039', 'HRDW000019', 2.000),
('BGPK000039', 'HRDW000039', 2.000),
('BGPK000039', 'LTHR000004', 0.015),
('BGPK000039', 'PCKG000001', 1.000),
('BGPK000039', 'PCKG000002', 1.000),
('BGPK000039', 'STRP000003', 7.300),
('BGPK000039', 'STRP000004', 4.100),
('BGPK000039', 'STRP000005', 0.800),
('BGPK000039', 'STRP000006', 0.350),
('BGPK000039', 'STRP000052', 0.450),
('BGPK000039', 'THRD000001', 250.000),
('BGPK000039', 'THRD000004', 30.000),
('BGPK000040', 'BRND000001', 1.000),
('BGPK000040', 'BRND000003', 2.000),
('BGPK000040', 'FBRK000001', 0.250),
('BGPK000040', 'FBRK000010', 0.250),
('BGPK000040', 'FBRK000012', 1.450),
('BGPK000040', 'FBRK000033', 0.020),
('BGPK000040', 'FBRK000069', 0.250),
('BGPK000040', 'FBRK000086', 0.200),
('BGPK000040', 'FBRK000088', 0.950),
('BGPK000040', 'FLNG000001', 0.150),
('BGPK000040', 'FLNG000002', 0.075),
('BGPK000040', 'FLNG000003', 0.007),
('BGPK000040', 'HRDW000003', 1.000),
('BGPK000040', 'HRDW000004', 1.000),
('BGPK000040', 'HRDW000005', 3.000),
('BGPK000040', 'HRDW000006', 3.000),
('BGPK000040', 'HRDW000012', 2.000),
('BGPK000040', 'HRDW000014', 16.000),
('BGPK000040', 'HRDW000018', 0.760),
('BGPK000040', 'HRDW000019', 2.000),
('BGPK000040', 'LTHR000004', 0.015),
('BGPK000040', 'PCKG000001', 1.000),
('BGPK000040', 'PCKG000002', 1.000),
('BGPK000040', 'STRP000003', 7.300),
('BGPK000040', 'STRP000004', 4.100),
('BGPK000040', 'STRP000005', 0.800),
('BGPK000040', 'STRP000006', 0.350),
('BGPK000040', 'STRP000052', 0.450),
('BGPK000040', 'THRD000001', 30.000),
('BGPK000040', 'THRD000004', 250.000),
('BGPK000041', 'BRND000001', 1.000),
('BGPK000041', 'BRND000003', 2.000),
('BGPK000041', 'FBRK000001', 0.250),
('BGPK000041', 'FBRK000010', 0.250),
('BGPK000041', 'FBRK000017', 1.450),
('BGPK000041', 'FBRK000033', 0.020),
('BGPK000041', 'FBRK000069', 0.250),
('BGPK000041', 'FBRK000086', 0.200),
('BGPK000041', 'FBRK000089', 0.950),
('BGPK000041', 'FLNG000001', 0.150),
('BGPK000041', 'FLNG000002', 0.075),
('BGPK000041', 'FLNG000003', 0.007),
('BGPK000041', 'HRDW000003', 1.000),
('BGPK000041', 'HRDW000004', 1.000),
('BGPK000041', 'HRDW000005', 3.000),
('BGPK000041', 'HRDW000006', 3.000),
('BGPK000041', 'HRDW000012', 2.000),
('BGPK000041', 'HRDW000014', 16.000),
('BGPK000041', 'HRDW000018', 0.760),
('BGPK000041', 'HRDW000019', 2.000),
('BGPK000041', 'LTHR000004', 0.015),
('BGPK000041', 'PCKG000001', 1.000),
('BGPK000041', 'PCKG000002', 1.000),
('BGPK000041', 'STRP000003', 7.300),
('BGPK000041', 'STRP000004', 4.100),
('BGPK000041', 'STRP000005', 0.800),
('BGPK000041', 'STRP000006', 0.350),
('BGPK000041', 'STRP000052', 0.450),
('BGPK000041', 'THRD000001', 30.000),
('BGPK000041', 'THRD000007', 1.000),
('BGPK000041', 'THRD000010', 250.000),
('BGPK000042', 'BRND000001', 1.000),
('BGPK000042', 'BRND000003', 2.000),
('BGPK000042', 'FBRK000001', 0.250),
('BGPK000042', 'FBRK000010', 0.250),
('BGPK000042', 'FBRK000015', 1.450),
('BGPK000042', 'FBRK000033', 0.020),
('BGPK000042', 'FBRK000069', 0.250),
('BGPK000042', 'FBRK000086', 0.200),
('BGPK000042', 'FBRK000087', 0.950),
('BGPK000042', 'FLNG000001', 0.150),
('BGPK000042', 'FLNG000002', 0.075),
('BGPK000042', 'FLNG000003', 0.007),
('BGPK000042', 'HRDW000003', 1.000),
('BGPK000042', 'HRDW000004', 1.000),
('BGPK000042', 'HRDW000005', 3.000),
('BGPK000042', 'HRDW000006', 3.000),
('BGPK000042', 'HRDW000012', 2.000),
('BGPK000042', 'HRDW000014', 16.000),
('BGPK000042', 'HRDW000018', 0.760),
('BGPK000042', 'HRDW000019', 2.000),
('BGPK000042', 'LTHR000004', 0.015),
('BGPK000042', 'PCKG000001', 1.000),
('BGPK000042', 'PCKG000002', 1.000),
('BGPK000042', 'STRP000003', 7.300),
('BGPK000042', 'STRP000004', 4.100),
('BGPK000042', 'STRP000005', 0.800),
('BGPK000042', 'STRP000006', 0.350),
('BGPK000042', 'STRP000052', 0.450),
('BGPK000042', 'THRD000001', 30.000),
('BGPK000042', 'THRD000008', 250.000),
('BGPK000043', 'BRND000001', 1.000),
('BGPK000043', 'BRND000003', 1.000),
('BGPK000043', 'FBRK000001', 0.250),
('BGPK000043', 'FBRK000013', 1.200),
('BGPK000043', 'FBRK000033', 0.200),
('BGPK000043', 'FBRK000046', 0.200),
('BGPK000043', 'FBRK000070', 0.750),
('BGPK000043', 'FBRK000114', 0.150),
('BGPK000043', 'FLNG000001', 0.100),
('BGPK000043', 'FLNG000003', 0.075),
('BGPK000043', 'HRDW000005', 1.000),
('BGPK000043', 'HRDW000006', 1.000),
('BGPK000043', 'HRDW000010', 2.000),
('BGPK000043', 'HRDW000018', 0.800),
('BGPK000043', 'HRDW000019', 2.000),
('BGPK000043', 'LTHR000004', 0.015),
('BGPK000043', 'PCKG000001', 1.000),
('BGPK000043', 'PCKG000002', 1.000),
('BGPK000043', 'STRP000003', 2.200),
('BGPK000043', 'STRP000004', 2.600),
('BGPK000043', 'THRD000001', 150.000),
('BGPK000043', 'THRD000003', 20.000),
('BGPK000044', 'BRND000001', 1.000),
('BGPK000044', 'BRND000003', 1.000),
('BGPK000044', 'FBRK000001', 0.250),
('BGPK000044', 'FBRK000013', 1.200),
('BGPK000044', 'FBRK000033', 0.200),
('BGPK000044', 'FBRK000046', 0.200),
('BGPK000044', 'FBRK000053', 0.650),
('BGPK000044', 'FBRK000069', 0.100),
('BGPK000044', 'FBRK000114', 0.150),
('BGPK000044', 'FLNG000001', 0.100),
('BGPK000044', 'FLNG000003', 0.075),
('BGPK000044', 'HRDW000005', 1.000),
('BGPK000044', 'HRDW000006', 1.000),
('BGPK000044', 'HRDW000010', 2.000),
('BGPK000044', 'HRDW000018', 0.800),
('BGPK000044', 'HRDW000019', 2.000),
('BGPK000044', 'LTHR000004', 0.015),
('BGPK000044', 'PCKG000001', 1.000),
('BGPK000044', 'PCKG000002', 1.000),
('BGPK000044', 'STRP000003', 2.200),
('BGPK000044', 'STRP000004', 2.600),
('BGPK000044', 'THRD000001', 20.000),
('BGPK000044', 'THRD000003', 20.000),
('BGPK000044', 'THRD000014', 100.000),
('BGPK000045', 'BRND000001', 1.000),
('BGPK000045', 'BRND000003', 1.000),
('BGPK000045', 'FBRK000001', 0.250),
('BGPK000045', 'FBRK000013', 1.200),
('BGPK000045', 'FBRK000033', 0.200),
('BGPK000045', 'FBRK000046', 0.200),
('BGPK000045', 'FBRK000059', 0.650),
('BGPK000045', 'FBRK000069', 0.100),
('BGPK000045', 'FBRK000114', 0.150),
('BGPK000045', 'FLNG000001', 0.100),
('BGPK000045', 'FLNG000003', 0.075),
('BGPK000045', 'HRDW000005', 1.000),
('BGPK000045', 'HRDW000006', 1.000),
('BGPK000045', 'HRDW000010', 2.000),
('BGPK000045', 'HRDW000018', 0.800),
('BGPK000045', 'HRDW000019', 2.000),
('BGPK000045', 'LTHR000004', 0.015),
('BGPK000045', 'PCKG000001', 1.000),
('BGPK000045', 'PCKG000002', 1.000),
('BGPK000045', 'STRP000003', 2.200),
('BGPK000045', 'STRP000004', 2.600),
('BGPK000045', 'THRD000001', 20.000),
('BGPK000045', 'THRD000003', 20.000),
('BGPK000045', 'THRD000015', 100.000),
('BGPK000046', 'BRND000001', 1.000),
('BGPK000046', 'BRND000003', 1.000),
('BGPK000046', 'FBRK000001', 0.250),
('BGPK000046', 'FBRK000013', 1.200),
('BGPK000046', 'FBRK000033', 0.200),
('BGPK000046', 'FBRK000046', 0.200),
('BGPK000046', 'FBRK000048', 0.650),
('BGPK000046', 'FBRK000069', 0.100),
('BGPK000046', 'FBRK000114', 0.150),
('BGPK000046', 'FLNG000001', 0.100),
('BGPK000046', 'FLNG000003', 0.075),
('BGPK000046', 'HRDW000005', 1.000),
('BGPK000046', 'HRDW000006', 1.000),
('BGPK000046', 'HRDW000010', 2.000),
('BGPK000046', 'HRDW000018', 0.800),
('BGPK000046', 'HRDW000019', 2.000),
('BGPK000046', 'LTHR000004', 0.015),
('BGPK000046', 'PCKG000001', 1.000),
('BGPK000046', 'PCKG000002', 1.000),
('BGPK000046', 'STRP000003', 2.200),
('BGPK000046', 'STRP000004', 2.600),
('BGPK000046', 'THRD000001', 20.000),
('BGPK000046', 'THRD000003', 20.000),
('BGPK000046', 'THRD000017', 100.000),
('BGPK000047', 'BRND000001', 1.000),
('BGPK000047', 'BRND000003', 1.000),
('BGPK000047', 'FBRK000001', 0.250),
('BGPK000047', 'FBRK000013', 1.200),
('BGPK000047', 'FBRK000033', 0.200),
('BGPK000047', 'FBRK000046', 0.200),
('BGPK000047', 'FBRK000054', 0.650),
('BGPK000047', 'FBRK000069', 0.100),
('BGPK000047', 'FBRK000114', 0.150),
('BGPK000047', 'FLNG000001', 0.100),
('BGPK000047', 'FLNG000003', 0.075),
('BGPK000047', 'HRDW000005', 1.000),
('BGPK000047', 'HRDW000006', 1.000),
('BGPK000047', 'HRDW000010', 2.000),
('BGPK000047', 'HRDW000018', 0.800),
('BGPK000047', 'HRDW000019', 2.000),
('BGPK000047', 'LTHR000004', 0.015),
('BGPK000047', 'PCKG000001', 1.000),
('BGPK000047', 'PCKG000002', 1.000),
('BGPK000047', 'STRP000003', 2.200),
('BGPK000047', 'STRP000004', 2.600),
('BGPK000047', 'THRD000001', 20.000),
('BGPK000047', 'THRD000003', 20.000),
('BGPK000047', 'THRD000018', 100.000),
('BGPK000048', 'BRND000001', 1.000),
('BGPK000048', 'BRND000003', 1.000),
('BGPK000048', 'FBRK000001', 0.250),
('BGPK000048', 'FBRK000013', 1.200),
('BGPK000048', 'FBRK000033', 0.200),
('BGPK000048', 'FBRK000046', 0.200),
('BGPK000048', 'FBRK000070', 0.750),
('BGPK000048', 'FBRK000114', 0.150),
('BGPK000048', 'FLNG000001', 0.100),
('BGPK000048', 'FLNG000003', 0.075),
('BGPK000048', 'HRDW000005', 1.000),
('BGPK000048', 'HRDW000006', 1.000),
('BGPK000048', 'HRDW000010', 2.000),
('BGPK000048', 'HRDW000018', 0.800),
('BGPK000048', 'HRDW000019', 2.000),
('BGPK000048', 'HRDW000067', 1.000),
('BGPK000048', 'LTHR000004', 0.015),
('BGPK000048', 'PCKG000001', 1.000),
('BGPK000048', 'PCKG000002', 1.000),
('BGPK000048', 'STRP000003', 2.200),
('BGPK000048', 'STRP000004', 2.600),
('BGPK000048', 'THRD000001', 150.000),
('BGPK000048', 'THRD000003', 20.000),
('BGPK000049', 'BRND000001', 1.000),
('BGPK000049', 'BRND000003', 1.000),
('BGPK000049', 'FBRK000001', 0.300),
('BGPK000049', 'FBRK000015', 1.200),
('BGPK000049', 'FBRK000033', 0.200),
('BGPK000049', 'FBRK000069', 0.190),
('BGPK000049', 'FBRK000101', 0.750),
('BGPK000049', 'FBRK000114', 0.125),
('BGPK000049', 'FLNG000001', 0.080),
('BGPK000049', 'FLNG000003', 0.075),
('BGPK000049', 'HRDW000010', 2.000),
('BGPK000049', 'HRDW000018', 0.800),
('BGPK000049', 'HRDW000019', 2.000),
('BGPK000049', 'HRDW000055', 1.000),
('BGPK000049', 'LTHR000001', 0.180),
('BGPK000049', 'PCKG000001', 1.000),
('BGPK000049', 'PCKG000002', 1.000),
('BGPK000049', 'STRP000003', 2.200),
('BGPK000049', 'STRP000004', 0.200),
('BGPK000049', 'STRP000015', 2.500),
('BGPK000049', 'THRD000001', 100.000),
('BGPK000049', 'THRD000008', 20.000),
('BGPK000050', 'BRND000001', 1.000),
('BGPK000050', 'BRND000003', 1.000),
('BGPK000050', 'FBRK000001', 0.300),
('BGPK000050', 'FBRK000015', 1.200),
('BGPK000050', 'FBRK000033', 0.200),
('BGPK000050', 'FBRK000069', 0.190),
('BGPK000050', 'FBRK000104', 0.750),
('BGPK000050', 'FBRK000114', 0.125),
('BGPK000050', 'FLNG000001', 0.080),
('BGPK000050', 'FLNG000003', 0.075),
('BGPK000050', 'HRDW000010', 2.000),
('BGPK000050', 'HRDW000018', 0.800),
('BGPK000050', 'HRDW000019', 2.000),
('BGPK000050', 'HRDW000055', 1.000),
('BGPK000050', 'LTHR000003', 0.015),
('BGPK000050', 'PCKG000001', 1.000),
('BGPK000050', 'PCKG000002', 1.000),
('BGPK000050', 'STRP000003', 2.200),
('BGPK000050', 'STRP000004', 0.200),
('BGPK000050', 'STRP000015', 2.500),
('BGPK000050', 'THRD000001', 100.000),
('BGPK000050', 'THRD000008', 20.000),
('BGPK000050', 'THRD000011', 20.000),
('BGPK000051', 'BRND000001', 1.000),
('BGPK000051', 'BRND000003', 2.000),
('BGPK000051', 'FBRK000001', 0.250),
('BGPK000051', 'FBRK000017', 0.300),
('BGPK000051', 'FBRK000022', 1.100),
('BGPK000051', 'FBRK000033', 0.250),
('BGPK000051', 'FBRK000046', 0.800),
('BGPK000051', 'FBRK000069', 0.350),
('BGPK000051', 'FBRK000114', 0.250),
('BGPK000051', 'FLNG000002', 0.075),
('BGPK000051', 'HRDW000005', 2.000),
('BGPK000051', 'HRDW000006', 2.000),
('BGPK000051', 'HRDW000009', 2.000),
('BGPK000051', 'HRDW000011', 4.000),
('BGPK000051', 'HRDW000013', 8.000),
('BGPK000051', 'HRDW000014', 4.000),
('BGPK000051', 'HRDW000018', 1.300),
('BGPK000051', 'HRDW000019', 3.000),
('BGPK000051', 'HRDW000040', 2.000),
('BGPK000051', 'LTHR000004', 0.015),
('BGPK000051', 'PCKG000001', 1.000),
('BGPK000051', 'PCKG000002', 1.000),
('BGPK000051', 'STRP000002', 3.500),
('BGPK000051', 'STRP000003', 1.900),
('BGPK000051', 'STRP000004', 4.000),
('BGPK000051', 'STRP000052', 0.700),
('BGPK000051', 'THRD000001', 150.000),
('BGPK000051', 'THRD000007', 20.000),
('BGPK000051', 'THRD000018', 50.000),
('BGPK000052', 'BRND000001', 1.000),
('BGPK000052', 'BRND000003', 2.000),
('BGPK000052', 'FBRK000001', 0.250),
('BGPK000052', 'FBRK000017', 0.300),
('BGPK000052', 'FBRK000022', 1.100),
('BGPK000052', 'FBRK000033', 0.250),
('BGPK000052', 'FBRK000054', 0.800),
('BGPK000052', 'FBRK000069', 0.350),
('BGPK000052', 'FBRK000114', 0.250),
('BGPK000052', 'FLNG000002', 0.075),
('BGPK000052', 'HRDW000005', 2.000),
('BGPK000052', 'HRDW000006', 2.000),
('BGPK000052', 'HRDW000009', 2.000),
('BGPK000052', 'HRDW000011', 4.000),
('BGPK000052', 'HRDW000013', 8.000),
('BGPK000052', 'HRDW000014', 4.000),
('BGPK000052', 'HRDW000018', 1.300),
('BGPK000052', 'HRDW000019', 3.000),
('BGPK000052', 'HRDW000040', 2.000),
('BGPK000052', 'LTHR000004', 0.015),
('BGPK000052', 'PCKG000001', 1.000),
('BGPK000052', 'PCKG000002', 1.000),
('BGPK000052', 'STRP000002', 3.500),
('BGPK000052', 'STRP000003', 1.900),
('BGPK000052', 'STRP000004', 4.000),
('BGPK000052', 'STRP000052', 0.700),
('BGPK000052', 'THRD000001', 10.000),
('BGPK000052', 'THRD000007', 20.000),
('BGPK000052', 'THRD000018', 200.000),
('BGPK000053', 'BRND000001', 1.000),
('BGPK000053', 'BRND000003', 2.000),
('BGPK000053', 'FBRK000017', 0.300),
('BGPK000053', 'FBRK000020', 0.550),
('BGPK000053', 'FBRK000022', 1.100),
('BGPK000053', 'FBRK000033', 0.250),
('BGPK000053', 'FBRK000046', 0.800),
('BGPK000053', 'FBRK000069', 0.350),
('BGPK000053', 'FBRK000114', 0.250),
('BGPK000053', 'FLNG000002', 0.185),
('BGPK000053', 'HRDW000005', 2.000),
('BGPK000053', 'HRDW000006', 2.000),
('BGPK000053', 'HRDW000009', 2.000),
('BGPK000053', 'HRDW000011', 4.000),
('BGPK000053', 'HRDW000013', 8.000),
('BGPK000053', 'HRDW000014', 4.000),
('BGPK000053', 'HRDW000018', 0.800),
('BGPK000053', 'HRDW000019', 2.000),
('BGPK000053', 'HRDW000092', 1.000),
('BGPK000053', 'LTHR000004', 0.015),
('BGPK000053', 'PCKG000001', 1.000),
('BGPK000053', 'PCKG000002', 1.000),
('BGPK000053', 'STRP000002', 3.500),
('BGPK000053', 'STRP000003', 1.800),
('BGPK000053', 'STRP000004', 3.000),
('BGPK000053', 'STRP000005', 0.800),
('BGPK000053', 'STRP000052', 1.900),
('BGPK000053', 'THRD000001', 150.000),
('BGPK000053', 'THRD000007', 20.000),
('BGPK000053', 'THRD000018', 50.000),
('BGPK000054', 'BRND000001', 1.000),
('BGPK000054', 'BRND000003', 2.000),
('BGPK000054', 'FBRK000017', 0.300),
('BGPK000054', 'FBRK000020', 0.550),
('BGPK000054', 'FBRK000022', 1.100),
('BGPK000054', 'FBRK000033', 0.250),
('BGPK000054', 'FBRK000054', 0.800),
('BGPK000054', 'FBRK000069', 0.350),
('BGPK000054', 'FBRK000114', 0.250),
('BGPK000054', 'FLNG000002', 0.185),
('BGPK000054', 'HRDW000005', 2.000),
('BGPK000054', 'HRDW000006', 2.000),
('BGPK000054', 'HRDW000009', 2.000),
('BGPK000054', 'HRDW000011', 4.000),
('BGPK000054', 'HRDW000013', 8.000),
('BGPK000054', 'HRDW000014', 4.000),
('BGPK000054', 'HRDW000018', 0.800),
('BGPK000054', 'HRDW000019', 2.000),
('BGPK000054', 'HRDW000092', 1.000),
('BGPK000054', 'LTHR000004', 0.015),
('BGPK000054', 'PCKG000001', 1.000),
('BGPK000054', 'PCKG000002', 1.000),
('BGPK000054', 'STRP000002', 3.500),
('BGPK000054', 'STRP000003', 1.800),
('BGPK000054', 'STRP000004', 3.000),
('BGPK000054', 'STRP000005', 0.800),
('BGPK000054', 'STRP000052', 1.900),
('BGPK000054', 'THRD000001', 10.000),
('BGPK000054', 'THRD000007', 20.000),
('BGPK000054', 'THRD000018', 200.000),
('BGPK000055', 'BRND000003', 2.000),
('BGPK000055', 'FBRK000001', 0.250),
('BGPK000055', 'FBRK000013', 1.350),
('BGPK000055', 'FBRK000033', 0.250),
('BGPK000055', 'FBRK000069', 0.250),
('BGPK000055', 'FBRK000101', 0.850),
('BGPK000055', 'FBRK000114', 0.250),
('BGPK000055', 'FLNG000001', 0.100),
('BGPK000055', 'FLNG000003', 0.075),
('BGPK000055', 'HRDW000018', 0.750),
('BGPK000055', 'HRDW000019', 2.000),
('BGPK000055', 'HRDW000036', 0.480),
('BGPK000055', 'HRDW000054', 2.000),
('BGPK000055', 'LTHR000001', 0.450),
('BGPK000055', 'PCKG000001', 1.000),
('BGPK000055', 'PCKG000002', 1.000),
('BGPK000055', 'STRP000003', 0.250),
('BGPK000055', 'STRP000004', 2.400),
('BGPK000055', 'THRD000001', 200.000),
('BGPK000055', 'THRD000003', 20.000),
('BGPK000056', 'BRND000001', 1.000),
('BGPK000056', 'BRND000003', 1.000),
('BGPK000056', 'FBRK000001', 0.300),
('BGPK000056', 'FBRK000015', 0.900),
('BGPK000056', 'FBRK000069', 0.190),
('BGPK000056', 'FBRK000101', 0.750),
('BGPK000056', 'FBRK000114', 0.125),
('BGPK000056', 'FLNG000001', 0.080),
('BGPK000056', 'FLNG000003', 0.075),
('BGPK000056', 'HRDW000005', 1.000),
('BGPK000056', 'HRDW000006', 1.000),
('BGPK000056', 'HRDW000010', 2.000),
('BGPK000056', 'HRDW000018', 0.350),
('BGPK000056', 'HRDW000019', 1.000),
('BGPK000056', 'LTHR000001', 0.180),
('BGPK000056', 'PCKG000001', 1.000),
('BGPK000056', 'PCKG000002', 1.000),
('BGPK000056', 'STRP000003', 2.200),
('BGPK000056', 'THRD000001', 100.000),
('BGPK000056', 'THRD000008', 20.000),
('BGPK000057', 'BRND000001', 1.000),
('BGPK000057', 'BRND000003', 1.000),
('BGPK000057', 'FBRK000001', 0.300),
('BGPK000057', 'FBRK000013', 0.950),
('BGPK000057', 'FBRK000049', 0.900),
('BGPK000057', 'FBRK000085', 0.190),
('BGPK000057', 'FBRK000114', 0.125),
('BGPK000057', 'FLNG000001', 0.080),
('BGPK000057', 'FLNG000003', 0.075),
('BGPK000057', 'HRDW000005', 1.000),
('BGPK000057', 'HRDW000006', 1.000),
('BGPK000057', 'HRDW000010', 2.000),
('BGPK000057', 'HRDW000018', 0.350),
('BGPK000057', 'HRDW000019', 1.000),
('BGPK000057', 'LTHR000001', 0.015),
('BGPK000057', 'PCKG000001', 1.000),
('BGPK000057', 'PCKG000002', 1.000),
('BGPK000057', 'STRP000003', 2.200),
('BGPK000057', 'THRD000003', 20.000),
('BGPK000057', 'THRD000013', 20.000),
('BGPK000057', 'THRD000015', 80.000),
('BGPK000058', 'BRND000001', 1.000),
('BGPK000058', 'BRND000003', 1.000),
('BGPK000058', 'FBRK000001', 0.300),
('BGPK000058', 'FBRK000013', 0.950),
('BGPK000058', 'FBRK000046', 0.900),
('BGPK000058', 'FBRK000085', 0.190),
('BGPK000058', 'FBRK000114', 0.125),
('BGPK000058', 'FLNG000001', 0.080),
('BGPK000058', 'FLNG000003', 0.075),
('BGPK000058', 'HRDW000005', 1.000),
('BGPK000058', 'HRDW000006', 1.000),
('BGPK000058', 'HRDW000010', 2.000),
('BGPK000058', 'HRDW000018', 0.350),
('BGPK000058', 'HRDW000019', 1.000),
('BGPK000058', 'LTHR000001', 0.015),
('BGPK000058', 'PCKG000001', 1.000),
('BGPK000058', 'PCKG000002', 1.000),
('BGPK000058', 'STRP000003', 2.200),
('BGPK000058', 'THRD000001', 20.000),
('BGPK000058', 'THRD000003', 20.000),
('BGPK000058', 'THRD000015', 80.000),
('BGPK000059', 'BRND000001', 1.000),
('BGPK000059', 'BRND000003', 1.000),
('BGPK000059', 'FBRK000001', 0.300),
('BGPK000059', 'FBRK000013', 0.950),
('BGPK000059', 'FBRK000054', 0.900),
('BGPK000059', 'FBRK000085', 0.190),
('BGPK000059', 'FBRK000114', 0.125),
('BGPK000059', 'FLNG000001', 0.080),
('BGPK000059', 'FLNG000003', 0.075),
('BGPK000059', 'HRDW000005', 1.000),
('BGPK000059', 'HRDW000006', 1.000),
('BGPK000059', 'HRDW000010', 2.000),
('BGPK000059', 'HRDW000018', 0.350),
('BGPK000059', 'HRDW000019', 1.000),
('BGPK000059', 'LTHR000001', 0.015),
('BGPK000059', 'PCKG000001', 1.000),
('BGPK000059', 'PCKG000002', 1.000),
('BGPK000059', 'STRP000003', 2.200),
('BGPK000059', 'THRD000002', 20.000),
('BGPK000059', 'THRD000003', 20.000),
('BGPK000059', 'THRD000015', 80.000),
('BGPK000060', 'BRND000001', 1.000),
('BGPK000060', 'BRND000003', 1.000),
('BGPK000060', 'FBRK000001', 0.300),
('BGPK000060', 'FBRK000013', 0.950),
('BGPK000060', 'FBRK000047', 0.900),
('BGPK000060', 'FBRK000085', 0.190),
('BGPK000060', 'FBRK000114', 0.125),
('BGPK000060', 'FLNG000001', 0.080),
('BGPK000060', 'FLNG000003', 0.075),
('BGPK000060', 'HRDW000005', 1.000),
('BGPK000060', 'HRDW000006', 1.000),
('BGPK000060', 'HRDW000010', 2.000),
('BGPK000060', 'HRDW000018', 0.350),
('BGPK000060', 'HRDW000019', 1.000),
('BGPK000060', 'LTHR000001', 0.015),
('BGPK000060', 'PCKG000001', 1.000),
('BGPK000060', 'PCKG000002', 1.000),
('BGPK000060', 'STRP000003', 2.200),
('BGPK000060', 'THRD000002', 20.000),
('BGPK000060', 'THRD000003', 20.000),
('BGPK000060', 'THRD000015', 80.000),
('BGPK000061', 'BRND000001', 1.000),
('BGPK000061', 'BRND000003', 1.000),
('BGPK000061', 'FBRK000001', 0.300),
('BGPK000061', 'FBRK000013', 0.950),
('BGPK000061', 'FBRK000049', 0.900),
('BGPK000061', 'FBRK000071', 0.190),
('BGPK000061', 'FBRK000114', 0.125),
('BGPK000061', 'FLNG000001', 0.080),
('BGPK000061', 'FLNG000003', 0.075),
('BGPK000061', 'HRDW000005', 1.000),
('BGPK000061', 'HRDW000006', 1.000),
('BGPK000061', 'HRDW000010', 2.000),
('BGPK000061', 'HRDW000018', 0.350),
('BGPK000061', 'HRDW000019', 1.000),
('BGPK000061', 'LTHR000001', 0.015),
('BGPK000061', 'PCKG000001', 1.000),
('BGPK000061', 'PCKG000002', 1.000),
('BGPK000061', 'STRP000003', 2.200),
('BGPK000061', 'THRD000002', 80.000),
('BGPK000061', 'THRD000003', 20.000),
('BGPK000061', 'THRD000013', 20.000),
('BGPK000062', 'BRND000001', 1.000),
('BGPK000062', 'BRND000003', 1.000),
('BGPK000062', 'FBRK000001', 0.300),
('BGPK000062', 'FBRK000013', 0.950),
('BGPK000062', 'FBRK000046', 0.900),
('BGPK000062', 'FBRK000071', 0.190),
('BGPK000062', 'FBRK000114', 0.125),
('BGPK000062', 'FLNG000001', 0.080),
('BGPK000062', 'FLNG000003', 0.075),
('BGPK000062', 'HRDW000005', 1.000),
('BGPK000062', 'HRDW000006', 1.000),
('BGPK000062', 'HRDW000010', 2.000),
('BGPK000062', 'HRDW000018', 0.350),
('BGPK000062', 'HRDW000019', 1.000),
('BGPK000062', 'LTHR000001', 0.015),
('BGPK000062', 'PCKG000001', 1.000),
('BGPK000062', 'PCKG000002', 1.000),
('BGPK000062', 'STRP000003', 2.200),
('BGPK000062', 'THRD000001', 20.000),
('BGPK000062', 'THRD000002', 80.000),
('BGPK000062', 'THRD000003', 20.000),
('BGPK000063', 'BRND000001', 1.000),
('BGPK000063', 'BRND000003', 1.000),
('BGPK000063', 'FBRK000001', 0.300),
('BGPK000063', 'FBRK000013', 0.950),
('BGPK000063', 'FBRK000048', 0.900),
('BGPK000063', 'FBRK000075', 0.190),
('BGPK000063', 'FBRK000114', 0.125),
('BGPK000063', 'FLNG000001', 0.080),
('BGPK000063', 'FLNG000003', 0.075),
('BGPK000063', 'HRDW000005', 1.000),
('BGPK000063', 'HRDW000006', 1.000),
('BGPK000063', 'HRDW000010', 2.000),
('BGPK000063', 'HRDW000018', 0.350),
('BGPK000063', 'HRDW000019', 1.000),
('BGPK000063', 'LTHR000001', 0.015),
('BGPK000063', 'PCKG000001', 1.000),
('BGPK000063', 'PCKG000002', 1.000),
('BGPK000063', 'STRP000003', 2.200),
('BGPK000063', 'THRD000003', 20.000),
('BGPK000063', 'THRD000005', 20.000),
('BGPK000063', 'THRD000017', 80.000),
('BGPK000064', 'BRND000001', 1.000),
('BGPK000064', 'BRND000003', 1.000),
('BGPK000064', 'FBRK000001', 0.300),
('BGPK000064', 'FBRK000013', 0.950),
('BGPK000064', 'FBRK000047', 0.900),
('BGPK000064', 'FBRK000072', 0.190),
('BGPK000064', 'FBRK000114', 0.125),
('BGPK000064', 'FLNG000001', 0.080),
('BGPK000064', 'FLNG000003', 0.075),
('BGPK000064', 'HRDW000005', 1.000),
('BGPK000064', 'HRDW000006', 1.000),
('BGPK000064', 'HRDW000010', 2.000),
('BGPK000064', 'HRDW000018', 0.350),
('BGPK000064', 'HRDW000019', 1.000),
('BGPK000064', 'LTHR000001', 0.015),
('BGPK000064', 'PCKG000001', 1.000),
('BGPK000064', 'PCKG000002', 1.000),
('BGPK000064', 'STRP000003', 2.200),
('BGPK000064', 'THRD000002', 80.000),
('BGPK000064', 'THRD000003', 20.000),
('BGPK000064', 'THRD000017', 20.000),
('BGPK000065', 'BRND000001', 1.000),
('BGPK000065', 'BRND000003', 1.000),
('BGPK000065', 'FBRK000001', 0.300),
('BGPK000065', 'FBRK000013', 0.950),
('BGPK000065', 'FBRK000047', 0.900),
('BGPK000065', 'FBRK000082', 0.190),
('BGPK000065', 'FBRK000114', 0.125),
('BGPK000065', 'FLNG000001', 0.080),
('BGPK000065', 'FLNG000003', 0.075),
('BGPK000065', 'HRDW000005', 1.000),
('BGPK000065', 'HRDW000006', 1.000),
('BGPK000065', 'HRDW000010', 2.000),
('BGPK000065', 'HRDW000018', 0.350),
('BGPK000065', 'HRDW000019', 1.000),
('BGPK000065', 'LTHR000001', 0.015),
('BGPK000065', 'PCKG000001', 1.000),
('BGPK000065', 'PCKG000002', 1.000),
('BGPK000065', 'STRP000003', 2.200),
('BGPK000065', 'THRD000002', 80.000),
('BGPK000065', 'THRD000003', 20.000),
('BGPK000065', 'THRD000013', 20.000),
('BGPK000066', 'BRND000001', 1.000),
('BGPK000066', 'BRND000003', 1.000),
('BGPK000066', 'FBRK000001', 0.300),
('BGPK000066', 'FBRK000013', 0.950),
('BGPK000066', 'FBRK000046', 0.900),
('BGPK000066', 'FBRK000073', 0.190),
('BGPK000066', 'FBRK000114', 0.125),
('BGPK000066', 'FLNG000001', 0.080),
('BGPK000066', 'FLNG000003', 0.075),
('BGPK000066', 'HRDW000005', 1.000),
('BGPK000066', 'HRDW000006', 1.000),
('BGPK000066', 'HRDW000010', 2.000),
('BGPK000066', 'HRDW000018', 0.350),
('BGPK000066', 'HRDW000019', 1.000),
('BGPK000066', 'LTHR000001', 0.015),
('BGPK000066', 'PCKG000001', 1.000),
('BGPK000066', 'PCKG000002', 1.000),
('BGPK000066', 'STRP000003', 2.200),
('BGPK000066', 'THRD000001', 80.000),
('BGPK000066', 'THRD000003', 20.000),
('BGPK000066', 'THRD000004', 20.000),
('BGPK000067', 'BRND000001', 1.000),
('BGPK000067', 'BRND000003', 1.000),
('BGPK000067', 'FBRK000002', 0.000),
('BGPK000067', 'FBRK000012', 0.000),
('BGPK000067', 'FBRK000033', 0.000),
('BGPK000067', 'FBRK000046', 0.000),
('BGPK000067', 'FBRK000069', 0.000),
('BGPK000067', 'FBRK000114', 0.000),
('BGPK000067', 'FLNG000002', 0.000),
('BGPK000067', 'FLNG000003', 0.000),
('BGPK000067', 'FLNG000004', 0.000),
('BGPK000067', 'HRDW000005', 1.000),
('BGPK000067', 'HRDW000006', 1.000),
('BGPK000067', 'HRDW000010', 2.000),
('BGPK000067', 'HRDW000018', 0.300),
('BGPK000067', 'HRDW000019', 1.000),
('BGPK000067', 'HRDW000047', 2.000),
('BGPK000067', 'HRDW000048', 2.000),
('BGPK000067', 'PCKG000001', 1.000),
('BGPK000067', 'PCKG000002', 1.000),
('BGPK000067', 'STRP000001', 0.600),
('BGPK000067', 'STRP000003', 1.300),
('BGPK000067', 'STRP000004', 0.200),
('BGPK000067', 'STRP000005', 0.400),
('BGPK000067', 'STRP000064', 0.260),
('BGPK000067', 'THRD000001', 0.000),
('BGPK000067', 'THRD000004', 0.000),
('BGPK000068', 'BRND000003', 2.000),
('BGPK000068', 'FBRK000001', 1.300),
('BGPK000068', 'FBRK000013', 1.000),
('BGPK000068', 'FBRK000033', 0.350),
('BGPK000068', 'FBRK000046', 0.150),
('BGPK000068', 'FBRK000059', 0.600),
('BGPK000068', 'FBRK000069', 0.150),
('BGPK000068', 'FBRK000114', 0.125),
('BGPK000068', 'FLNG000001', 0.090),
('BGPK000068', 'FLNG000003', 0.075),
('BGPK000068', 'HRDW000005', 2.000),
('BGPK000068', 'HRDW000006', 2.000),
('BGPK000068', 'HRDW000011', 2.000),
('BGPK000068', 'HRDW000014', 16.000),
('BGPK000068', 'HRDW000018', 0.350),
('BGPK000068', 'HRDW000019', 1.000),
('BGPK000068', 'LTHR000004', 0.015),
('BGPK000068', 'PCKG000001', 1.000),
('BGPK000068', 'PCKG000002', 1.000),
('BGPK000068', 'STRP000003', 7.000),
('BGPK000068', 'STRP000004', 2.700),
('BGPK000068', 'THRD000001', 20.000),
('BGPK000068', 'THRD000003', 20.000),
('BGPK000068', 'THRD000015', 100.000),
('BGPK000069', 'BRND000003', 2.000),
('BGPK000069', 'FBRK000001', 1.300),
('BGPK000069', 'FBRK000013', 1.000),
('BGPK000069', 'FBRK000033', 0.350),
('BGPK000069', 'FBRK000046', 0.150),
('BGPK000069', 'FBRK000047', 0.600),
('BGPK000069', 'FBRK000069', 0.150),
('BGPK000069', 'FBRK000114', 0.125),
('BGPK000069', 'FLNG000001', 0.090),
('BGPK000069', 'FLNG000003', 0.075),
('BGPK000069', 'HRDW000005', 2.000),
('BGPK000069', 'HRDW000006', 2.000),
('BGPK000069', 'HRDW000011', 2.000),
('BGPK000069', 'HRDW000014', 16.000),
('BGPK000069', 'HRDW000018', 0.350),
('BGPK000069', 'HRDW000019', 1.000),
('BGPK000069', 'LTHR000004', 0.015),
('BGPK000069', 'PCKG000001', 1.000),
('BGPK000069', 'PCKG000002', 1.000),
('BGPK000069', 'STRP000003', 7.000),
('BGPK000069', 'STRP000004', 2.700),
('BGPK000069', 'THRD000001', 20.000),
('BGPK000069', 'THRD000002', 100.000),
('BGPK000069', 'THRD000003', 20.000),
('BGPK000070', 'BRND000003', 2.000),
('BGPK000070', 'FBRK000001', 1.300),
('BGPK000070', 'FBRK000013', 1.000),
('BGPK000070', 'FBRK000033', 0.350),
('BGPK000070', 'FBRK000046', 0.150),
('BGPK000070', 'FBRK000062', 0.600),
('BGPK000070', 'FBRK000069', 0.150),
('BGPK000070', 'FBRK000114', 0.125),
('BGPK000070', 'FLNG000001', 0.090),
('BGPK000070', 'FLNG000003', 0.075),
('BGPK000070', 'HRDW000005', 2.000),
('BGPK000070', 'HRDW000006', 2.000),
('BGPK000070', 'HRDW000011', 2.000),
('BGPK000070', 'HRDW000014', 16.000),
('BGPK000070', 'HRDW000018', 0.350),
('BGPK000070', 'HRDW000019', 1.000),
('BGPK000070', 'LTHR000004', 0.015),
('BGPK000070', 'PCKG000001', 1.000),
('BGPK000070', 'PCKG000002', 1.000),
('BGPK000070', 'STRP000003', 7.000),
('BGPK000070', 'STRP000004', 2.700),
('BGPK000070', 'THRD000001', 200.000),
('BGPK000070', 'THRD000003', 20.000),
('BGPK000071', 'BRND000003', 2.000),
('BGPK000071', 'FBRK000001', 1.300),
('BGPK000071', 'FBRK000013', 1.000),
('BGPK000071', 'FBRK000033', 0.350),
('BGPK000071', 'FBRK000046', 0.150),
('BGPK000071', 'FBRK000053', 0.600),
('BGPK000071', 'FBRK000069', 0.150),
('BGPK000071', 'FBRK000114', 0.125),
('BGPK000071', 'FLNG000001', 0.090),
('BGPK000071', 'FLNG000003', 0.075),
('BGPK000071', 'HRDW000005', 2.000),
('BGPK000071', 'HRDW000006', 2.000),
('BGPK000071', 'HRDW000011', 2.000),
('BGPK000071', 'HRDW000014', 16.000),
('BGPK000071', 'HRDW000018', 0.350),
('BGPK000071', 'HRDW000019', 1.000),
('BGPK000071', 'LTHR000004', 0.015),
('BGPK000071', 'PCKG000001', 1.000),
('BGPK000071', 'PCKG000002', 1.000),
('BGPK000071', 'STRP000003', 7.000),
('BGPK000071', 'STRP000004', 2.700),
('BGPK000071', 'THRD000001', 20.000),
('BGPK000071', 'THRD000003', 20.000),
('BGPK000071', 'THRD000014', 100.000),
('BGPK000072', 'BRND000003', 2.000),
('BGPK000072', 'FBRK000001', 1.300),
('BGPK000072', 'FBRK000013', 1.000),
('BGPK000072', 'FBRK000033', 0.350),
('BGPK000072', 'FBRK000046', 0.150),
('BGPK000072', 'FBRK000054', 0.600),
('BGPK000072', 'FBRK000069', 0.150),
('BGPK000072', 'FBRK000114', 0.125),
('BGPK000072', 'FLNG000001', 0.090),
('BGPK000072', 'FLNG000003', 0.075),
('BGPK000072', 'HRDW000005', 2.000),
('BGPK000072', 'HRDW000006', 2.000),
('BGPK000072', 'HRDW000011', 2.000),
('BGPK000072', 'HRDW000014', 16.000),
('BGPK000072', 'HRDW000018', 0.350),
('BGPK000072', 'HRDW000019', 1.000),
('BGPK000072', 'LTHR000004', 0.015),
('BGPK000072', 'PCKG000001', 1.000),
('BGPK000072', 'PCKG000002', 1.000),
('BGPK000072', 'STRP000003', 7.000),
('BGPK000072', 'STRP000004', 2.700),
('BGPK000072', 'THRD000001', 20.000),
('BGPK000072', 'THRD000003', 20.000),
('BGPK000072', 'THRD000018', 100.000),
('BGPK000073', 'BRND000003', 2.000),
('BGPK000073', 'FBRK000001', 1.300),
('BGPK000073', 'FBRK000013', 1.000),
('BGPK000073', 'FBRK000033', 0.350),
('BGPK000073', 'FBRK000046', 0.150),
('BGPK000073', 'FBRK000048', 0.600),
('BGPK000073', 'FBRK000069', 0.150),
('BGPK000073', 'FBRK000114', 0.125),
('BGPK000073', 'FLNG000001', 0.090),
('BGPK000073', 'FLNG000003', 0.075),
('BGPK000073', 'HRDW000005', 2.000),
('BGPK000073', 'HRDW000006', 2.000),
('BGPK000073', 'HRDW000011', 2.000),
('BGPK000073', 'HRDW000014', 16.000),
('BGPK000073', 'HRDW000018', 0.350),
('BGPK000073', 'HRDW000019', 1.000),
('BGPK000073', 'LTHR000004', 0.015),
('BGPK000073', 'PCKG000001', 1.000),
('BGPK000073', 'PCKG000002', 1.000),
('BGPK000073', 'STRP000003', 7.000),
('BGPK000073', 'STRP000004', 2.700),
('BGPK000073', 'THRD000001', 20.000),
('BGPK000073', 'THRD000003', 20.000),
('BGPK000073', 'THRD000017', 100.000),
('BGPK000074', 'BRND000003', 2.000),
('BGPK000074', 'FBRK000002', 1.300),
('BGPK000074', 'FBRK000012', 0.000),
('BGPK000074', 'FBRK000033', 0.350),
('BGPK000074', 'FBRK000046', 0.750),
('BGPK000074', 'FBRK000070', 0.150),
('BGPK000074', 'FBRK000114', 0.125),
('BGPK000074', 'FLNG000001', 0.090),
('BGPK000074', 'FLNG000003', 0.075),
('BGPK000074', 'HRDW000005', 2.000),
('BGPK000074', 'HRDW000006', 2.000),
('BGPK000074', 'HRDW000011', 2.000),
('BGPK000074', 'HRDW000014', 16.000),
('BGPK000074', 'HRDW000018', 0.350),
('BGPK000074', 'HRDW000019', 1.000),
('BGPK000074', 'LTHR000004', 0.015),
('BGPK000074', 'PCKG000001', 1.000),
('BGPK000074', 'PCKG000002', 1.000),
('BGPK000074', 'STRP000003', 7.000),
('BGPK000074', 'STRP000004', 2.700),
('BGPK000074', 'THRD000001', 200.000),
('BGPK000074', 'THRD000004', 20.000),
('BGPK000075', 'BRND000003', 2.000),
('BGPK000075', 'FBRK000001', 1.300),
('BGPK000075', 'FBRK000013', 1.000),
('BGPK000075', 'FBRK000033', 0.350),
('BGPK000075', 'FBRK000046', 0.150),
('BGPK000075', 'FBRK000069', 0.150),
('BGPK000075', 'FBRK000074', 0.600),
('BGPK000075', 'FBRK000114', 0.125),
('BGPK000075', 'FLNG000001', 0.090),
('BGPK000075', 'FLNG000003', 0.075),
('BGPK000075', 'HRDW000005', 2.000),
('BGPK000075', 'HRDW000006', 2.000),
('BGPK000075', 'HRDW000011', 2.000),
('BGPK000075', 'HRDW000014', 16.000),
('BGPK000075', 'HRDW000018', 0.350),
('BGPK000075', 'HRDW000019', 1.000),
('BGPK000075', 'LTHR000004', 0.015),
('BGPK000075', 'PCKG000001', 1.000),
('BGPK000075', 'PCKG000002', 1.000),
('BGPK000075', 'STRP000003', 7.000),
('BGPK000075', 'STRP000004', 2.700),
('BGPK000075', 'THRD000001', 20.000),
('BGPK000075', 'THRD000003', 20.000),
('BGPK000075', 'THRD000008', 100.000),
('BGPK000076', 'BRND000003', 2.000),
('BGPK000076', 'FBRK000001', 1.300),
('BGPK000076', 'FBRK000013', 1.000),
('BGPK000076', 'FBRK000033', 0.350),
('BGPK000076', 'FBRK000046', 0.150),
('BGPK000076', 'FBRK000048', 0.600),
('BGPK000076', 'FBRK000069', 0.150),
('BGPK000076', 'FBRK000114', 0.125),
('BGPK000076', 'FLNG000001', 0.090),
('BGPK000076', 'FLNG000003', 0.075),
('BGPK000076', 'HRDW000005', 2.000),
('BGPK000076', 'HRDW000006', 2.000),
('BGPK000076', 'HRDW000011', 2.000),
('BGPK000076', 'HRDW000014', 16.000),
('BGPK000076', 'HRDW000018', 0.350),
('BGPK000076', 'HRDW000019', 1.000),
('BGPK000076', 'LTHR000004', 0.015),
('BGPK000076', 'PCKG000001', 1.000),
('BGPK000076', 'PCKG000002', 1.000),
('BGPK000076', 'STRP000003', 1.900),
('BGPK000076', 'STRP000004', 5.100),
('BGPK000076', 'STRP000031', 5.100),
('BGPK000076', 'THRD000001', 20.000),
('BGPK000076', 'THRD000003', 20.000),
('BGPK000076', 'THRD000018', 100.000),
('BGPK000077', 'BRND000001', 1.000),
('BGPK000077', 'BRND000003', 2.000),
('BGPK000077', 'FBRK000001', 0.250),
('BGPK000077', 'FBRK000010', 0.250),
('BGPK000077', 'FBRK000014', 1.350),
('BGPK000077', 'FBRK000033', 0.020),
('BGPK000077', 'FBRK000046', 1.000),
('BGPK000077', 'FBRK000069', 0.250),
('BGPK000077', 'FBRK000114', 0.210),
('BGPK000077', 'FLNG000001', 0.150),
('BGPK000077', 'FLNG000002', 0.075),
('BGPK000077', 'HRDW000005', 3.000),
('BGPK000077', 'HRDW000006', 3.000),
('BGPK000077', 'HRDW000012', 2.000),
('BGPK000077', 'HRDW000014', 4.000),
('BGPK000077', 'HRDW000018', 0.800),
('BGPK000077', 'HRDW000019', 2.000),
('BGPK000077', 'LTHR000004', 0.015),
('BGPK000077', 'PCKG000001', 1.000),
('BGPK000077', 'PCKG000002', 1.000),
('BGPK000077', 'STRP000003', 5.700),
('BGPK000077', 'STRP000004', 2.500),
('BGPK000077', 'STRP000005', 0.800),
('BGPK000077', 'STRP000053', 0.450),
('BGPK000077', 'THRD000001', 250.000),
('BGPK000077', 'THRD000009', 40.000),
('BGPK000078', 'BRND000001', 1.000),
('BGPK000078', 'BRND000003', 2.000),
('BGPK000078', 'FBRK000001', 0.250),
('BGPK000078', 'FBRK000010', 0.250),
('BGPK000078', 'FBRK000014', 1.350),
('BGPK000078', 'FBRK000033', 0.020),
('BGPK000078', 'FBRK000046', 0.200),
('BGPK000078', 'FBRK000047', 0.800),
('BGPK000078', 'FBRK000069', 0.250),
('BGPK000078', 'FBRK000114', 0.210),
('BGPK000078', 'FLNG000001', 0.150),
('BGPK000078', 'FLNG000002', 0.075),
('BGPK000078', 'HRDW000005', 3.000),
('BGPK000078', 'HRDW000006', 3.000),
('BGPK000078', 'HRDW000012', 2.000),
('BGPK000078', 'HRDW000014', 4.000),
('BGPK000078', 'HRDW000018', 0.800),
('BGPK000078', 'HRDW000019', 2.000),
('BGPK000078', 'LTHR000004', 0.015),
('BGPK000078', 'PCKG000001', 1.000),
('BGPK000078', 'PCKG000002', 1.000),
('BGPK000078', 'STRP000003', 5.700),
('BGPK000078', 'STRP000004', 2.500),
('BGPK000078', 'STRP000005', 0.800),
('BGPK000078', 'STRP000052', 0.450),
('BGPK000078', 'THRD000001', 250.000),
('BGPK000078', 'THRD000002', 30.000),
('BGPK000078', 'THRD000009', 40.000),
('BGPK000079', 'BRND000001', 1.000),
('BGPK000079', 'BRND000003', 2.000),
('BGPK000079', 'FBRK000001', 0.250),
('BGPK000079', 'FBRK000010', 0.250),
('BGPK000079', 'FBRK000014', 1.350),
('BGPK000079', 'FBRK000033', 0.020),
('BGPK000079', 'FBRK000046', 0.200),
('BGPK000079', 'FBRK000054', 0.800),
('BGPK000079', 'FBRK000069', 0.250),
('BGPK000079', 'FBRK000114', 0.210),
('BGPK000079', 'FLNG000001', 0.150),
('BGPK000079', 'FLNG000002', 0.075),
('BGPK000079', 'HRDW000005', 3.000),
('BGPK000079', 'HRDW000006', 3.000),
('BGPK000079', 'HRDW000012', 2.000),
('BGPK000079', 'HRDW000014', 4.000),
('BGPK000079', 'HRDW000018', 0.800),
('BGPK000079', 'HRDW000019', 2.000);
INSERT INTO `bom` (`product_code`, `part_number`, `usage`) VALUES
('BGPK000079', 'LTHR000004', 0.015),
('BGPK000079', 'PCKG000001', 1.000),
('BGPK000079', 'PCKG000002', 1.000),
('BGPK000079', 'STRP000003', 5.700),
('BGPK000079', 'STRP000004', 2.500),
('BGPK000079', 'STRP000005', 0.800),
('BGPK000079', 'STRP000053', 0.450),
('BGPK000079', 'THRD000001', 250.000),
('BGPK000079', 'THRD000009', 40.000),
('BGPK000079', 'THRD000018', 30.000),
('BGPK000080', 'BRND000001', 1.000),
('BGPK000080', 'BRND000003', 2.000),
('BGPK000080', 'FBRK000001', 0.250),
('BGPK000080', 'FBRK000010', 0.250),
('BGPK000080', 'FBRK000012', 1.350),
('BGPK000080', 'FBRK000033', 0.020),
('BGPK000080', 'FBRK000069', 0.250),
('BGPK000080', 'FBRK000086', 1.000),
('BGPK000080', 'FBRK000114', 0.210),
('BGPK000080', 'FLNG000001', 0.150),
('BGPK000080', 'FLNG000002', 0.075),
('BGPK000080', 'HRDW000005', 3.000),
('BGPK000080', 'HRDW000006', 3.000),
('BGPK000080', 'HRDW000012', 2.000),
('BGPK000080', 'HRDW000014', 4.000),
('BGPK000080', 'HRDW000018', 0.800),
('BGPK000080', 'HRDW000019', 2.000),
('BGPK000080', 'LTHR000004', 0.015),
('BGPK000080', 'PCKG000001', 1.000),
('BGPK000080', 'PCKG000002', 1.000),
('BGPK000080', 'STRP000003', 5.700),
('BGPK000080', 'STRP000004', 2.500),
('BGPK000080', 'STRP000005', 0.800),
('BGPK000080', 'STRP000052', 0.450),
('BGPK000080', 'THRD000001', 250.000),
('BGPK000080', 'THRD000004', 40.000),
('BGPK000081', 'BRND000001', 1.000),
('BGPK000081', 'BRND000003', 2.000),
('BGPK000081', 'FBRK000001', 0.250),
('BGPK000081', 'FBRK000010', 0.250),
('BGPK000081', 'FBRK000012', 1.350),
('BGPK000081', 'FBRK000033', 0.020),
('BGPK000081', 'FBRK000069', 0.250),
('BGPK000081', 'FBRK000086', 0.200),
('BGPK000081', 'FBRK000088', 0.800),
('BGPK000081', 'FBRK000114', 0.210),
('BGPK000081', 'FLNG000001', 0.150),
('BGPK000081', 'FLNG000002', 0.075),
('BGPK000081', 'HRDW000005', 3.000),
('BGPK000081', 'HRDW000006', 3.000),
('BGPK000081', 'HRDW000012', 2.000),
('BGPK000081', 'HRDW000014', 4.000),
('BGPK000081', 'HRDW000018', 0.800),
('BGPK000081', 'HRDW000019', 2.000),
('BGPK000081', 'LTHR000004', 0.015),
('BGPK000081', 'PCKG000001', 1.000),
('BGPK000081', 'PCKG000002', 1.000),
('BGPK000081', 'STRP000003', 5.700),
('BGPK000081', 'STRP000004', 2.500),
('BGPK000081', 'STRP000005', 0.800),
('BGPK000081', 'STRP000053', 0.450),
('BGPK000081', 'THRD000001', 250.000),
('BGPK000081', 'THRD000004', 40.000),
('BGPK000082', 'BRND000001', 1.000),
('BGPK000082', 'BRND000003', 2.000),
('BGPK000082', 'FBRK000001', 0.250),
('BGPK000082', 'FBRK000010', 0.250),
('BGPK000082', 'FBRK000017', 1.350),
('BGPK000082', 'FBRK000033', 0.020),
('BGPK000082', 'FBRK000069', 0.250),
('BGPK000082', 'FBRK000086', 0.200),
('BGPK000082', 'FBRK000087', 0.800),
('BGPK000082', 'FBRK000114', 0.210),
('BGPK000082', 'FLNG000001', 0.150),
('BGPK000082', 'FLNG000002', 0.075),
('BGPK000082', 'HRDW000005', 3.000),
('BGPK000082', 'HRDW000006', 3.000),
('BGPK000082', 'HRDW000012', 2.000),
('BGPK000082', 'HRDW000014', 4.000),
('BGPK000082', 'HRDW000018', 0.800),
('BGPK000082', 'HRDW000019', 2.000),
('BGPK000082', 'LTHR000004', 0.015),
('BGPK000082', 'PCKG000001', 1.000),
('BGPK000082', 'PCKG000002', 1.000),
('BGPK000082', 'STRP000003', 5.700),
('BGPK000082', 'STRP000004', 2.500),
('BGPK000082', 'STRP000005', 0.800),
('BGPK000082', 'STRP000053', 0.450),
('BGPK000082', 'THRD000001', 20.000),
('BGPK000082', 'THRD000007', 40.000),
('BGPK000082', 'THRD000010', 250.000),
('BGPK000083', 'BRND000001', 1.000),
('BGPK000083', 'BRND000003', 2.000),
('BGPK000083', 'FBRK000001', 0.250),
('BGPK000083', 'FBRK000010', 0.250),
('BGPK000083', 'FBRK000015', 1.350),
('BGPK000083', 'FBRK000033', 0.020),
('BGPK000083', 'FBRK000069', 0.250),
('BGPK000083', 'FBRK000086', 0.200),
('BGPK000083', 'FBRK000089', 0.800),
('BGPK000083', 'FBRK000114', 0.210),
('BGPK000083', 'FLNG000001', 0.150),
('BGPK000083', 'FLNG000002', 0.075),
('BGPK000083', 'HRDW000005', 3.000),
('BGPK000083', 'HRDW000006', 3.000),
('BGPK000083', 'HRDW000012', 2.000),
('BGPK000083', 'HRDW000014', 4.000),
('BGPK000083', 'HRDW000018', 0.800),
('BGPK000083', 'HRDW000019', 2.000),
('BGPK000083', 'LTHR000004', 0.015),
('BGPK000083', 'PCKG000001', 1.000),
('BGPK000083', 'PCKG000002', 1.000),
('BGPK000083', 'STRP000003', 5.700),
('BGPK000083', 'STRP000004', 2.500),
('BGPK000083', 'STRP000005', 0.800),
('BGPK000083', 'STRP000053', 0.450),
('BGPK000083', 'THRD000001', 10.000),
('BGPK000083', 'THRD000008', 290.000),
('BGPK000084', 'BRND000001', 1.000),
('BGPK000084', 'BRND000003', 1.000),
('BGPK000084', 'FBRK000001', 0.250),
('BGPK000084', 'FBRK000014', 1.150),
('BGPK000084', 'FBRK000033', 0.200),
('BGPK000084', 'FBRK000046', 0.900),
('BGPK000084', 'FBRK000070', 0.190),
('BGPK000084', 'FBRK000114', 0.150),
('BGPK000084', 'FLNG000001', 0.100),
('BGPK000084', 'FLNG000003', 0.075),
('BGPK000084', 'HRDW000005', 2.000),
('BGPK000084', 'HRDW000006', 2.000),
('BGPK000084', 'HRDW000010', 2.000),
('BGPK000084', 'HRDW000018', 0.800),
('BGPK000084', 'HRDW000019', 2.000),
('BGPK000084', 'LTHR000004', 0.015),
('BGPK000084', 'PCKG000001', 1.000),
('BGPK000084', 'PCKG000002', 1.000),
('BGPK000084', 'STRP000003', 5.600),
('BGPK000084', 'STRP000004', 0.200),
('BGPK000084', 'THRD000001', 250.000),
('BGPK000084', 'THRD000009', 50.000),
('BGPK000085', 'BRND000001', 1.000),
('BGPK000085', 'BRND000003', 1.000),
('BGPK000085', 'FBRK000001', 0.250),
('BGPK000085', 'FBRK000013', 1.150),
('BGPK000085', 'FBRK000033', 0.200),
('BGPK000085', 'FBRK000046', 0.200),
('BGPK000085', 'FBRK000054', 0.900),
('BGPK000085', 'FBRK000069', 0.190),
('BGPK000085', 'FBRK000114', 0.150),
('BGPK000085', 'FLNG000001', 0.100),
('BGPK000085', 'FLNG000003', 0.075),
('BGPK000085', 'HRDW000005', 2.000),
('BGPK000085', 'HRDW000006', 2.000),
('BGPK000085', 'HRDW000010', 2.000),
('BGPK000085', 'HRDW000018', 0.800),
('BGPK000085', 'HRDW000019', 2.000),
('BGPK000085', 'LTHR000004', 0.015),
('BGPK000085', 'PCKG000001', 1.000),
('BGPK000085', 'PCKG000002', 1.000),
('BGPK000085', 'STRP000003', 5.600),
('BGPK000085', 'STRP000004', 0.200),
('BGPK000085', 'THRD000001', 200.000),
('BGPK000085', 'THRD000009', 50.000),
('BGPK000085', 'THRD000018', 50.000),
('BGPK000086', 'BRND000001', 1.000),
('BGPK000086', 'BRND000003', 1.000),
('BGPK000086', 'FBRK000001', 0.250),
('BGPK000086', 'FBRK000013', 1.150),
('BGPK000086', 'FBRK000033', 0.200),
('BGPK000086', 'FBRK000046', 0.200),
('BGPK000086', 'FBRK000048', 0.900),
('BGPK000086', 'FBRK000069', 0.190),
('BGPK000086', 'FBRK000114', 0.150),
('BGPK000086', 'FLNG000001', 0.100),
('BGPK000086', 'FLNG000003', 0.075),
('BGPK000086', 'HRDW000005', 2.000),
('BGPK000086', 'HRDW000006', 2.000),
('BGPK000086', 'HRDW000010', 2.000),
('BGPK000086', 'HRDW000018', 0.800),
('BGPK000086', 'HRDW000019', 2.000),
('BGPK000086', 'LTHR000004', 0.015),
('BGPK000086', 'PCKG000001', 1.000),
('BGPK000086', 'PCKG000002', 1.000),
('BGPK000086', 'STRP000003', 5.600),
('BGPK000086', 'STRP000004', 0.200),
('BGPK000086', 'THRD000001', 200.000),
('BGPK000086', 'THRD000009', 50.000),
('BGPK000086', 'THRD000017', 50.000),
('BGPK000087', 'BRND000001', 1.000),
('BGPK000087', 'BRND000003', 1.000),
('BGPK000087', 'FBRK000001', 0.250),
('BGPK000087', 'FBRK000014', 1.150),
('BGPK000087', 'FBRK000033', 0.200),
('BGPK000087', 'FBRK000046', 0.200),
('BGPK000087', 'FBRK000047', 0.900),
('BGPK000087', 'FBRK000069', 0.190),
('BGPK000087', 'FBRK000114', 0.150),
('BGPK000087', 'FLNG000001', 0.100),
('BGPK000087', 'FLNG000003', 0.075),
('BGPK000087', 'HRDW000005', 2.000),
('BGPK000087', 'HRDW000006', 2.000),
('BGPK000087', 'HRDW000010', 2.000),
('BGPK000087', 'HRDW000018', 0.800),
('BGPK000087', 'HRDW000019', 2.000),
('BGPK000087', 'LTHR000004', 0.015),
('BGPK000087', 'PCKG000001', 1.000),
('BGPK000087', 'PCKG000002', 1.000),
('BGPK000087', 'STRP000003', 5.600),
('BGPK000087', 'STRP000004', 0.200),
('BGPK000087', 'THRD000001', 200.000),
('BGPK000087', 'THRD000002', 50.000),
('BGPK000087', 'THRD000009', 50.000),
('BGPK000088', 'BRND000001', 1.000),
('BGPK000088', 'BRND000003', 1.000),
('BGPK000088', 'FBRK000001', 0.250),
('BGPK000088', 'FBRK000013', 1.150),
('BGPK000088', 'FBRK000033', 0.200),
('BGPK000088', 'FBRK000046', 0.200),
('BGPK000088', 'FBRK000053', 0.900),
('BGPK000088', 'FBRK000069', 0.190),
('BGPK000088', 'FBRK000114', 0.150),
('BGPK000088', 'FLNG000001', 0.100),
('BGPK000088', 'FLNG000003', 0.075),
('BGPK000088', 'HRDW000005', 2.000),
('BGPK000088', 'HRDW000006', 2.000),
('BGPK000088', 'HRDW000010', 2.000),
('BGPK000088', 'HRDW000018', 0.800),
('BGPK000088', 'HRDW000019', 2.000),
('BGPK000088', 'LTHR000004', 0.015),
('BGPK000088', 'PCKG000001', 1.000),
('BGPK000088', 'PCKG000002', 1.000),
('BGPK000088', 'STRP000003', 5.600),
('BGPK000088', 'STRP000004', 0.200),
('BGPK000088', 'THRD000001', 200.000),
('BGPK000088', 'THRD000009', 50.000),
('BGPK000088', 'THRD000014', 50.000),
('BGPK000089', 'BRND000001', 1.000),
('BGPK000089', 'BRND000003', 1.000),
('BGPK000089', 'FBRK000001', 0.250),
('BGPK000089', 'FBRK000013', 1.500),
('BGPK000089', 'FBRK000033', 0.250),
('BGPK000089', 'FBRK000046', 1.500),
('BGPK000089', 'FBRK000069', 0.250),
('BGPK000089', 'FBRK000114', 0.250),
('BGPK000089', 'FLNG000001', 0.100),
('BGPK000089', 'FLNG000002', 0.075),
('BGPK000089', 'HRDW000005', 1.000),
('BGPK000089', 'HRDW000006', 1.000),
('BGPK000089', 'HRDW000012', 2.000),
('BGPK000089', 'HRDW000018', 0.800),
('BGPK000089', 'HRDW000019', 2.000),
('BGPK000089', 'HRDW000055', 1.000),
('BGPK000089', 'LTHR000004', 0.015),
('BGPK000089', 'PCKG000001', 1.000),
('BGPK000089', 'PCKG000002', 1.000),
('BGPK000089', 'STRP000003', 2.600),
('BGPK000089', 'STRP000004', 1.700),
('BGPK000089', 'STRP000005', 0.800),
('BGPK000089', 'THRD000001', 200.000),
('BGPK000089', 'THRD000003', 50.000),
('BGPK000090', 'BRND000001', 1.000),
('BGPK000090', 'BRND000003', 1.000),
('BGPK000090', 'FBRK000001', 0.250),
('BGPK000090', 'FBRK000013', 1.500),
('BGPK000090', 'FBRK000033', 0.250),
('BGPK000090', 'FBRK000046', 0.250),
('BGPK000090', 'FBRK000053', 1.250),
('BGPK000090', 'FBRK000069', 0.250),
('BGPK000090', 'FBRK000114', 0.250),
('BGPK000090', 'FLNG000001', 0.100),
('BGPK000090', 'FLNG000002', 0.075),
('BGPK000090', 'HRDW000005', 1.000),
('BGPK000090', 'HRDW000006', 1.000),
('BGPK000090', 'HRDW000011', 2.000),
('BGPK000090', 'HRDW000018', 0.800),
('BGPK000090', 'HRDW000019', 2.000),
('BGPK000090', 'HRDW000055', 1.000),
('BGPK000090', 'LTHR000004', 0.015),
('BGPK000090', 'PCKG000001', 1.000),
('BGPK000090', 'PCKG000002', 1.000),
('BGPK000090', 'STRP000003', 2.600),
('BGPK000090', 'STRP000004', 1.700),
('BGPK000090', 'STRP000005', 0.800),
('BGPK000090', 'THRD000001', 200.000),
('BGPK000090', 'THRD000003', 50.000),
('BGPK000090', 'THRD000014', 50.000),
('BGPK000091', 'BRND000001', 1.000),
('BGPK000091', 'BRND000003', 1.000),
('BGPK000091', 'FBRK000001', 0.250),
('BGPK000091', 'FBRK000013', 1.500),
('BGPK000091', 'FBRK000033', 0.250),
('BGPK000091', 'FBRK000046', 0.250),
('BGPK000091', 'FBRK000061', 1.250),
('BGPK000091', 'FBRK000069', 0.250),
('BGPK000091', 'FBRK000114', 0.250),
('BGPK000091', 'FLNG000001', 0.100),
('BGPK000091', 'FLNG000002', 0.075),
('BGPK000091', 'HRDW000005', 1.000),
('BGPK000091', 'HRDW000006', 1.000),
('BGPK000091', 'HRDW000012', 2.000),
('BGPK000091', 'HRDW000018', 0.800),
('BGPK000091', 'HRDW000019', 2.000),
('BGPK000091', 'HRDW000055', 1.000),
('BGPK000091', 'LTHR000004', 0.015),
('BGPK000091', 'PCKG000001', 1.000),
('BGPK000091', 'PCKG000002', 1.000),
('BGPK000091', 'STRP000003', 2.600),
('BGPK000091', 'STRP000004', 1.700),
('BGPK000091', 'STRP000005', 0.800),
('BGPK000091', 'STRP000053', 0.450),
('BGPK000091', 'THRD000001', 200.000),
('BGPK000091', 'THRD000003', 50.000),
('BGPK000091', 'THRD000018', 50.000),
('BGPK000092', 'BRND000001', 1.000),
('BGPK000092', 'BRND000003', 1.000),
('BGPK000092', 'FBRK000001', 0.250),
('BGPK000092', 'FBRK000013', 1.500),
('BGPK000092', 'FBRK000033', 0.250),
('BGPK000092', 'FBRK000046', 0.250),
('BGPK000092', 'FBRK000050', 1.250),
('BGPK000092', 'FBRK000069', 0.250),
('BGPK000092', 'FBRK000114', 0.250),
('BGPK000092', 'FLNG000001', 0.100),
('BGPK000092', 'FLNG000002', 0.075),
('BGPK000092', 'HRDW000005', 1.000),
('BGPK000092', 'HRDW000006', 1.000),
('BGPK000092', 'HRDW000012', 2.000),
('BGPK000092', 'HRDW000018', 0.800),
('BGPK000092', 'HRDW000019', 2.000),
('BGPK000092', 'HRDW000055', 1.000),
('BGPK000092', 'LTHR000004', 0.015),
('BGPK000092', 'PCKG000001', 1.000),
('BGPK000092', 'PCKG000002', 1.000),
('BGPK000092', 'STRP000003', 2.600),
('BGPK000092', 'STRP000004', 1.700),
('BGPK000092', 'STRP000005', 0.800),
('BGPK000092', 'THRD000001', 200.000),
('BGPK000092', 'THRD000002', 50.000),
('BGPK000092', 'THRD000003', 50.000),
('BGPK000093', 'BRND000001', 1.000),
('BGPK000093', 'BRND000003', 1.000),
('BGPK000093', 'FBRK000001', 0.300),
('BGPK000093', 'FBRK000013', 0.900),
('BGPK000093', 'FBRK000069', 0.190),
('BGPK000093', 'FBRK000106', 0.750),
('BGPK000093', 'FBRK000114', 0.125),
('BGPK000093', 'FLNG000001', 0.080),
('BGPK000093', 'FLNG000003', 0.075),
('BGPK000093', 'HRDW000005', 1.000),
('BGPK000093', 'HRDW000006', 1.000),
('BGPK000093', 'HRDW000010', 2.000),
('BGPK000093', 'HRDW000018', 0.350),
('BGPK000093', 'HRDW000019', 1.000),
('BGPK000093', 'LTHR000003', 0.180),
('BGPK000093', 'PCKG000001', 1.000),
('BGPK000093', 'PCKG000002', 1.000),
('BGPK000093', 'STRP000003', 2.200),
('BGPK000093', 'THRD000001', 10.000),
('BGPK000093', 'THRD000003', 20.000),
('BGPK000093', 'THRD000004', 100.000),
('BGPK000093', 'THRD000011', 20.000),
('BGPK000094', 'BRND000001', 1.000),
('BGPK000094', 'BRND000003', 1.000),
('BGPK000094', 'FBRK000001', 0.300),
('BGPK000094', 'FBRK000013', 0.900),
('BGPK000094', 'FBRK000069', 0.190),
('BGPK000094', 'FBRK000108', 0.750),
('BGPK000094', 'FBRK000114', 0.125),
('BGPK000094', 'FLNG000001', 0.080),
('BGPK000094', 'FLNG000003', 0.075),
('BGPK000094', 'HRDW000005', 1.000),
('BGPK000094', 'HRDW000006', 1.000),
('BGPK000094', 'HRDW000010', 2.000),
('BGPK000094', 'HRDW000018', 0.350),
('BGPK000094', 'HRDW000019', 1.000),
('BGPK000094', 'LTHR000003', 0.180),
('BGPK000094', 'PCKG000001', 1.000),
('BGPK000094', 'PCKG000002', 1.000),
('BGPK000094', 'STRP000003', 2.200),
('BGPK000094', 'THRD000001', 10.000),
('BGPK000094', 'THRD000003', 20.000),
('BGPK000094', 'THRD000011', 20.000),
('BGPK000094', 'THRD000012', 100.000),
('BGPK000095', 'BRND000001', 1.000),
('BGPK000095', 'BRND000003', 1.000),
('BGPK000095', 'FBRK000001', 0.300),
('BGPK000095', 'FBRK000013', 0.900),
('BGPK000095', 'FBRK000069', 0.190),
('BGPK000095', 'FBRK000103', 0.750),
('BGPK000095', 'FBRK000114', 0.125),
('BGPK000095', 'FLNG000001', 0.080),
('BGPK000095', 'FLNG000003', 0.075),
('BGPK000095', 'HRDW000005', 1.000),
('BGPK000095', 'HRDW000006', 1.000),
('BGPK000095', 'HRDW000010', 2.000),
('BGPK000095', 'HRDW000018', 0.350),
('BGPK000095', 'HRDW000019', 1.000),
('BGPK000095', 'LTHR000003', 0.180),
('BGPK000095', 'PCKG000001', 1.000),
('BGPK000095', 'PCKG000002', 1.000),
('BGPK000095', 'STRP000003', 2.200),
('BGPK000095', 'THRD000001', 10.000),
('BGPK000095', 'THRD000003', 20.000),
('BGPK000095', 'THRD000011', 20.000),
('BGPK000095', 'THRD000018', 100.000),
('BGPK000096', 'BRND000001', 1.000),
('BGPK000096', 'BRND000003', 1.000),
('BGPK000096', 'FBRK000001', 0.300),
('BGPK000096', 'FBRK000013', 0.900),
('BGPK000096', 'FBRK000069', 0.190),
('BGPK000096', 'FBRK000101', 0.750),
('BGPK000096', 'FBRK000114', 0.125),
('BGPK000096', 'FLNG000001', 0.080),
('BGPK000096', 'FLNG000003', 0.075),
('BGPK000096', 'HRDW000005', 1.000),
('BGPK000096', 'HRDW000006', 1.000),
('BGPK000096', 'HRDW000010', 2.000),
('BGPK000096', 'HRDW000018', 0.350),
('BGPK000096', 'HRDW000019', 1.000),
('BGPK000096', 'LTHR000003', 0.180),
('BGPK000096', 'PCKG000001', 1.000),
('BGPK000096', 'PCKG000002', 1.000),
('BGPK000096', 'STRP000003', 2.200),
('BGPK000096', 'THRD000001', 100.000),
('BGPK000096', 'THRD000003', 20.000),
('BGPK000096', 'THRD000011', 20.000),
('BGPK000097', 'BRND000001', 1.000),
('BGPK000097', 'BRND000003', 1.000),
('BGPK000097', 'FBRK000001', 0.300),
('BGPK000097', 'FBRK000013', 0.900),
('BGPK000097', 'FBRK000069', 0.190),
('BGPK000097', 'FBRK000113', 0.750),
('BGPK000097', 'FBRK000114', 0.125),
('BGPK000097', 'FLNG000001', 0.080),
('BGPK000097', 'FLNG000003', 0.075),
('BGPK000097', 'HRDW000005', 1.000),
('BGPK000097', 'HRDW000006', 1.000),
('BGPK000097', 'HRDW000010', 2.000),
('BGPK000097', 'HRDW000018', 0.350),
('BGPK000097', 'HRDW000019', 1.000),
('BGPK000097', 'LTHR000003', 0.180),
('BGPK000097', 'PCKG000001', 1.000),
('BGPK000097', 'PCKG000002', 1.000),
('BGPK000097', 'STRP000003', 2.200),
('BGPK000097', 'THRD000001', 10.000),
('BGPK000097', 'THRD000003', 20.000),
('BGPK000097', 'THRD000011', 100.000),
('BGPK000098', 'BRND000001', 1.000),
('BGPK000098', 'BRND000003', 1.000),
('BGPK000098', 'FBRK000001', 0.300),
('BGPK000098', 'FBRK000013', 0.900),
('BGPK000098', 'FBRK000069', 0.190),
('BGPK000098', 'FBRK000103', 0.750),
('BGPK000098', 'FBRK000114', 0.125),
('BGPK000098', 'FLNG000001', 0.080),
('BGPK000098', 'FLNG000003', 0.075),
('BGPK000098', 'HRDW000005', 1.000),
('BGPK000098', 'HRDW000006', 1.000),
('BGPK000098', 'HRDW000010', 2.000),
('BGPK000098', 'HRDW000018', 0.350),
('BGPK000098', 'HRDW000019', 1.000),
('BGPK000098', 'LTHR000001', 0.180),
('BGPK000098', 'PCKG000001', 1.000),
('BGPK000098', 'PCKG000002', 1.000),
('BGPK000098', 'STRP000003', 2.200),
('BGPK000098', 'THRD000001', 20.000),
('BGPK000098', 'THRD000003', 20.000),
('BGPK000098', 'THRD000018', 100.000),
('BGPK000099', 'BRND000001', 1.000),
('BGPK000099', 'BRND000003', 1.000),
('BGPK000099', 'FBRK000001', 0.300),
('BGPK000099', 'FBRK000013', 0.900),
('BGPK000099', 'FBRK000069', 0.190),
('BGPK000099', 'FBRK000108', 0.750),
('BGPK000099', 'FBRK000114', 0.125),
('BGPK000099', 'FLNG000001', 0.080),
('BGPK000099', 'FLNG000003', 0.075),
('BGPK000099', 'HRDW000005', 1.000),
('BGPK000099', 'HRDW000006', 1.000),
('BGPK000099', 'HRDW000010', 2.000),
('BGPK000099', 'HRDW000018', 0.350),
('BGPK000099', 'HRDW000019', 1.000),
('BGPK000099', 'LTHR000001', 0.180),
('BGPK000099', 'PCKG000001', 1.000),
('BGPK000099', 'PCKG000002', 1.000),
('BGPK000099', 'STRP000003', 2.200),
('BGPK000099', 'THRD000001', 20.000),
('BGPK000099', 'THRD000003', 20.000),
('BGPK000099', 'THRD000012', 100.000),
('BGPK000100', 'BRND000001', 1.000),
('BGPK000100', 'BRND000003', 1.000),
('BGPK000100', 'FBRK000001', 0.300),
('BGPK000100', 'FBRK000013', 0.900),
('BGPK000100', 'FBRK000069', 0.190),
('BGPK000100', 'FBRK000108', 0.750),
('BGPK000100', 'FBRK000114', 0.125),
('BGPK000100', 'FLNG000001', 0.080),
('BGPK000100', 'FLNG000003', 0.075),
('BGPK000100', 'HRDW000005', 1.000),
('BGPK000100', 'HRDW000006', 1.000),
('BGPK000100', 'HRDW000010', 2.000),
('BGPK000100', 'HRDW000018', 0.350),
('BGPK000100', 'HRDW000019', 1.000),
('BGPK000100', 'LTHR000001', 0.180),
('BGPK000100', 'PCKG000001', 1.000),
('BGPK000100', 'PCKG000002', 1.000),
('BGPK000100', 'STRP000003', 2.200),
('BGPK000100', 'THRD000001', 20.000),
('BGPK000100', 'THRD000003', 120.000),
('BGPK000101', 'BRND000001', 1.000),
('BGPK000101', 'BRND000003', 1.000),
('BGPK000101', 'FBRK000001', 0.300),
('BGPK000101', 'FBRK000013', 0.900),
('BGPK000101', 'FBRK000069', 0.190),
('BGPK000101', 'FBRK000109', 0.750),
('BGPK000101', 'FBRK000114', 0.125),
('BGPK000101', 'FLNG000001', 0.080),
('BGPK000101', 'FLNG000003', 0.075),
('BGPK000101', 'HRDW000005', 1.000),
('BGPK000101', 'HRDW000006', 1.000),
('BGPK000101', 'HRDW000010', 2.000),
('BGPK000101', 'HRDW000018', 0.350),
('BGPK000101', 'HRDW000019', 1.000),
('BGPK000101', 'LTHR000001', 0.180),
('BGPK000101', 'PCKG000001', 1.000),
('BGPK000101', 'PCKG000002', 1.000),
('BGPK000101', 'STRP000003', 2.200),
('BGPK000101', 'THRD000001', 20.000),
('BGPK000101', 'THRD000003', 20.000),
('BGPK000101', 'THRD000013', 100.000),
('BGPK000102', 'BRND000001', 1.000),
('BGPK000102', 'BRND000003', 1.000),
('BGPK000102', 'FBRK000001', 0.300),
('BGPK000102', 'FBRK000013', 0.900),
('BGPK000102', 'FBRK000069', 0.190),
('BGPK000102', 'FBRK000110', 0.750),
('BGPK000102', 'FBRK000114', 0.125),
('BGPK000102', 'FLNG000001', 0.080),
('BGPK000102', 'FLNG000003', 0.075),
('BGPK000102', 'HRDW000005', 1.000),
('BGPK000102', 'HRDW000006', 1.000),
('BGPK000102', 'HRDW000010', 2.000),
('BGPK000102', 'HRDW000018', 0.350),
('BGPK000102', 'HRDW000019', 1.000),
('BGPK000102', 'LTHR000003', 0.180),
('BGPK000102', 'PCKG000001', 1.000),
('BGPK000102', 'PCKG000002', 1.000),
('BGPK000102', 'STRP000003', 2.200),
('BGPK000102', 'THRD000001', 10.000),
('BGPK000102', 'THRD000003', 20.000),
('BGPK000102', 'THRD000005', 100.000),
('BGPK000102', 'THRD000011', 20.000),
('BGPK000103', 'BRND000001', 1.000),
('BGPK000103', 'BRND000003', 1.000),
('BGPK000103', 'FBRK000001', 0.300),
('BGPK000103', 'FBRK000013', 0.900),
('BGPK000103', 'FBRK000069', 0.190),
('BGPK000103', 'FBRK000102', 0.750),
('BGPK000103', 'FBRK000114', 0.125),
('BGPK000103', 'FLNG000001', 0.080),
('BGPK000103', 'FLNG000003', 0.075),
('BGPK000103', 'HRDW000005', 1.000),
('BGPK000103', 'HRDW000006', 1.000),
('BGPK000103', 'HRDW000010', 2.000),
('BGPK000103', 'HRDW000018', 0.350),
('BGPK000103', 'HRDW000019', 1.000),
('BGPK000103', 'LTHR000001', 0.180),
('BGPK000103', 'PCKG000001', 1.000),
('BGPK000103', 'PCKG000002', 1.000),
('BGPK000103', 'STRP000003', 2.200),
('BGPK000103', 'THRD000003', 20.000),
('BGPK000103', 'THRD000017', 100.000),
('BGPK000104', 'BRND000001', 0.000),
('BGPK000104', 'FBRK000014', 0.000),
('BGPK000104', 'FBRK000036', 0.000),
('BGPK000104', 'FBRK000069', 0.000),
('BGPK000104', 'HRDW000015', 0.000),
('BGPK000104', 'HRDW000018', 0.000),
('BGPK000104', 'HRDW000020', 0.000),
('BGPK000104', 'HRDW000049', 0.000),
('BGPK000104', 'HRDW000050', 0.000),
('BGPK000104', 'PCKG000001', 1.000),
('BGPK000104', 'PCKG000002', 1.000),
('BGPK000104', 'STRP000001', 0.000),
('BGPK000104', 'STRP000004', 0.000),
('BGPK000104', 'STRP000006', 0.000),
('BGPK000104', 'STRP000047', 0.000),
('BGPK000104', 'STRP000053', 0.000),
('BGPK000104', 'THRD000001', 0.000),
('BGPK000104', 'THRD000005', 0.000),
('BGPK000105', 'BRND000001', 1.000),
('BGPK000105', 'BRND000003', 1.000),
('BGPK000105', 'FBRK000001', 0.300),
('BGPK000105', 'FBRK000015', 0.900),
('BGPK000105', 'FBRK000070', 0.190),
('BGPK000105', 'FBRK000101', 0.750),
('BGPK000105', 'FBRK000114', 0.125),
('BGPK000105', 'FLNG000001', 0.080),
('BGPK000105', 'FLNG000003', 0.075),
('BGPK000105', 'HRDW000005', 1.000),
('BGPK000105', 'HRDW000006', 1.000),
('BGPK000105', 'HRDW000010', 2.000),
('BGPK000105', 'HRDW000018', 0.350),
('BGPK000105', 'HRDW000019', 1.000),
('BGPK000105', 'LTHR000002', 0.180),
('BGPK000105', 'PCKG000001', 1.000),
('BGPK000105', 'PCKG000002', 1.000),
('BGPK000105', 'STRP000003', 2.200),
('BGPK000105', 'THRD000001', 100.000),
('BGPK000105', 'THRD000008', 20.000),
('BGPK000106', 'BRND000001', 1.000),
('BGPK000106', 'BRND000003', 1.000),
('BGPK000106', 'FBRK000001', 0.300),
('BGPK000106', 'FBRK000029', 0.900),
('BGPK000106', 'FBRK000070', 0.190),
('BGPK000106', 'FBRK000104', 0.750),
('BGPK000106', 'FBRK000114', 0.125),
('BGPK000106', 'FLNG000001', 0.080),
('BGPK000106', 'FLNG000003', 0.075),
('BGPK000106', 'HRDW000005', 1.000),
('BGPK000106', 'HRDW000006', 1.000),
('BGPK000106', 'HRDW000010', 2.000),
('BGPK000106', 'HRDW000018', 0.350),
('BGPK000106', 'HRDW000019', 1.000),
('BGPK000106', 'LTHR000001', 0.180),
('BGPK000106', 'PCKG000001', 1.000),
('BGPK000106', 'PCKG000002', 1.000),
('BGPK000106', 'STRP000003', 2.200),
('BGPK000106', 'THRD000001', 20.000),
('BGPK000106', 'THRD000011', 100.000),
('BGPK000106', 'THRD000013', 80.000),
('BGPK000107', 'BRND000001', 1.000),
('BGPK000107', 'BRND000003', 1.000),
('BGPK000107', 'FBRK000001', 0.300),
('BGPK000107', 'FBRK000015', 0.900),
('BGPK000107', 'FBRK000070', 0.190),
('BGPK000107', 'FBRK000104', 0.750),
('BGPK000107', 'FBRK000114', 0.125),
('BGPK000107', 'FLNG000001', 0.080),
('BGPK000107', 'FLNG000003', 0.075),
('BGPK000107', 'HRDW000005', 1.000),
('BGPK000107', 'HRDW000006', 1.000),
('BGPK000107', 'HRDW000010', 2.000),
('BGPK000107', 'HRDW000018', 0.350),
('BGPK000107', 'HRDW000019', 1.000),
('BGPK000107', 'LTHR000003', 0.180),
('BGPK000107', 'PCKG000001', 1.000),
('BGPK000107', 'PCKG000002', 1.000),
('BGPK000107', 'STRP000003', 2.200),
('BGPK000107', 'THRD000001', 20.000),
('BGPK000107', 'THRD000008', 80.000),
('BGPK000107', 'THRD000011', 100.000),
('BGPK000108', 'BRND000001', 1.000),
('BGPK000108', 'BRND000003', 1.000),
('BGPK000108', 'FBRK000001', 1.250),
('BGPK000108', 'FBRK000012', 0.600),
('BGPK000108', 'FBRK000069', 0.190),
('BGPK000108', 'FBRK000086', 1.000),
('BGPK000108', 'FBRK000114', 0.125),
('BGPK000108', 'FLNG000001', 0.080),
('BGPK000108', 'FLNG000003', 0.075),
('BGPK000108', 'HRDW000011', 2.000),
('BGPK000108', 'HRDW000018', 0.350),
('BGPK000108', 'HRDW000019', 1.000),
('BGPK000108', 'HRDW000060', 1.000),
('BGPK000108', 'HRDW000064', 1.000),
('BGPK000108', 'LTHR000004', 0.015),
('BGPK000108', 'PCKG000001', 1.000),
('BGPK000108', 'PCKG000002', 1.000),
('BGPK000108', 'STRP000003', 1.400),
('BGPK000108', 'STRP000004', 2.700),
('BGPK000108', 'STRP000006', 1.500),
('BGPK000108', 'THRD000001', 100.000),
('BGPK000108', 'THRD000004', 20.000),
('BGPK000109', 'BRND000001', 1.000),
('BGPK000109', 'BRND000003', 1.000),
('BGPK000109', 'FBRK000002', 0.300),
('BGPK000109', 'FBRK000012', 0.600),
('BGPK000109', 'FBRK000069', 0.190),
('BGPK000109', 'FBRK000086', 0.140),
('BGPK000109', 'FBRK000088', 0.750),
('BGPK000109', 'FBRK000114', 0.125),
('BGPK000109', 'FLNG000001', 0.080),
('BGPK000109', 'FLNG000003', 0.075),
('BGPK000109', 'HRDW000011', 2.000),
('BGPK000109', 'HRDW000018', 0.350),
('BGPK000109', 'HRDW000019', 1.000),
('BGPK000109', 'HRDW000060', 1.000),
('BGPK000109', 'HRDW000064', 1.000),
('BGPK000109', 'LTHR000004', 0.015),
('BGPK000109', 'PCKG000001', 1.000),
('BGPK000109', 'PCKG000002', 1.000),
('BGPK000109', 'STRP000003', 1.400),
('BGPK000109', 'STRP000004', 2.700),
('BGPK000109', 'STRP000006', 1.500),
('BGPK000109', 'THRD000001', 100.000),
('BGPK000109', 'THRD000004', 20.000),
('BGPK000110', 'BRND000001', 1.000),
('BGPK000110', 'BRND000003', 1.000),
('BGPK000110', 'FBRK000001', 0.300),
('BGPK000110', 'FBRK000017', 0.600),
('BGPK000110', 'FBRK000069', 0.190),
('BGPK000110', 'FBRK000086', 0.140),
('BGPK000110', 'FBRK000087', 0.750),
('BGPK000110', 'FBRK000114', 0.125),
('BGPK000110', 'FLNG000001', 0.080),
('BGPK000110', 'FLNG000003', 0.075),
('BGPK000110', 'HRDW000011', 2.000),
('BGPK000110', 'HRDW000018', 0.350),
('BGPK000110', 'HRDW000019', 1.000),
('BGPK000110', 'HRDW000060', 1.000),
('BGPK000110', 'HRDW000064', 1.000),
('BGPK000110', 'LTHR000004', 0.015),
('BGPK000110', 'PCKG000001', 1.000),
('BGPK000110', 'PCKG000002', 1.000),
('BGPK000110', 'STRP000003', 1.400),
('BGPK000110', 'STRP000004', 2.700),
('BGPK000110', 'STRP000006', 1.500),
('BGPK000110', 'THRD000001', 100.000),
('BGPK000110', 'THRD000007', 20.000),
('BGPK000110', 'THRD000010', 20.000),
('BGPK000111', 'BRND000001', 1.000),
('BGPK000111', 'BRND000003', 1.000),
('BGPK000111', 'FBRK000001', 0.250),
('BGPK000111', 'FBRK000013', 1.200),
('BGPK000111', 'FBRK000033', 0.200),
('BGPK000111', 'FBRK000046', 0.850),
('BGPK000111', 'FBRK000069', 0.100),
('BGPK000111', 'FBRK000114', 0.150),
('BGPK000111', 'FLNG000001', 0.100),
('BGPK000111', 'FLNG000003', 0.075),
('BGPK000111', 'HRDW000010', 2.000),
('BGPK000111', 'HRDW000018', 0.800),
('BGPK000111', 'HRDW000019', 2.000),
('BGPK000111', 'HRDW000039', 1.000),
('BGPK000111', 'LTHR000004', 0.015),
('BGPK000111', 'PCKG000001', 1.000),
('BGPK000111', 'PCKG000002', 1.000),
('BGPK000111', 'STRP000003', 2.800),
('BGPK000111', 'STRP000004', 2.700),
('BGPK000111', 'STRP000005', 0.500),
('BGPK000111', 'STRP000060', 0.050),
('BGPK000111', 'STRP000061', 0.050),
('BGPK000111', 'THRD000001', 150.000),
('BGPK000111', 'THRD000003', 20.000),
('BGPK000112', 'BRND000003', 2.000),
('BGPK000112', 'FBRK000001', 0.000),
('BGPK000112', 'FBRK000013', 0.000),
('BGPK000112', 'FBRK000033', 0.000),
('BGPK000112', 'FBRK000069', 0.190),
('BGPK000112', 'FBRK000101', 0.000),
('BGPK000112', 'FBRK000114', 0.000),
('BGPK000112', 'FLNG000001', 0.000),
('BGPK000112', 'FLNG000003', 0.075),
('BGPK000112', 'HRDW000005', 2.000),
('BGPK000112', 'HRDW000006', 2.000),
('BGPK000112', 'HRDW000010', 2.000),
('BGPK000112', 'HRDW000018', 1.200),
('BGPK000112', 'HRDW000019', 3.000),
('BGPK000112', 'LTHR000001', 0.000),
('BGPK000112', 'PCKG000001', 1.000),
('BGPK000112', 'PCKG000002', 1.000),
('BGPK000112', 'STRP000003', 2.400),
('BGPK000112', 'THRD000001', 200.000),
('BGPK000112', 'THRD000003', 50.000);

-- --------------------------------------------------------

--
-- Struktura tabulky `bom_costs`
--

CREATE TABLE `bom_costs` (
  `product_code` varchar(10) CHARACTER SET utf8mb4 COLLATE utf8mb4_czech_ci NOT NULL,
  `type` varchar(5) CHARACTER SET utf8mb4 COLLATE utf8mb4_czech_ci NOT NULL,
  `price` decimal(10,3) NOT NULL
) ENGINE=InnoDB DEFAULT CHARSET=utf8mb4 COLLATE=utf8mb4_czech_ci;

--
-- Vypisuji data pro tabulku `bom_costs`
--

INSERT INTO `bom_costs` (`product_code`, `type`, `price`) VALUES
('ACSR000001', 'AMO01', 50.000),
('ACSR000001', 'LAB01', 1.000),
('ACSR000001', 'PAC01', 100.000),
('ACSR000001', 'PRE01', 60.000),
('ACSR000001', 'TRA01', 70.000),
('ACSR000001', 'TRA02', 70.000),
('ACSR000001', 'TRA03', 250.000),
('ACSR000001', 'TRA04', 750.000),
('ACSR000001', 'TRA05', 0.000),
('ACSR000002', 'AMO01', 50.000),
('ACSR000002', 'LAB01', 1.000),
('ACSR000002', 'PAC01', 100.000),
('ACSR000002', 'PRE01', 60.000),
('ACSR000002', 'TRA01', 70.000),
('ACSR000002', 'TRA02', 70.000),
('ACSR000002', 'TRA03', 250.000),
('ACSR000002', 'TRA04', 750.000),
('ACSR000002', 'TRA05', 0.000),
('ACSR000003', 'AMO01', 50.000),
('ACSR000003', 'LAB01', 1.000),
('ACSR000003', 'PAC01', 100.000),
('ACSR000003', 'PRE01', 60.000),
('ACSR000003', 'TRA01', 70.000),
('ACSR000003', 'TRA02', 70.000),
('ACSR000003', 'TRA03', 250.000),
('ACSR000003', 'TRA04', 750.000),
('ACSR000003', 'TRA05', 0.000),
('ACSR000004', 'AMO01', 50.000),
('ACSR000004', 'LAB01', 1.000),
('ACSR000004', 'PAC01', 100.000),
('ACSR000004', 'PRE01', 60.000),
('ACSR000004', 'TRA01', 70.000),
('ACSR000004', 'TRA02', 70.000),
('ACSR000004', 'TRA03', 250.000),
('ACSR000004', 'TRA04', 750.000),
('ACSR000004', 'TRA05', 0.000),
('ACSR000005', 'AMO01', 50.000),
('ACSR000005', 'LAB01', 1.000),
('ACSR000005', 'PAC01', 100.000),
('ACSR000005', 'PRE01', 60.000),
('ACSR000005', 'TRA01', 70.000),
('ACSR000005', 'TRA02', 70.000),
('ACSR000005', 'TRA03', 250.000),
('ACSR000005', 'TRA04', 750.000),
('ACSR000005', 'TRA05', 0.000),
('ACSR000006', 'AMO01', 50.000),
('ACSR000006', 'LAB01', 1.000),
('ACSR000006', 'PAC01', 100.000),
('ACSR000006', 'PRE01', 60.000),
('ACSR000006', 'TRA01', 70.000),
('ACSR000006', 'TRA02', 70.000),
('ACSR000006', 'TRA03', 250.000),
('ACSR000006', 'TRA04', 750.000),
('ACSR000006', 'TRA05', 0.000),
('ACSR000007', 'AMO01', 50.000),
('ACSR000007', 'LAB01', 1.000),
('ACSR000007', 'PAC01', 100.000),
('ACSR000007', 'PRE01', 60.000),
('ACSR000007', 'TRA01', 70.000),
('ACSR000007', 'TRA02', 70.000),
('ACSR000007', 'TRA03', 250.000),
('ACSR000007', 'TRA04', 750.000),
('ACSR000007', 'TRA05', 0.000),
('ACSR000008', 'AMO01', 50.000),
('ACSR000008', 'LAB01', 1.000),
('ACSR000008', 'PAC01', 100.000),
('ACSR000008', 'PRE01', 60.000),
('ACSR000008', 'TRA01', 70.000),
('ACSR000008', 'TRA02', 70.000),
('ACSR000008', 'TRA03', 250.000),
('ACSR000008', 'TRA04', 750.000),
('ACSR000008', 'TRA05', 0.000),
('ACSR000009', 'AMO01', 50.000),
('ACSR000009', 'LAB01', 1.000),
('ACSR000009', 'PAC01', 100.000),
('ACSR000009', 'PRE01', 60.000),
('ACSR000009', 'TRA01', 70.000),
('ACSR000009', 'TRA02', 70.000),
('ACSR000009', 'TRA03', 250.000),
('ACSR000009', 'TRA04', 750.000),
('ACSR000009', 'TRA05', 0.000),
('ACSR000010', 'AMO01', 50.000),
('ACSR000010', 'LAB01', 1.000),
('ACSR000010', 'PAC01', 100.000),
('ACSR000010', 'PRE01', 60.000),
('ACSR000010', 'TRA01', 70.000),
('ACSR000010', 'TRA02', 70.000),
('ACSR000010', 'TRA03', 250.000),
('ACSR000010', 'TRA04', 750.000),
('ACSR000010', 'TRA05', 0.000),
('ACSR000011', 'AMO01', 50.000),
('ACSR000011', 'LAB01', 1.000),
('ACSR000011', 'PAC01', 100.000),
('ACSR000011', 'PRE01', 60.000),
('ACSR000011', 'TRA01', 70.000),
('ACSR000011', 'TRA02', 70.000),
('ACSR000011', 'TRA03', 250.000),
('ACSR000011', 'TRA04', 750.000),
('ACSR000011', 'TRA05', 0.000),
('ACSR000012', 'AMO01', 50.000),
('ACSR000012', 'LAB01', 1.000),
('ACSR000012', 'PAC01', 100.000),
('ACSR000012', 'PRE01', 60.000),
('ACSR000012', 'TRA01', 70.000),
('ACSR000012', 'TRA02', 70.000),
('ACSR000012', 'TRA03', 250.000),
('ACSR000012', 'TRA04', 750.000),
('ACSR000012', 'TRA05', 0.000),
('ACSR000013', 'AMO01', 50.000),
('ACSR000013', 'LAB01', 1.000),
('ACSR000013', 'PAC01', 100.000),
('ACSR000013', 'PRE01', 60.000),
('ACSR000013', 'TRA01', 70.000),
('ACSR000013', 'TRA02', 70.000),
('ACSR000013', 'TRA03', 250.000),
('ACSR000013', 'TRA04', 750.000),
('ACSR000013', 'TRA05', 0.000),
('ACSR000014', 'AMO01', 50.000),
('ACSR000014', 'LAB01', 1.000),
('ACSR000014', 'PAC01', 100.000),
('ACSR000014', 'PRE01', 60.000),
('ACSR000014', 'TRA01', 70.000),
('ACSR000014', 'TRA02', 70.000),
('ACSR000014', 'TRA03', 250.000),
('ACSR000014', 'TRA04', 750.000),
('ACSR000014', 'TRA05', 0.000),
('ACSR000015', 'AMO01', 50.000),
('ACSR000015', 'LAB01', 1.000),
('ACSR000015', 'PAC01', 100.000),
('ACSR000015', 'PRE01', 60.000),
('ACSR000015', 'TRA01', 70.000),
('ACSR000015', 'TRA02', 70.000),
('ACSR000015', 'TRA03', 250.000),
('ACSR000015', 'TRA04', 750.000),
('ACSR000015', 'TRA05', 0.000),
('ACSR000016', 'AMO01', 50.000),
('ACSR000016', 'LAB01', 1.000),
('ACSR000016', 'PAC01', 100.000),
('ACSR000016', 'PRE01', 60.000),
('ACSR000016', 'TRA01', 70.000),
('ACSR000016', 'TRA02', 70.000),
('ACSR000016', 'TRA03', 250.000),
('ACSR000016', 'TRA04', 750.000),
('ACSR000016', 'TRA05', 0.000),
('ACSR000017', 'AMO01', 50.000),
('ACSR000017', 'LAB01', 1.000),
('ACSR000017', 'PAC01', 100.000),
('ACSR000017', 'PRE01', 60.000),
('ACSR000017', 'TRA01', 70.000),
('ACSR000017', 'TRA02', 70.000),
('ACSR000017', 'TRA03', 250.000),
('ACSR000017', 'TRA04', 750.000),
('ACSR000017', 'TRA05', 0.000),
('ACSR000018', 'AMO01', 50.000),
('ACSR000018', 'LAB01', 345.000),
('ACSR000018', 'PAC01', 100.000),
('ACSR000018', 'PRE01', 60.000),
('ACSR000018', 'TRA01', 70.000),
('ACSR000018', 'TRA02', 70.000),
('ACSR000018', 'TRA03', 250.000),
('ACSR000018', 'TRA04', 750.000),
('ACSR000018', 'TRA05', 0.000),
('ACSR000019', 'AMO01', 50.000),
('ACSR000019', 'LAB01', 1.000),
('ACSR000019', 'PAC01', 100.000),
('ACSR000019', 'PRE01', 60.000),
('ACSR000019', 'TRA01', 70.000),
('ACSR000019', 'TRA02', 70.000),
('ACSR000019', 'TRA03', 250.000),
('ACSR000019', 'TRA04', 750.000),
('ACSR000019', 'TRA05', 0.000),
('ACSR000020', 'AMO01', 50.000),
('ACSR000020', 'LAB01', 1.000),
('ACSR000020', 'PAC01', 100.000),
('ACSR000020', 'PRE01', 60.000),
('ACSR000020', 'TRA01', 70.000),
('ACSR000020', 'TRA02', 70.000),
('ACSR000020', 'TRA03', 250.000),
('ACSR000020', 'TRA04', 750.000),
('ACSR000020', 'TRA05', 0.000),
('ACSR000021', 'AMO01', 50.000),
('ACSR000021', 'LAB01', 1.000),
('ACSR000021', 'PAC01', 100.000),
('ACSR000021', 'PRE01', 60.000),
('ACSR000021', 'TRA01', 70.000),
('ACSR000021', 'TRA02', 70.000),
('ACSR000021', 'TRA03', 250.000),
('ACSR000021', 'TRA04', 750.000),
('ACSR000021', 'TRA05', 0.000),
('ACSR000022', 'AMO01', 50.000),
('ACSR000022', 'LAB01', 1.000),
('ACSR000022', 'PAC01', 100.000),
('ACSR000022', 'PRE01', 60.000),
('ACSR000022', 'TRA01', 70.000),
('ACSR000022', 'TRA02', 70.000),
('ACSR000022', 'TRA03', 250.000),
('ACSR000022', 'TRA04', 750.000),
('ACSR000022', 'TRA05', 0.000),
('ACSR000023', 'AMO01', 50.000),
('ACSR000023', 'LAB01', 1.000),
('ACSR000023', 'PAC01', 100.000),
('ACSR000023', 'PRE01', 60.000),
('ACSR000023', 'TRA01', 70.000),
('ACSR000023', 'TRA02', 70.000),
('ACSR000023', 'TRA03', 250.000),
('ACSR000023', 'TRA04', 750.000),
('ACSR000023', 'TRA05', 0.000),
('ACSR000024', 'AMO01', 50.000),
('ACSR000024', 'LAB01', 1.000),
('ACSR000024', 'PAC01', 100.000),
('ACSR000024', 'PRE01', 60.000),
('ACSR000024', 'TRA01', 70.000),
('ACSR000024', 'TRA02', 70.000),
('ACSR000024', 'TRA03', 250.000),
('ACSR000024', 'TRA04', 750.000),
('ACSR000024', 'TRA05', 0.000),
('ACSR000025', 'AMO01', 50.000),
('ACSR000025', 'LAB01', 1.000),
('ACSR000025', 'PAC01', 100.000),
('ACSR000025', 'PRE01', 60.000),
('ACSR000025', 'TRA01', 70.000),
('ACSR000025', 'TRA02', 70.000),
('ACSR000025', 'TRA03', 250.000),
('ACSR000025', 'TRA04', 750.000),
('ACSR000025', 'TRA05', 0.000),
('ACSR000026', 'AMO01', 50.000),
('ACSR000026', 'LAB01', 1.000),
('ACSR000026', 'PAC01', 100.000),
('ACSR000026', 'PRE01', 60.000),
('ACSR000026', 'TRA01', 70.000),
('ACSR000026', 'TRA02', 70.000),
('ACSR000026', 'TRA03', 250.000),
('ACSR000026', 'TRA04', 750.000),
('ACSR000026', 'TRA05', 0.000),
('ACSR000027', 'AMO01', 50.000),
('ACSR000027', 'LAB01', 1.000),
('ACSR000027', 'PAC01', 100.000),
('ACSR000027', 'PRE01', 60.000),
('ACSR000027', 'TRA01', 70.000),
('ACSR000027', 'TRA02', 70.000),
('ACSR000027', 'TRA03', 250.000),
('ACSR000027', 'TRA04', 750.000),
('ACSR000027', 'TRA05', 0.000),
('ACSR000028', 'AMO01', 50.000),
('ACSR000028', 'LAB01', 1.000),
('ACSR000028', 'PAC01', 100.000),
('ACSR000028', 'PRE01', 60.000),
('ACSR000028', 'TRA01', 70.000),
('ACSR000028', 'TRA02', 70.000),
('ACSR000028', 'TRA03', 250.000),
('ACSR000028', 'TRA04', 750.000),
('ACSR000028', 'TRA05', 0.000),
('ACSR000029', 'AMO01', 50.000),
('ACSR000029', 'LAB01', 1.000),
('ACSR000029', 'PAC01', 100.000),
('ACSR000029', 'PRE01', 60.000),
('ACSR000029', 'TRA01', 70.000),
('ACSR000029', 'TRA02', 70.000),
('ACSR000029', 'TRA03', 250.000),
('ACSR000029', 'TRA04', 750.000),
('ACSR000029', 'TRA05', 0.000),
('ACSR000030', 'AMO01', 50.000),
('ACSR000030', 'LAB01', 1.000),
('ACSR000030', 'PAC01', 100.000),
('ACSR000030', 'PRE01', 60.000),
('ACSR000030', 'TRA01', 70.000),
('ACSR000030', 'TRA02', 70.000),
('ACSR000030', 'TRA03', 250.000),
('ACSR000030', 'TRA04', 750.000),
('ACSR000030', 'TRA05', 0.000),
('ACSR000031', 'AMO01', 50.000),
('ACSR000031', 'LAB01', 1.000),
('ACSR000031', 'PAC01', 100.000),
('ACSR000031', 'PRE01', 60.000),
('ACSR000031', 'TRA01', 70.000),
('ACSR000031', 'TRA02', 70.000),
('ACSR000031', 'TRA03', 250.000),
('ACSR000031', 'TRA04', 750.000),
('ACSR000031', 'TRA05', 0.000),
('ACSR000032', 'AMO01', 50.000),
('ACSR000032', 'LAB01', 1.000),
('ACSR000032', 'PAC01', 100.000),
('ACSR000032', 'PRE01', 60.000),
('ACSR000032', 'TRA01', 70.000),
('ACSR000032', 'TRA02', 70.000),
('ACSR000032', 'TRA03', 250.000),
('ACSR000032', 'TRA04', 750.000),
('ACSR000032', 'TRA05', 0.000),
('ACSR000033', 'AMO01', 50.000),
('ACSR000033', 'LAB01', 1.000),
('ACSR000033', 'PAC01', 100.000),
('ACSR000033', 'PRE01', 60.000),
('ACSR000033', 'TRA01', 70.000),
('ACSR000033', 'TRA02', 70.000),
('ACSR000033', 'TRA03', 250.000),
('ACSR000033', 'TRA04', 750.000),
('ACSR000033', 'TRA05', 0.000),
('ACSR000034', 'AMO01', 50.000),
('ACSR000034', 'LAB01', 1.000),
('ACSR000034', 'PAC01', 100.000),
('ACSR000034', 'PRE01', 60.000),
('ACSR000034', 'TRA01', 70.000),
('ACSR000034', 'TRA02', 70.000),
('ACSR000034', 'TRA03', 250.000),
('ACSR000034', 'TRA04', 750.000),
('ACSR000034', 'TRA05', 0.000),
('ACSR000035', 'AMO01', 50.000),
('ACSR000035', 'LAB01', 1.000),
('ACSR000035', 'PAC01', 100.000),
('ACSR000035', 'PRE01', 60.000),
('ACSR000035', 'TRA01', 70.000),
('ACSR000035', 'TRA02', 70.000),
('ACSR000035', 'TRA03', 250.000),
('ACSR000035', 'TRA04', 750.000),
('ACSR000035', 'TRA05', 0.000),
('ACSR000036', 'AMO01', 50.000),
('ACSR000036', 'LAB01', 1.000),
('ACSR000036', 'PAC01', 100.000),
('ACSR000036', 'PRE01', 60.000),
('ACSR000036', 'TRA01', 70.000),
('ACSR000036', 'TRA02', 70.000),
('ACSR000036', 'TRA03', 250.000),
('ACSR000036', 'TRA04', 750.000),
('ACSR000036', 'TRA05', 0.000),
('ACSR000037', 'AMO01', 50.000),
('ACSR000037', 'LAB01', 1.000),
('ACSR000037', 'PAC01', 100.000),
('ACSR000037', 'PRE01', 60.000),
('ACSR000037', 'TRA01', 70.000),
('ACSR000037', 'TRA02', 70.000),
('ACSR000037', 'TRA03', 250.000),
('ACSR000037', 'TRA04', 750.000),
('ACSR000037', 'TRA05', 0.000),
('ACSR000038', 'AMO01', 50.000),
('ACSR000038', 'LAB01', 1.000),
('ACSR000038', 'PAC01', 100.000),
('ACSR000038', 'PRE01', 60.000),
('ACSR000038', 'TRA01', 70.000),
('ACSR000038', 'TRA02', 70.000),
('ACSR000038', 'TRA03', 250.000),
('ACSR000038', 'TRA04', 750.000),
('ACSR000038', 'TRA05', 0.000),
('ACSR000039', 'AMO01', 50.000),
('ACSR000039', 'LAB01', 1.000),
('ACSR000039', 'PAC01', 100.000),
('ACSR000039', 'PRE01', 60.000),
('ACSR000039', 'TRA01', 70.000),
('ACSR000039', 'TRA02', 70.000),
('ACSR000039', 'TRA03', 250.000),
('ACSR000039', 'TRA04', 750.000),
('ACSR000039', 'TRA05', 0.000),
('ACSR000040', 'AMO01', 50.000),
('ACSR000040', 'LAB01', 1.000),
('ACSR000040', 'PAC01', 100.000),
('ACSR000040', 'PRE01', 60.000),
('ACSR000040', 'TRA01', 70.000),
('ACSR000040', 'TRA02', 70.000),
('ACSR000040', 'TRA03', 250.000),
('ACSR000040', 'TRA04', 750.000),
('ACSR000040', 'TRA05', 0.000),
('ACSR000041', 'AMO01', 50.000),
('ACSR000041', 'LAB01', 1.000),
('ACSR000041', 'PAC01', 100.000),
('ACSR000041', 'PRE01', 60.000),
('ACSR000041', 'TRA01', 70.000),
('ACSR000041', 'TRA02', 70.000),
('ACSR000041', 'TRA03', 250.000),
('ACSR000041', 'TRA04', 750.000),
('ACSR000041', 'TRA05', 0.000),
('ACSR000042', 'AMO01', 50.000),
('ACSR000042', 'LAB01', 1.000),
('ACSR000042', 'PAC01', 100.000),
('ACSR000042', 'PRE01', 60.000),
('ACSR000042', 'TRA01', 70.000),
('ACSR000042', 'TRA02', 70.000),
('ACSR000042', 'TRA03', 250.000),
('ACSR000042', 'TRA04', 750.000),
('ACSR000042', 'TRA05', 0.000),
('ACSR000043', 'AMO01', 50.000),
('ACSR000043', 'LAB01', 1.000),
('ACSR000043', 'PAC01', 100.000),
('ACSR000043', 'PRE01', 60.000),
('ACSR000043', 'TRA01', 70.000),
('ACSR000043', 'TRA02', 70.000),
('ACSR000043', 'TRA03', 250.000),
('ACSR000043', 'TRA04', 750.000),
('ACSR000043', 'TRA05', 0.000),
('ACSR000044', 'AMO01', 50.000),
('ACSR000044', 'LAB01', 1.000),
('ACSR000044', 'PAC01', 100.000),
('ACSR000044', 'PRE01', 60.000),
('ACSR000044', 'TRA01', 70.000),
('ACSR000044', 'TRA02', 70.000),
('ACSR000044', 'TRA03', 250.000),
('ACSR000044', 'TRA04', 750.000),
('ACSR000044', 'TRA05', 0.000),
('ACSR000045', 'AMO01', 50.000),
('ACSR000045', 'LAB01', 1.000),
('ACSR000045', 'PAC01', 100.000),
('ACSR000045', 'PRE01', 60.000),
('ACSR000045', 'TRA01', 70.000),
('ACSR000045', 'TRA02', 70.000),
('ACSR000045', 'TRA03', 250.000),
('ACSR000045', 'TRA04', 750.000),
('ACSR000045', 'TRA05', 0.000),
('ACSR000046', 'AMO01', 50.000),
('ACSR000046', 'LAB01', 1.000),
('ACSR000046', 'PAC01', 100.000),
('ACSR000046', 'PRE01', 60.000),
('ACSR000046', 'TRA01', 70.000),
('ACSR000046', 'TRA02', 70.000),
('ACSR000046', 'TRA03', 250.000),
('ACSR000046', 'TRA04', 750.000),
('ACSR000046', 'TRA05', 0.000),
('ACSR000047', 'AMO01', 50.000),
('ACSR000047', 'LAB01', 1.000),
('ACSR000047', 'PAC01', 100.000),
('ACSR000047', 'PRE01', 60.000),
('ACSR000047', 'TRA01', 70.000),
('ACSR000047', 'TRA02', 70.000),
('ACSR000047', 'TRA03', 250.000),
('ACSR000047', 'TRA04', 750.000),
('ACSR000047', 'TRA05', 0.000),
('ACSR000048', 'AMO01', 50.000),
('ACSR000048', 'LAB01', 1.000),
('ACSR000048', 'PAC01', 100.000),
('ACSR000048', 'PRE01', 60.000),
('ACSR000048', 'TRA01', 70.000),
('ACSR000048', 'TRA02', 70.000),
('ACSR000048', 'TRA03', 250.000),
('ACSR000048', 'TRA04', 750.000),
('ACSR000048', 'TRA05', 0.000),
('ACSR000049', 'AMO01', 50.000),
('ACSR000049', 'LAB01', 1.000),
('ACSR000049', 'PAC01', 100.000),
('ACSR000049', 'PRE01', 60.000),
('ACSR000049', 'TRA01', 70.000),
('ACSR000049', 'TRA02', 70.000),
('ACSR000049', 'TRA03', 250.000),
('ACSR000049', 'TRA04', 750.000),
('ACSR000049', 'TRA05', 0.000),
('ACSR000050', 'AMO01', 50.000),
('ACSR000050', 'LAB01', 1.000),
('ACSR000050', 'PAC01', 100.000),
('ACSR000050', 'PRE01', 60.000),
('ACSR000050', 'TRA01', 70.000),
('ACSR000050', 'TRA02', 70.000),
('ACSR000050', 'TRA03', 250.000),
('ACSR000050', 'TRA04', 750.000),
('ACSR000050', 'TRA05', 0.000),
('BGPK000001', 'AMO01', 50.000),
('BGPK000001', 'LAB01', 450.000),
('BGPK000001', 'PAC01', 100.000),
('BGPK000001', 'PRE01', 60.000),
('BGPK000001', 'TRA01', 70.000),
('BGPK000001', 'TRA02', 70.000),
('BGPK000001', 'TRA03', 250.000),
('BGPK000001', 'TRA04', 750.000),
('BGPK000001', 'TRA05', 0.000),
('BGPK000002', 'AMO01', 50.000),
('BGPK000002', 'LAB01', 450.000),
('BGPK000002', 'PAC01', 100.000),
('BGPK000002', 'PRE01', 60.000),
('BGPK000002', 'TRA01', 70.000),
('BGPK000002', 'TRA02', 70.000),
('BGPK000002', 'TRA03', 250.000),
('BGPK000002', 'TRA04', 750.000),
('BGPK000002', 'TRA05', 0.000),
('BGPK000003', 'AMO01', 50.000),
('BGPK000003', 'LAB01', 450.000),
('BGPK000003', 'PAC01', 100.000),
('BGPK000003', 'PRE01', 60.000),
('BGPK000003', 'TRA01', 70.000),
('BGPK000003', 'TRA02', 70.000),
('BGPK000003', 'TRA03', 250.000),
('BGPK000003', 'TRA04', 750.000),
('BGPK000003', 'TRA05', 0.000),
('BGPK000004', 'AMO01', 50.000),
('BGPK000004', 'LAB01', 450.000),
('BGPK000004', 'PAC01', 100.000),
('BGPK000004', 'PRE01', 60.000),
('BGPK000004', 'TRA01', 70.000),
('BGPK000004', 'TRA02', 70.000),
('BGPK000004', 'TRA03', 250.000),
('BGPK000004', 'TRA04', 750.000),
('BGPK000004', 'TRA05', 0.000),
('BGPK000005', 'AMO01', 50.000),
('BGPK000005', 'LAB01', 450.000),
('BGPK000005', 'PAC01', 100.000),
('BGPK000005', 'PRE01', 60.000),
('BGPK000005', 'TRA01', 70.000),
('BGPK000005', 'TRA02', 70.000),
('BGPK000005', 'TRA03', 250.000),
('BGPK000005', 'TRA04', 750.000),
('BGPK000005', 'TRA05', 0.000),
('BGPK000006', 'AMO01', 50.000),
('BGPK000006', 'LAB01', 450.000),
('BGPK000006', 'PAC01', 100.000),
('BGPK000006', 'PRE01', 60.000),
('BGPK000006', 'TRA01', 70.000),
('BGPK000006', 'TRA02', 70.000),
('BGPK000006', 'TRA03', 250.000),
('BGPK000006', 'TRA04', 750.000),
('BGPK000006', 'TRA05', 0.000),
('BGPK000007', 'AMO01', 50.000),
('BGPK000007', 'LAB01', 885.000),
('BGPK000007', 'PAC01', 100.000),
('BGPK000007', 'PRE01', 60.000),
('BGPK000007', 'TRA01', 70.000),
('BGPK000007', 'TRA02', 70.000),
('BGPK000007', 'TRA03', 250.000),
('BGPK000007', 'TRA04', 750.000),
('BGPK000007', 'TRA05', 0.000),
('BGPK000008', 'AMO01', 50.000),
('BGPK000008', 'LAB01', 885.000),
('BGPK000008', 'PAC01', 100.000),
('BGPK000008', 'PRE01', 60.000),
('BGPK000008', 'TRA01', 70.000),
('BGPK000008', 'TRA02', 70.000),
('BGPK000008', 'TRA03', 250.000),
('BGPK000008', 'TRA04', 750.000),
('BGPK000008', 'TRA05', 0.000),
('BGPK000009', 'AMO01', 50.000),
('BGPK000009', 'LAB01', 885.000),
('BGPK000009', 'PAC01', 100.000),
('BGPK000009', 'PRE01', 60.000),
('BGPK000009', 'TRA01', 70.000),
('BGPK000009', 'TRA02', 70.000),
('BGPK000009', 'TRA03', 250.000),
('BGPK000009', 'TRA04', 750.000),
('BGPK000009', 'TRA05', 0.000),
('BGPK000010', 'AMO01', 50.000),
('BGPK000010', 'LAB01', 885.000),
('BGPK000010', 'PAC01', 100.000),
('BGPK000010', 'PRE01', 60.000),
('BGPK000010', 'TRA01', 70.000),
('BGPK000010', 'TRA02', 70.000),
('BGPK000010', 'TRA03', 250.000),
('BGPK000010', 'TRA04', 750.000),
('BGPK000010', 'TRA05', 0.000),
('BGPK000011', 'AMO01', 50.000),
('BGPK000011', 'LAB01', 885.000),
('BGPK000011', 'PAC01', 100.000),
('BGPK000011', 'PRE01', 60.000),
('BGPK000011', 'TRA01', 70.000),
('BGPK000011', 'TRA02', 70.000),
('BGPK000011', 'TRA03', 250.000),
('BGPK000011', 'TRA04', 750.000),
('BGPK000011', 'TRA05', 0.000),
('BGPK000012', 'AMO01', 50.000),
('BGPK000012', 'LAB01', 885.000),
('BGPK000012', 'PAC01', 100.000),
('BGPK000012', 'PRE01', 60.000),
('BGPK000012', 'TRA01', 70.000),
('BGPK000012', 'TRA02', 70.000),
('BGPK000012', 'TRA03', 250.000),
('BGPK000012', 'TRA04', 750.000),
('BGPK000012', 'TRA05', 0.000),
('BGPK000013', 'AMO01', 50.000),
('BGPK000013', 'LAB01', 885.000),
('BGPK000013', 'PAC01', 100.000),
('BGPK000013', 'PRE01', 60.000),
('BGPK000013', 'TRA01', 70.000),
('BGPK000013', 'TRA02', 70.000),
('BGPK000013', 'TRA03', 250.000),
('BGPK000013', 'TRA04', 750.000),
('BGPK000013', 'TRA05', 0.000),
('BGPK000014', 'AMO01', 50.000),
('BGPK000014', 'LAB01', 885.000),
('BGPK000014', 'PAC01', 100.000),
('BGPK000014', 'PRE01', 60.000),
('BGPK000014', 'TRA01', 70.000),
('BGPK000014', 'TRA02', 70.000),
('BGPK000014', 'TRA03', 250.000),
('BGPK000014', 'TRA04', 750.000),
('BGPK000014', 'TRA05', 0.000),
('BGPK000015', 'AMO01', 50.000),
('BGPK000015', 'LAB01', 885.000),
('BGPK000015', 'PAC01', 100.000),
('BGPK000015', 'PRE01', 60.000),
('BGPK000015', 'TRA01', 70.000),
('BGPK000015', 'TRA02', 70.000),
('BGPK000015', 'TRA03', 250.000),
('BGPK000015', 'TRA04', 750.000),
('BGPK000015', 'TRA05', 0.000),
('BGPK000016', 'AMO01', 50.000),
('BGPK000016', 'LAB01', 885.000),
('BGPK000016', 'PAC01', 100.000),
('BGPK000016', 'PRE01', 60.000),
('BGPK000016', 'TRA01', 70.000),
('BGPK000016', 'TRA02', 70.000),
('BGPK000016', 'TRA03', 250.000),
('BGPK000016', 'TRA04', 750.000),
('BGPK000016', 'TRA05', 0.000),
('BGPK000017', 'AMO01', 50.000),
('BGPK000017', 'LAB01', 885.000),
('BGPK000017', 'PAC01', 100.000),
('BGPK000017', 'PRE01', 60.000),
('BGPK000017', 'TRA01', 70.000),
('BGPK000017', 'TRA02', 70.000),
('BGPK000017', 'TRA03', 250.000),
('BGPK000017', 'TRA04', 750.000),
('BGPK000017', 'TRA05', 0.000),
('BGPK000018', 'AMO01', 50.000),
('BGPK000018', 'LAB01', 390.000),
('BGPK000018', 'PAC01', 100.000),
('BGPK000018', 'PRE01', 60.000),
('BGPK000018', 'TRA01', 70.000),
('BGPK000018', 'TRA02', 70.000),
('BGPK000018', 'TRA03', 250.000),
('BGPK000018', 'TRA04', 750.000),
('BGPK000018', 'TRA05', 0.000),
('BGPK000019', 'AMO01', 50.000),
('BGPK000019', 'LAB01', 390.000),
('BGPK000019', 'PAC01', 100.000),
('BGPK000019', 'PRE01', 60.000),
('BGPK000019', 'TRA01', 70.000),
('BGPK000019', 'TRA02', 70.000),
('BGPK000019', 'TRA03', 250.000),
('BGPK000019', 'TRA04', 750.000),
('BGPK000019', 'TRA05', 0.000),
('BGPK000020', 'AMO01', 50.000),
('BGPK000020', 'LAB01', 390.000),
('BGPK000020', 'PAC01', 100.000),
('BGPK000020', 'PRE01', 60.000),
('BGPK000020', 'TRA01', 70.000),
('BGPK000020', 'TRA02', 70.000),
('BGPK000020', 'TRA03', 250.000),
('BGPK000020', 'TRA04', 750.000),
('BGPK000020', 'TRA05', 0.000),
('BGPK000021', 'AMO01', 50.000),
('BGPK000021', 'LAB01', 390.000),
('BGPK000021', 'PAC01', 100.000),
('BGPK000021', 'PRE01', 60.000),
('BGPK000021', 'TRA01', 70.000),
('BGPK000021', 'TRA02', 70.000),
('BGPK000021', 'TRA03', 250.000),
('BGPK000021', 'TRA04', 750.000),
('BGPK000021', 'TRA05', 0.000),
('BGPK000022', 'AMO01', 50.000),
('BGPK000022', 'LAB01', 555.000),
('BGPK000022', 'PAC01', 100.000),
('BGPK000022', 'PRE01', 60.000),
('BGPK000022', 'TRA01', 70.000),
('BGPK000022', 'TRA02', 70.000),
('BGPK000022', 'TRA03', 250.000),
('BGPK000022', 'TRA04', 750.000),
('BGPK000022', 'TRA05', 0.000),
('BGPK000023', 'AMO01', 50.000),
('BGPK000023', 'LAB01', 555.000),
('BGPK000023', 'PAC01', 100.000),
('BGPK000023', 'PRE01', 60.000),
('BGPK000023', 'TRA01', 70.000),
('BGPK000023', 'TRA02', 70.000),
('BGPK000023', 'TRA03', 250.000),
('BGPK000023', 'TRA04', 750.000),
('BGPK000023', 'TRA05', 0.000),
('BGPK000024', 'AMO01', 50.000),
('BGPK000024', 'LAB01', 555.000),
('BGPK000024', 'PAC01', 100.000),
('BGPK000024', 'PRE01', 60.000),
('BGPK000024', 'TRA01', 70.000),
('BGPK000024', 'TRA02', 70.000),
('BGPK000024', 'TRA03', 250.000),
('BGPK000024', 'TRA04', 750.000),
('BGPK000024', 'TRA05', 0.000),
('BGPK000025', 'AMO01', 50.000),
('BGPK000025', 'LAB01', 555.000),
('BGPK000025', 'PAC01', 100.000),
('BGPK000025', 'PRE01', 60.000),
('BGPK000025', 'TRA01', 70.000),
('BGPK000025', 'TRA02', 70.000),
('BGPK000025', 'TRA03', 250.000),
('BGPK000025', 'TRA04', 750.000),
('BGPK000025', 'TRA05', 0.000),
('BGPK000026', 'AMO01', 50.000),
('BGPK000026', 'LAB01', 555.000),
('BGPK000026', 'PAC01', 100.000),
('BGPK000026', 'PRE01', 60.000),
('BGPK000026', 'TRA01', 70.000),
('BGPK000026', 'TRA02', 70.000),
('BGPK000026', 'TRA03', 250.000),
('BGPK000026', 'TRA04', 750.000),
('BGPK000026', 'TRA05', 0.000),
('BGPK000027', 'AMO01', 50.000),
('BGPK000027', 'LAB01', 555.000),
('BGPK000027', 'PAC01', 100.000),
('BGPK000027', 'PRE01', 60.000),
('BGPK000027', 'TRA01', 70.000),
('BGPK000027', 'TRA02', 70.000),
('BGPK000027', 'TRA03', 250.000),
('BGPK000027', 'TRA04', 750.000),
('BGPK000027', 'TRA05', 0.000),
('BGPK000028', 'AMO01', 50.000),
('BGPK000028', 'LAB01', 555.000),
('BGPK000028', 'PAC01', 100.000),
('BGPK000028', 'PRE01', 60.000),
('BGPK000028', 'TRA01', 70.000),
('BGPK000028', 'TRA02', 70.000),
('BGPK000028', 'TRA03', 250.000),
('BGPK000028', 'TRA04', 750.000),
('BGPK000028', 'TRA05', 0.000),
('BGPK000029', 'AMO01', 50.000),
('BGPK000029', 'LAB01', 555.000),
('BGPK000029', 'PAC01', 100.000),
('BGPK000029', 'PRE01', 60.000),
('BGPK000029', 'TRA01', 70.000),
('BGPK000029', 'TRA02', 70.000),
('BGPK000029', 'TRA03', 250.000),
('BGPK000029', 'TRA04', 750.000),
('BGPK000029', 'TRA05', 0.000),
('BGPK000030', 'AMO01', 50.000),
('BGPK000030', 'LAB01', 555.000),
('BGPK000030', 'PAC01', 100.000),
('BGPK000030', 'PRE01', 60.000),
('BGPK000030', 'TRA01', 70.000),
('BGPK000030', 'TRA02', 70.000),
('BGPK000030', 'TRA03', 250.000),
('BGPK000030', 'TRA04', 750.000),
('BGPK000030', 'TRA05', 0.000),
('BGPK000031', 'AMO01', 50.000),
('BGPK000031', 'LAB01', 555.000),
('BGPK000031', 'PAC01', 100.000),
('BGPK000031', 'PRE01', 60.000),
('BGPK000031', 'TRA01', 70.000),
('BGPK000031', 'TRA02', 70.000),
('BGPK000031', 'TRA03', 250.000),
('BGPK000031', 'TRA04', 750.000),
('BGPK000031', 'TRA05', 0.000),
('BGPK000032', 'AMO01', 50.000),
('BGPK000032', 'LAB01', 555.000),
('BGPK000032', 'PAC01', 100.000),
('BGPK000032', 'PRE01', 60.000),
('BGPK000032', 'TRA01', 70.000),
('BGPK000032', 'TRA02', 70.000),
('BGPK000032', 'TRA03', 250.000),
('BGPK000032', 'TRA04', 750.000),
('BGPK000032', 'TRA05', 0.000),
('BGPK000033', 'AMO01', 50.000),
('BGPK000033', 'LAB01', 555.000),
('BGPK000033', 'PAC01', 100.000),
('BGPK000033', 'PRE01', 60.000),
('BGPK000033', 'TRA01', 70.000),
('BGPK000033', 'TRA02', 70.000),
('BGPK000033', 'TRA03', 250.000),
('BGPK000033', 'TRA04', 750.000),
('BGPK000033', 'TRA05', 0.000),
('BGPK000034', 'AMO01', 50.000),
('BGPK000034', 'LAB01', 700.000),
('BGPK000034', 'PAC01', 100.000),
('BGPK000034', 'PRE01', 60.000),
('BGPK000034', 'TRA01', 70.000),
('BGPK000034', 'TRA02', 70.000),
('BGPK000034', 'TRA03', 250.000),
('BGPK000034', 'TRA04', 750.000),
('BGPK000034', 'TRA05', 0.000),
('BGPK000035', 'AMO01', 50.000),
('BGPK000035', 'LAB01', 580.000),
('BGPK000035', 'PAC01', 100.000),
('BGPK000035', 'PRE01', 60.000),
('BGPK000035', 'TRA01', 70.000),
('BGPK000035', 'TRA02', 70.000),
('BGPK000035', 'TRA03', 250.000),
('BGPK000035', 'TRA04', 750.000),
('BGPK000035', 'TRA05', 0.000),
('BGPK000036', 'AMO01', 50.000),
('BGPK000036', 'LAB01', 580.000),
('BGPK000036', 'PAC01', 100.000),
('BGPK000036', 'PRE01', 60.000),
('BGPK000036', 'TRA01', 70.000),
('BGPK000036', 'TRA02', 70.000),
('BGPK000036', 'TRA03', 250.000),
('BGPK000036', 'TRA04', 750.000),
('BGPK000036', 'TRA05', 0.000),
('BGPK000037', 'AMO01', 50.000),
('BGPK000037', 'LAB01', 580.000),
('BGPK000037', 'PAC01', 100.000),
('BGPK000037', 'PRE01', 60.000),
('BGPK000037', 'TRA01', 70.000),
('BGPK000037', 'TRA02', 70.000),
('BGPK000037', 'TRA03', 250.000),
('BGPK000037', 'TRA04', 750.000),
('BGPK000037', 'TRA05', 0.000),
('BGPK000038', 'AMO01', 50.000),
('BGPK000038', 'LAB01', 580.000),
('BGPK000038', 'PAC01', 100.000),
('BGPK000038', 'PRE01', 60.000),
('BGPK000038', 'TRA01', 70.000),
('BGPK000038', 'TRA02', 70.000),
('BGPK000038', 'TRA03', 250.000),
('BGPK000038', 'TRA04', 750.000),
('BGPK000038', 'TRA05', 0.000),
('BGPK000039', 'AMO01', 50.000),
('BGPK000039', 'LAB01', 580.000),
('BGPK000039', 'PAC01', 100.000),
('BGPK000039', 'PRE01', 60.000),
('BGPK000039', 'TRA01', 70.000),
('BGPK000039', 'TRA02', 70.000),
('BGPK000039', 'TRA03', 250.000),
('BGPK000039', 'TRA04', 750.000),
('BGPK000039', 'TRA05', 0.000),
('BGPK000040', 'AMO01', 50.000),
('BGPK000040', 'LAB01', 580.000),
('BGPK000040', 'PAC01', 100.000),
('BGPK000040', 'PRE01', 60.000),
('BGPK000040', 'TRA01', 70.000),
('BGPK000040', 'TRA02', 70.000),
('BGPK000040', 'TRA03', 250.000),
('BGPK000040', 'TRA04', 750.000),
('BGPK000040', 'TRA05', 0.000),
('BGPK000041', 'AMO01', 50.000),
('BGPK000041', 'LAB01', 580.000),
('BGPK000041', 'PAC01', 100.000),
('BGPK000041', 'PRE01', 60.000),
('BGPK000041', 'TRA01', 70.000),
('BGPK000041', 'TRA02', 70.000),
('BGPK000041', 'TRA03', 250.000),
('BGPK000041', 'TRA04', 750.000),
('BGPK000041', 'TRA05', 0.000),
('BGPK000042', 'AMO01', 50.000),
('BGPK000042', 'LAB01', 580.000),
('BGPK000042', 'PAC01', 100.000),
('BGPK000042', 'PRE01', 60.000),
('BGPK000042', 'TRA01', 70.000),
('BGPK000042', 'TRA02', 70.000),
('BGPK000042', 'TRA03', 250.000),
('BGPK000042', 'TRA04', 750.000),
('BGPK000042', 'TRA05', 0.000),
('BGPK000043', 'AMO01', 50.000),
('BGPK000043', 'LAB01', 490.000),
('BGPK000043', 'PAC01', 100.000),
('BGPK000043', 'PRE01', 60.000),
('BGPK000043', 'TRA01', 70.000),
('BGPK000043', 'TRA02', 70.000),
('BGPK000043', 'TRA03', 250.000),
('BGPK000043', 'TRA04', 750.000),
('BGPK000043', 'TRA05', 0.000),
('BGPK000044', 'AMO01', 50.000),
('BGPK000044', 'LAB01', 490.000),
('BGPK000044', 'PAC01', 100.000),
('BGPK000044', 'PRE01', 60.000),
('BGPK000044', 'TRA01', 70.000),
('BGPK000044', 'TRA02', 70.000),
('BGPK000044', 'TRA03', 250.000),
('BGPK000044', 'TRA04', 750.000),
('BGPK000044', 'TRA05', 0.000),
('BGPK000045', 'AMO01', 50.000),
('BGPK000045', 'LAB01', 490.000),
('BGPK000045', 'PAC01', 100.000),
('BGPK000045', 'PRE01', 60.000),
('BGPK000045', 'TRA01', 70.000),
('BGPK000045', 'TRA02', 70.000),
('BGPK000045', 'TRA03', 250.000),
('BGPK000045', 'TRA04', 750.000),
('BGPK000045', 'TRA05', 0.000),
('BGPK000046', 'AMO01', 50.000),
('BGPK000046', 'LAB01', 490.000),
('BGPK000046', 'PAC01', 100.000),
('BGPK000046', 'PRE01', 60.000),
('BGPK000046', 'TRA01', 70.000),
('BGPK000046', 'TRA02', 70.000),
('BGPK000046', 'TRA03', 250.000),
('BGPK000046', 'TRA04', 750.000),
('BGPK000046', 'TRA05', 0.000),
('BGPK000047', 'AMO01', 50.000),
('BGPK000047', 'LAB01', 490.000),
('BGPK000047', 'PAC01', 100.000),
('BGPK000047', 'PRE01', 60.000),
('BGPK000047', 'TRA01', 70.000),
('BGPK000047', 'TRA02', 70.000),
('BGPK000047', 'TRA03', 250.000),
('BGPK000047', 'TRA04', 750.000),
('BGPK000047', 'TRA05', 0.000),
('BGPK000048', 'AMO01', 50.000),
('BGPK000048', 'LAB01', 490.000),
('BGPK000048', 'PAC01', 100.000),
('BGPK000048', 'PRE01', 60.000),
('BGPK000048', 'TRA01', 70.000),
('BGPK000048', 'TRA02', 70.000),
('BGPK000048', 'TRA03', 250.000),
('BGPK000048', 'TRA04', 750.000),
('BGPK000048', 'TRA05', 0.000),
('BGPK000049', 'AMO01', 50.000),
('BGPK000049', 'LAB01', 490.000),
('BGPK000049', 'PAC01', 100.000),
('BGPK000049', 'PRE01', 60.000),
('BGPK000049', 'TRA01', 70.000),
('BGPK000049', 'TRA02', 70.000),
('BGPK000049', 'TRA03', 250.000),
('BGPK000049', 'TRA04', 750.000),
('BGPK000049', 'TRA05', 0.000),
('BGPK000050', 'AMO01', 50.000),
('BGPK000050', 'LAB01', 490.000),
('BGPK000050', 'PAC01', 100.000),
('BGPK000050', 'PRE01', 60.000),
('BGPK000050', 'TRA01', 70.000),
('BGPK000050', 'TRA02', 70.000),
('BGPK000050', 'TRA03', 250.000),
('BGPK000050', 'TRA04', 750.000),
('BGPK000050', 'TRA05', 0.000),
('BGPK000051', 'AMO01', 50.000),
('BGPK000051', 'LAB01', 690.000),
('BGPK000051', 'PAC01', 100.000),
('BGPK000051', 'PRE01', 60.000),
('BGPK000051', 'TRA01', 70.000),
('BGPK000051', 'TRA02', 70.000),
('BGPK000051', 'TRA03', 250.000),
('BGPK000051', 'TRA04', 750.000),
('BGPK000051', 'TRA05', 0.000),
('BGPK000052', 'AMO01', 50.000),
('BGPK000052', 'LAB01', 690.000),
('BGPK000052', 'PAC01', 100.000),
('BGPK000052', 'PRE01', 60.000),
('BGPK000052', 'TRA01', 70.000),
('BGPK000052', 'TRA02', 70.000),
('BGPK000052', 'TRA03', 250.000),
('BGPK000052', 'TRA04', 750.000),
('BGPK000052', 'TRA05', 0.000),
('BGPK000053', 'AMO01', 50.000),
('BGPK000053', 'LAB01', 675.000),
('BGPK000053', 'PAC01', 100.000),
('BGPK000053', 'PRE01', 60.000),
('BGPK000053', 'TRA01', 70.000),
('BGPK000053', 'TRA02', 70.000),
('BGPK000053', 'TRA03', 250.000),
('BGPK000053', 'TRA04', 750.000),
('BGPK000053', 'TRA05', 0.000),
('BGPK000054', 'AMO01', 50.000),
('BGPK000054', 'LAB01', 675.000),
('BGPK000054', 'PAC01', 100.000),
('BGPK000054', 'PRE01', 60.000),
('BGPK000054', 'TRA01', 70.000),
('BGPK000054', 'TRA02', 70.000),
('BGPK000054', 'TRA03', 250.000),
('BGPK000054', 'TRA04', 750.000),
('BGPK000054', 'TRA05', 0.000),
('BGPK000055', 'AMO01', 50.000),
('BGPK000055', 'LAB01', 1.000),
('BGPK000055', 'PAC01', 100.000),
('BGPK000055', 'PRE01', 60.000),
('BGPK000055', 'TRA01', 70.000),
('BGPK000055', 'TRA02', 70.000),
('BGPK000055', 'TRA03', 250.000),
('BGPK000055', 'TRA04', 750.000),
('BGPK000055', 'TRA05', 0.000),
('BGPK000056', 'AMO01', 50.000),
('BGPK000056', 'LAB01', 375.000),
('BGPK000056', 'PAC01', 100.000),
('BGPK000056', 'PRE01', 60.000),
('BGPK000056', 'TRA01', 70.000),
('BGPK000056', 'TRA02', 70.000),
('BGPK000056', 'TRA03', 250.000),
('BGPK000056', 'TRA04', 750.000),
('BGPK000056', 'TRA05', 0.000),
('BGPK000057', 'AMO01', 50.000),
('BGPK000057', 'LAB01', 375.000),
('BGPK000057', 'PAC01', 100.000),
('BGPK000057', 'PRE01', 60.000),
('BGPK000057', 'TRA01', 70.000),
('BGPK000057', 'TRA02', 70.000),
('BGPK000057', 'TRA03', 250.000),
('BGPK000057', 'TRA04', 750.000),
('BGPK000057', 'TRA05', 0.000),
('BGPK000058', 'AMO01', 50.000),
('BGPK000058', 'LAB01', 375.000),
('BGPK000058', 'PAC01', 100.000),
('BGPK000058', 'PRE01', 60.000),
('BGPK000058', 'TRA01', 70.000),
('BGPK000058', 'TRA02', 70.000),
('BGPK000058', 'TRA03', 250.000),
('BGPK000058', 'TRA04', 750.000),
('BGPK000058', 'TRA05', 0.000),
('BGPK000059', 'AMO01', 50.000),
('BGPK000059', 'LAB01', 375.000),
('BGPK000059', 'PAC01', 100.000),
('BGPK000059', 'PRE01', 60.000),
('BGPK000059', 'TRA01', 70.000),
('BGPK000059', 'TRA02', 70.000),
('BGPK000059', 'TRA03', 250.000),
('BGPK000059', 'TRA04', 750.000),
('BGPK000059', 'TRA05', 0.000),
('BGPK000060', 'AMO01', 50.000),
('BGPK000060', 'LAB01', 375.000),
('BGPK000060', 'PAC01', 100.000),
('BGPK000060', 'PRE01', 60.000),
('BGPK000060', 'TRA01', 70.000),
('BGPK000060', 'TRA02', 70.000),
('BGPK000060', 'TRA03', 250.000),
('BGPK000060', 'TRA04', 750.000),
('BGPK000060', 'TRA05', 0.000),
('BGPK000061', 'AMO01', 50.000),
('BGPK000061', 'LAB01', 375.000),
('BGPK000061', 'PAC01', 100.000),
('BGPK000061', 'PRE01', 60.000),
('BGPK000061', 'TRA01', 70.000),
('BGPK000061', 'TRA02', 70.000),
('BGPK000061', 'TRA03', 250.000),
('BGPK000061', 'TRA04', 750.000),
('BGPK000061', 'TRA05', 0.000),
('BGPK000062', 'AMO01', 50.000),
('BGPK000062', 'LAB01', 375.000),
('BGPK000062', 'PAC01', 100.000),
('BGPK000062', 'PRE01', 60.000),
('BGPK000062', 'TRA01', 70.000),
('BGPK000062', 'TRA02', 70.000),
('BGPK000062', 'TRA03', 250.000),
('BGPK000062', 'TRA04', 750.000),
('BGPK000062', 'TRA05', 0.000),
('BGPK000063', 'AMO01', 50.000),
('BGPK000063', 'LAB01', 375.000),
('BGPK000063', 'PAC01', 100.000),
('BGPK000063', 'PRE01', 60.000),
('BGPK000063', 'TRA01', 70.000),
('BGPK000063', 'TRA02', 70.000),
('BGPK000063', 'TRA03', 250.000),
('BGPK000063', 'TRA04', 750.000),
('BGPK000063', 'TRA05', 0.000),
('BGPK000064', 'AMO01', 50.000),
('BGPK000064', 'LAB01', 375.000),
('BGPK000064', 'PAC01', 100.000),
('BGPK000064', 'PRE01', 60.000),
('BGPK000064', 'TRA01', 70.000),
('BGPK000064', 'TRA02', 70.000),
('BGPK000064', 'TRA03', 250.000),
('BGPK000064', 'TRA04', 750.000),
('BGPK000064', 'TRA05', 0.000),
('BGPK000065', 'AMO01', 50.000),
('BGPK000065', 'LAB01', 375.000),
('BGPK000065', 'PAC01', 100.000),
('BGPK000065', 'PRE01', 60.000),
('BGPK000065', 'TRA01', 70.000),
('BGPK000065', 'TRA02', 70.000),
('BGPK000065', 'TRA03', 250.000),
('BGPK000065', 'TRA04', 750.000),
('BGPK000065', 'TRA05', 0.000),
('BGPK000066', 'AMO01', 50.000),
('BGPK000066', 'LAB01', 375.000),
('BGPK000066', 'PAC01', 100.000),
('BGPK000066', 'PRE01', 60.000),
('BGPK000066', 'TRA01', 70.000),
('BGPK000066', 'TRA02', 70.000),
('BGPK000066', 'TRA03', 250.000),
('BGPK000066', 'TRA04', 750.000),
('BGPK000066', 'TRA05', 0.000),
('BGPK000067', 'AMO01', 50.000),
('BGPK000067', 'LAB01', 1.000),
('BGPK000067', 'PAC01', 100.000),
('BGPK000067', 'PRE01', 60.000),
('BGPK000067', 'TRA01', 70.000),
('BGPK000067', 'TRA02', 70.000),
('BGPK000067', 'TRA03', 250.000),
('BGPK000067', 'TRA04', 750.000),
('BGPK000067', 'TRA05', 0.000),
('BGPK000068', 'AMO01', 50.000),
('BGPK000068', 'LAB01', 435.000),
('BGPK000068', 'PAC01', 100.000),
('BGPK000068', 'PRE01', 60.000),
('BGPK000068', 'TRA01', 70.000),
('BGPK000068', 'TRA02', 70.000),
('BGPK000068', 'TRA03', 250.000),
('BGPK000068', 'TRA04', 750.000),
('BGPK000068', 'TRA05', 0.000),
('BGPK000069', 'AMO01', 50.000),
('BGPK000069', 'LAB01', 435.000),
('BGPK000069', 'PAC01', 100.000),
('BGPK000069', 'PRE01', 60.000),
('BGPK000069', 'TRA01', 70.000),
('BGPK000069', 'TRA02', 70.000),
('BGPK000069', 'TRA03', 250.000),
('BGPK000069', 'TRA04', 750.000),
('BGPK000069', 'TRA05', 0.000),
('BGPK000070', 'AMO01', 50.000),
('BGPK000070', 'LAB01', 435.000),
('BGPK000070', 'PAC01', 100.000),
('BGPK000070', 'PRE01', 60.000),
('BGPK000070', 'TRA01', 70.000),
('BGPK000070', 'TRA02', 70.000),
('BGPK000070', 'TRA03', 250.000),
('BGPK000070', 'TRA04', 750.000),
('BGPK000070', 'TRA05', 0.000),
('BGPK000071', 'AMO01', 50.000),
('BGPK000071', 'LAB01', 435.000),
('BGPK000071', 'PAC01', 100.000),
('BGPK000071', 'PRE01', 60.000),
('BGPK000071', 'TRA01', 70.000),
('BGPK000071', 'TRA02', 70.000),
('BGPK000071', 'TRA03', 250.000),
('BGPK000071', 'TRA04', 750.000),
('BGPK000071', 'TRA05', 0.000),
('BGPK000072', 'AMO01', 50.000),
('BGPK000072', 'LAB01', 435.000),
('BGPK000072', 'PAC01', 100.000),
('BGPK000072', 'PRE01', 60.000),
('BGPK000072', 'TRA01', 70.000),
('BGPK000072', 'TRA02', 70.000),
('BGPK000072', 'TRA03', 250.000),
('BGPK000072', 'TRA04', 750.000),
('BGPK000072', 'TRA05', 0.000),
('BGPK000073', 'AMO01', 50.000),
('BGPK000073', 'LAB01', 435.000),
('BGPK000073', 'PAC01', 100.000),
('BGPK000073', 'PRE01', 60.000),
('BGPK000073', 'TRA01', 70.000),
('BGPK000073', 'TRA02', 70.000),
('BGPK000073', 'TRA03', 250.000),
('BGPK000073', 'TRA04', 750.000),
('BGPK000073', 'TRA05', 0.000),
('BGPK000074', 'AMO01', 50.000),
('BGPK000074', 'LAB01', 435.000),
('BGPK000074', 'PAC01', 100.000),
('BGPK000074', 'PRE01', 60.000),
('BGPK000074', 'TRA01', 70.000),
('BGPK000074', 'TRA02', 70.000),
('BGPK000074', 'TRA03', 250.000),
('BGPK000074', 'TRA04', 750.000),
('BGPK000074', 'TRA05', 0.000),
('BGPK000075', 'AMO01', 50.000),
('BGPK000075', 'LAB01', 435.000),
('BGPK000075', 'PAC01', 100.000),
('BGPK000075', 'PRE01', 60.000),
('BGPK000075', 'TRA01', 70.000),
('BGPK000075', 'TRA02', 70.000),
('BGPK000075', 'TRA03', 250.000),
('BGPK000075', 'TRA04', 750.000),
('BGPK000075', 'TRA05', 0.000),
('BGPK000076', 'AMO01', 50.000),
('BGPK000076', 'LAB01', 435.000),
('BGPK000076', 'PAC01', 100.000),
('BGPK000076', 'PRE01', 60.000),
('BGPK000076', 'TRA01', 70.000),
('BGPK000076', 'TRA02', 70.000),
('BGPK000076', 'TRA03', 250.000),
('BGPK000076', 'TRA04', 750.000),
('BGPK000076', 'TRA05', 0.000),
('BGPK000077', 'AMO01', 50.000),
('BGPK000077', 'LAB01', 555.000),
('BGPK000077', 'PAC01', 100.000),
('BGPK000077', 'PRE01', 60.000),
('BGPK000077', 'TRA01', 70.000),
('BGPK000077', 'TRA02', 70.000),
('BGPK000077', 'TRA03', 250.000),
('BGPK000077', 'TRA04', 750.000),
('BGPK000077', 'TRA05', 0.000),
('BGPK000078', 'AMO01', 50.000),
('BGPK000078', 'LAB01', 555.000),
('BGPK000078', 'PAC01', 100.000),
('BGPK000078', 'PRE01', 60.000),
('BGPK000078', 'TRA01', 70.000),
('BGPK000078', 'TRA02', 70.000),
('BGPK000078', 'TRA03', 250.000),
('BGPK000078', 'TRA04', 750.000),
('BGPK000078', 'TRA05', 0.000),
('BGPK000079', 'AMO01', 50.000),
('BGPK000079', 'LAB01', 555.000),
('BGPK000079', 'PAC01', 100.000),
('BGPK000079', 'PRE01', 60.000),
('BGPK000079', 'TRA01', 70.000),
('BGPK000079', 'TRA02', 70.000),
('BGPK000079', 'TRA03', 250.000),
('BGPK000079', 'TRA04', 750.000),
('BGPK000079', 'TRA05', 0.000),
('BGPK000080', 'AMO01', 50.000),
('BGPK000080', 'LAB01', 555.000),
('BGPK000080', 'PAC01', 100.000),
('BGPK000080', 'PRE01', 60.000),
('BGPK000080', 'TRA01', 70.000),
('BGPK000080', 'TRA02', 70.000),
('BGPK000080', 'TRA03', 250.000),
('BGPK000080', 'TRA04', 750.000),
('BGPK000080', 'TRA05', 0.000),
('BGPK000081', 'AMO01', 50.000),
('BGPK000081', 'LAB01', 555.000),
('BGPK000081', 'PAC01', 100.000),
('BGPK000081', 'PRE01', 60.000),
('BGPK000081', 'TRA01', 70.000),
('BGPK000081', 'TRA02', 70.000),
('BGPK000081', 'TRA03', 250.000),
('BGPK000081', 'TRA04', 750.000),
('BGPK000081', 'TRA05', 0.000),
('BGPK000082', 'AMO01', 50.000),
('BGPK000082', 'LAB01', 555.000),
('BGPK000082', 'PAC01', 100.000),
('BGPK000082', 'PRE01', 60.000),
('BGPK000082', 'TRA01', 70.000),
('BGPK000082', 'TRA02', 70.000),
('BGPK000082', 'TRA03', 250.000),
('BGPK000082', 'TRA04', 750.000),
('BGPK000082', 'TRA05', 0.000),
('BGPK000083', 'AMO01', 50.000),
('BGPK000083', 'LAB01', 555.000),
('BGPK000083', 'PAC01', 100.000),
('BGPK000083', 'PRE01', 60.000),
('BGPK000083', 'TRA01', 70.000),
('BGPK000083', 'TRA02', 70.000),
('BGPK000083', 'TRA03', 250.000),
('BGPK000083', 'TRA04', 750.000),
('BGPK000083', 'TRA05', 0.000),
('BGPK000084', 'AMO01', 50.000),
('BGPK000084', 'LAB01', 510.000),
('BGPK000084', 'PAC01', 100.000),
('BGPK000084', 'PRE01', 60.000),
('BGPK000084', 'TRA01', 70.000),
('BGPK000084', 'TRA02', 70.000),
('BGPK000084', 'TRA03', 250.000),
('BGPK000084', 'TRA04', 750.000),
('BGPK000084', 'TRA05', 0.000),
('BGPK000085', 'AMO01', 50.000),
('BGPK000085', 'LAB01', 510.000),
('BGPK000085', 'PAC01', 100.000),
('BGPK000085', 'PRE01', 60.000),
('BGPK000085', 'TRA01', 70.000),
('BGPK000085', 'TRA02', 70.000),
('BGPK000085', 'TRA03', 250.000),
('BGPK000085', 'TRA04', 750.000),
('BGPK000085', 'TRA05', 0.000),
('BGPK000086', 'AMO01', 50.000),
('BGPK000086', 'LAB01', 510.000),
('BGPK000086', 'PAC01', 100.000),
('BGPK000086', 'PRE01', 60.000),
('BGPK000086', 'TRA01', 70.000),
('BGPK000086', 'TRA02', 70.000),
('BGPK000086', 'TRA03', 250.000),
('BGPK000086', 'TRA04', 750.000),
('BGPK000086', 'TRA05', 0.000),
('BGPK000087', 'AMO01', 50.000),
('BGPK000087', 'LAB01', 510.000),
('BGPK000087', 'PAC01', 100.000),
('BGPK000087', 'PRE01', 60.000),
('BGPK000087', 'TRA01', 70.000),
('BGPK000087', 'TRA02', 70.000),
('BGPK000087', 'TRA03', 250.000),
('BGPK000087', 'TRA04', 750.000),
('BGPK000087', 'TRA05', 0.000),
('BGPK000088', 'AMO01', 50.000),
('BGPK000088', 'LAB01', 510.000),
('BGPK000088', 'PAC01', 100.000),
('BGPK000088', 'PRE01', 60.000),
('BGPK000088', 'TRA01', 70.000),
('BGPK000088', 'TRA02', 70.000),
('BGPK000088', 'TRA03', 250.000),
('BGPK000088', 'TRA04', 750.000),
('BGPK000088', 'TRA05', 0.000),
('BGPK000089', 'AMO01', 50.000),
('BGPK000089', 'LAB01', 495.000),
('BGPK000089', 'PAC01', 100.000),
('BGPK000089', 'PRE01', 60.000),
('BGPK000089', 'TRA01', 70.000),
('BGPK000089', 'TRA02', 70.000),
('BGPK000089', 'TRA03', 250.000),
('BGPK000089', 'TRA04', 750.000),
('BGPK000089', 'TRA05', 0.000),
('BGPK000090', 'AMO01', 50.000),
('BGPK000090', 'LAB01', 495.000),
('BGPK000090', 'PAC01', 100.000),
('BGPK000090', 'PRE01', 60.000),
('BGPK000090', 'TRA01', 70.000),
('BGPK000090', 'TRA02', 70.000),
('BGPK000090', 'TRA03', 250.000),
('BGPK000090', 'TRA04', 750.000),
('BGPK000090', 'TRA05', 0.000),
('BGPK000091', 'AMO01', 50.000),
('BGPK000091', 'LAB01', 495.000),
('BGPK000091', 'PAC01', 100.000),
('BGPK000091', 'PRE01', 60.000),
('BGPK000091', 'TRA01', 70.000),
('BGPK000091', 'TRA02', 70.000),
('BGPK000091', 'TRA03', 250.000),
('BGPK000091', 'TRA04', 750.000),
('BGPK000091', 'TRA05', 0.000),
('BGPK000092', 'AMO01', 50.000),
('BGPK000092', 'LAB01', 495.000),
('BGPK000092', 'PAC01', 100.000),
('BGPK000092', 'PRE01', 60.000),
('BGPK000092', 'TRA01', 70.000),
('BGPK000092', 'TRA02', 70.000),
('BGPK000092', 'TRA03', 250.000),
('BGPK000092', 'TRA04', 750.000),
('BGPK000092', 'TRA05', 0.000),
('BGPK000093', 'AMO01', 50.000),
('BGPK000093', 'LAB01', 375.000),
('BGPK000093', 'PAC01', 100.000),
('BGPK000093', 'PRE01', 60.000),
('BGPK000093', 'TRA01', 70.000),
('BGPK000093', 'TRA02', 70.000),
('BGPK000093', 'TRA03', 250.000),
('BGPK000093', 'TRA04', 750.000),
('BGPK000093', 'TRA05', 0.000),
('BGPK000094', 'AMO01', 50.000),
('BGPK000094', 'LAB01', 375.000),
('BGPK000094', 'PAC01', 100.000),
('BGPK000094', 'PRE01', 60.000),
('BGPK000094', 'TRA01', 70.000),
('BGPK000094', 'TRA02', 70.000),
('BGPK000094', 'TRA03', 250.000),
('BGPK000094', 'TRA04', 750.000),
('BGPK000094', 'TRA05', 0.000),
('BGPK000095', 'AMO01', 50.000),
('BGPK000095', 'LAB01', 375.000),
('BGPK000095', 'PAC01', 100.000),
('BGPK000095', 'PRE01', 60.000),
('BGPK000095', 'TRA01', 70.000),
('BGPK000095', 'TRA02', 70.000),
('BGPK000095', 'TRA03', 250.000),
('BGPK000095', 'TRA04', 750.000),
('BGPK000095', 'TRA05', 0.000),
('BGPK000096', 'AMO01', 50.000),
('BGPK000096', 'LAB01', 375.000),
('BGPK000096', 'PAC01', 100.000),
('BGPK000096', 'PRE01', 60.000),
('BGPK000096', 'TRA01', 70.000),
('BGPK000096', 'TRA02', 70.000),
('BGPK000096', 'TRA03', 250.000),
('BGPK000096', 'TRA04', 750.000),
('BGPK000096', 'TRA05', 0.000),
('BGPK000097', 'AMO01', 50.000),
('BGPK000097', 'LAB01', 375.000),
('BGPK000097', 'PAC01', 100.000),
('BGPK000097', 'PRE01', 60.000),
('BGPK000097', 'TRA01', 70.000),
('BGPK000097', 'TRA02', 70.000),
('BGPK000097', 'TRA03', 250.000),
('BGPK000097', 'TRA04', 750.000),
('BGPK000097', 'TRA05', 0.000),
('BGPK000098', 'AMO01', 50.000),
('BGPK000098', 'LAB01', 375.000),
('BGPK000098', 'PAC01', 100.000),
('BGPK000098', 'PRE01', 60.000),
('BGPK000098', 'TRA01', 70.000),
('BGPK000098', 'TRA02', 70.000),
('BGPK000098', 'TRA03', 250.000),
('BGPK000098', 'TRA04', 750.000),
('BGPK000098', 'TRA05', 0.000),
('BGPK000099', 'AMO01', 50.000),
('BGPK000099', 'LAB01', 375.000),
('BGPK000099', 'PAC01', 100.000),
('BGPK000099', 'PRE01', 60.000),
('BGPK000099', 'TRA01', 70.000),
('BGPK000099', 'TRA02', 70.000),
('BGPK000099', 'TRA03', 250.000),
('BGPK000099', 'TRA04', 750.000),
('BGPK000099', 'TRA05', 0.000),
('BGPK000100', 'AMO01', 50.000),
('BGPK000100', 'LAB01', 375.000),
('BGPK000100', 'PAC01', 100.000),
('BGPK000100', 'PRE01', 60.000),
('BGPK000100', 'TRA01', 70.000),
('BGPK000100', 'TRA02', 70.000),
('BGPK000100', 'TRA03', 250.000),
('BGPK000100', 'TRA04', 750.000),
('BGPK000100', 'TRA05', 0.000),
('BGPK000101', 'AMO01', 50.000),
('BGPK000101', 'LAB01', 375.000),
('BGPK000101', 'PAC01', 100.000),
('BGPK000101', 'PRE01', 60.000),
('BGPK000101', 'TRA01', 70.000),
('BGPK000101', 'TRA02', 70.000),
('BGPK000101', 'TRA03', 250.000),
('BGPK000101', 'TRA04', 750.000),
('BGPK000101', 'TRA05', 0.000),
('BGPK000102', 'AMO01', 50.000),
('BGPK000102', 'LAB01', 375.000),
('BGPK000102', 'PAC01', 100.000),
('BGPK000102', 'PRE01', 60.000),
('BGPK000102', 'TRA01', 70.000),
('BGPK000102', 'TRA02', 70.000),
('BGPK000102', 'TRA03', 250.000),
('BGPK000102', 'TRA04', 750.000),
('BGPK000102', 'TRA05', 0.000),
('BGPK000103', 'AMO01', 50.000),
('BGPK000103', 'LAB01', 375.000),
('BGPK000103', 'PAC01', 100.000),
('BGPK000103', 'PRE01', 60.000),
('BGPK000103', 'TRA01', 70.000),
('BGPK000103', 'TRA02', 70.000),
('BGPK000103', 'TRA03', 250.000),
('BGPK000103', 'TRA04', 750.000),
('BGPK000103', 'TRA05', 0.000),
('BGPK000104', 'AMO01', 50.000),
('BGPK000104', 'LAB01', 1.000),
('BGPK000104', 'PAC01', 100.000),
('BGPK000104', 'PRE01', 60.000),
('BGPK000104', 'TRA01', 70.000),
('BGPK000104', 'TRA02', 70.000),
('BGPK000104', 'TRA03', 250.000),
('BGPK000104', 'TRA04', 750.000),
('BGPK000104', 'TRA05', 0.000),
('BGPK000105', 'AMO01', 50.000),
('BGPK000105', 'LAB01', 375.000),
('BGPK000105', 'PAC01', 100.000),
('BGPK000105', 'PRE01', 60.000),
('BGPK000105', 'TRA01', 70.000),
('BGPK000105', 'TRA02', 70.000),
('BGPK000105', 'TRA03', 250.000),
('BGPK000105', 'TRA04', 750.000),
('BGPK000105', 'TRA05', 0.000),
('BGPK000106', 'AMO01', 50.000),
('BGPK000106', 'LAB01', 375.000),
('BGPK000106', 'PAC01', 100.000),
('BGPK000106', 'PRE01', 60.000),
('BGPK000106', 'TRA01', 70.000),
('BGPK000106', 'TRA02', 70.000),
('BGPK000106', 'TRA03', 250.000),
('BGPK000106', 'TRA04', 750.000),
('BGPK000106', 'TRA05', 0.000),
('BGPK000107', 'AMO01', 50.000),
('BGPK000107', 'LAB01', 375.000),
('BGPK000107', 'PAC01', 100.000),
('BGPK000107', 'PRE01', 60.000),
('BGPK000107', 'TRA01', 70.000),
('BGPK000107', 'TRA02', 70.000),
('BGPK000107', 'TRA03', 250.000),
('BGPK000107', 'TRA04', 750.000),
('BGPK000107', 'TRA05', 0.000),
('BGPK000108', 'AMO01', 50.000),
('BGPK000108', 'LAB01', 390.000),
('BGPK000108', 'PAC01', 100.000),
('BGPK000108', 'PRE01', 60.000),
('BGPK000108', 'TRA01', 70.000),
('BGPK000108', 'TRA02', 70.000),
('BGPK000108', 'TRA03', 250.000),
('BGPK000108', 'TRA04', 750.000),
('BGPK000108', 'TRA05', 0.000),
('BGPK000109', 'AMO01', 50.000),
('BGPK000109', 'LAB01', 390.000),
('BGPK000109', 'PAC01', 100.000),
('BGPK000109', 'PRE01', 60.000),
('BGPK000109', 'TRA01', 70.000),
('BGPK000109', 'TRA02', 70.000),
('BGPK000109', 'TRA03', 250.000),
('BGPK000109', 'TRA04', 750.000),
('BGPK000109', 'TRA05', 0.000),
('BGPK000110', 'AMO01', 50.000),
('BGPK000110', 'LAB01', 390.000),
('BGPK000110', 'PAC01', 100.000),
('BGPK000110', 'PRE01', 60.000),
('BGPK000110', 'TRA01', 70.000),
('BGPK000110', 'TRA02', 70.000),
('BGPK000110', 'TRA03', 250.000),
('BGPK000110', 'TRA04', 750.000),
('BGPK000110', 'TRA05', 0.000),
('BGPK000111', 'AMO01', 50.000),
('BGPK000111', 'LAB01', 700.000),
('BGPK000111', 'PAC01', 100.000),
('BGPK000111', 'PRE01', 60.000),
('BGPK000111', 'TRA01', 70.000),
('BGPK000111', 'TRA02', 70.000),
('BGPK000111', 'TRA03', 250.000),
('BGPK000111', 'TRA04', 750.000),
('BGPK000111', 'TRA05', 0.000),
('BGPK000112', 'AMO01', 50.000),
('BGPK000112', 'LAB01', 450.000),
('BGPK000112', 'PAC01', 100.000),
('BGPK000112', 'PRE01', 60.000),
('BGPK000112', 'TRA01', 70.000),
('BGPK000112', 'TRA02', 70.000),
('BGPK000112', 'TRA03', 250.000),
('BGPK000112', 'TRA04', 750.000),
('BGPK000112', 'TRA05', 0.000);

-- --------------------------------------------------------

--
-- Struktura tabulky `commodities`
--

CREATE TABLE `commodities` (
  `com_code` varchar(5) COLLATE utf8mb4_czech_ci NOT NULL,
  `com_name` varchar(25) COLLATE utf8mb4_czech_ci NOT NULL
) ENGINE=InnoDB DEFAULT CHARSET=utf8mb4 COLLATE=utf8mb4_czech_ci;

--
-- Vypisuji data pro tabulku `commodities`
--

INSERT INTO `commodities` (`com_code`, `com_name`) VALUES
('BRND', 'Branding'),
('FBRK', 'Látky'),
('FLNG', 'Výplně'),
('HRDW', 'Hardware'),
('LTHR', 'Kůže'),
('PCKG', 'Balení'),
('PROD', 'Hotový produkt'),
('SNFB', 'Světlá'),
('STRP', 'Popruh'),
('THRD', 'Nitě');

-- --------------------------------------------------------

--
-- Struktura tabulky `inventory_values`
--

CREATE TABLE `inventory_values` (
  `part_number` varchar(10) CHARACTER SET utf8mb4 COLLATE utf8mb4_czech_ci NOT NULL,
  `inv_value` decimal(10,3) NOT NULL
) ENGINE=InnoDB DEFAULT CHARSET=utf8mb4 COLLATE=utf8mb4_czech_ci;

--
-- Vypisuji data pro tabulku `inventory_values`
--

INSERT INTO `inventory_values` (`part_number`, `inv_value`) VALUES
('BRND000001', 3.500),
('BRND000002', 3.500),
('BRND000003', 2.000),
('BRND000004', 1.000),
('BRND000005', 3.500),
('BRND000006', 1.000),
('BRND000007', 1.000),
('BRND000008', 1.000),
('BRND000009', 1.000),
('BRND000010', 1.000),
('BRND000011', 1.000),
('BRND000012', 1.000),
('BRND000013', 1.000),
('BRND000014', 1.000),
('BRND000015', 1.000),
('BRND000016', 1.000),
('BRND000017', 1.000),
('BRND000018', 1.000),
('BRND000019', 1.000),
('BRND000020', 1.000),
('BRND000021', 1.000),
('BRND000022', 1.000),
('BRND000025', 25.000),
('FBRK000001', 65.000),
('FBRK000002', 65.000),
('FBRK000003', 65.000),
('FBRK000004', 65.000),
('FBRK000005', 65.000),
('FBRK000006', 65.000),
('FBRK000007', 65.000),
('FBRK000008', 55.000),
('FBRK000009', 55.000),
('FBRK000010', 151.000),
('FBRK000011', 419.000),
('FBRK000012', 120.000),
('FBRK000013', 120.000),
('FBRK000014', 120.000),
('FBRK000015', 120.000),
('FBRK000016', 90.000),
('FBRK000017', 90.000),
('FBRK000018', 90.000),
('FBRK000019', 90.000),
('FBRK000020', 90.000),
('FBRK000021', 90.000),
('FBRK000022', 90.000),
('FBRK000023', 90.000),
('FBRK000024', 90.000),
('FBRK000025', 90.000),
('FBRK000026', 90.000),
('FBRK000027', 90.000),
('FBRK000028', 90.000),
('FBRK000029', 130.000),
('FBRK000030', 130.000),
('FBRK000031', 130.000),
('FBRK000032', 130.000),
('FBRK000033', 130.000),
('FBRK000034', 130.000),
('FBRK000035', 130.000),
('FBRK000036', 90.000),
('FBRK000037', 90.000),
('FBRK000038', 90.000),
('FBRK000039', 90.000),
('FBRK000040', 90.000),
('FBRK000041', 190.000),
('FBRK000042', 190.000),
('FBRK000043', 190.000),
('FBRK000044', 190.000),
('FBRK000045', 190.000),
('FBRK000046', 190.000),
('FBRK000047', 190.000),
('FBRK000048', 190.000),
('FBRK000049', 190.000),
('FBRK000050', 190.000),
('FBRK000051', 190.000),
('FBRK000052', 190.000),
('FBRK000053', 190.000),
('FBRK000054', 190.000),
('FBRK000055', 190.000),
('FBRK000056', 190.000),
('FBRK000057', 190.000),
('FBRK000058', 190.000),
('FBRK000059', 190.000),
('FBRK000060', 190.000),
('FBRK000061', 190.000),
('FBRK000062', 190.000),
('FBRK000063', 190.000),
('FBRK000064', 190.000),
('FBRK000065', 190.000),
('FBRK000066', 190.000),
('FBRK000067', 190.000),
('FBRK000068', 190.000),
('FBRK000069', 190.000),
('FBRK000070', 145.000),
('FBRK000071', 145.000),
('FBRK000072', 145.000),
('FBRK000073', 145.000),
('FBRK000074', 145.000),
('FBRK000075', 145.000),
('FBRK000076', 145.000),
('FBRK000077', 145.000),
('FBRK000078', 145.000),
('FBRK000079', 145.000),
('FBRK000080', 145.000),
('FBRK000081', 145.000),
('FBRK000082', 145.000),
('FBRK000083', 145.000),
('FBRK000084', 145.000),
('FBRK000085', 145.000),
('FBRK000086', 380.000),
('FBRK000087', 380.000),
('FBRK000088', 380.000),
('FBRK000089', 380.000),
('FBRK000090', 410.000),
('FBRK000091', 410.000),
('FBRK000092', 340.000),
('FBRK000093', 380.000),
('FBRK000094', 340.000),
('FBRK000095', 340.000),
('FBRK000096', 365.000),
('FBRK000097', 365.000),
('FBRK000098', 400.000),
('FBRK000099', 400.000),
('FBRK000100', 230.000),
('FBRK000101', 190.000),
('FBRK000102', 210.000),
('FBRK000103', 175.000),
('FBRK000104', 190.000),
('FBRK000105', 170.000),
('FBRK000106', 170.000),
('FBRK000107', 170.000),
('FBRK000108', 170.000),
('FBRK000109', 170.000),
('FBRK000110', 170.000),
('FBRK000114', 70.000),
('FBRK000115', 75.000),
('FBRK000116', 120.000),
('FBRK000117', 385.000),
('FBRK000118', 385.000),
('FBRK000119', 385.000),
('FBRK000120', 385.000),
('FBRK000121', 480.000),
('FBRK000122', 570.000),
('FBRK000123', 385.000),
('FBRK000124', 150.000),
('FBRK000125', 90.000),
('FLNG000001', 235.000),
('FLNG000002', 412.000),
('FLNG000003', 248.000),
('FLNG000004', 90.000),
('FLNG000005', 55.000),
('HRDW000001', 3.500),
('HRDW000002', 3.500),
('HRDW000003', 4.000),
('HRDW000004', 4.000),
('HRDW000005', 2.900),
('HRDW000006', 2.900),
('HRDW000007', 6.000),
('HRDW000008', 6.000),
('HRDW000009', 2.000),
('HRDW000010', 2.500),
('HRDW000011', 2.500),
('HRDW000012', 2.200),
('HRDW000013', 2.000),
('HRDW000014', 1.500),
('HRDW000015', 1.500),
('HRDW000016', 3.200),
('HRDW000017', 175.000),
('HRDW000018', 27.000),
('HRDW000019', 6.000),
('HRDW000020', 5.000),
('HRDW000021', 2.800),
('HRDW000022', 4.700),
('HRDW000023', 7.500),
('HRDW000024', 17.000),
('HRDW000025', 5.000),
('HRDW000026', 5.500),
('HRDW000027', 2.000),
('HRDW000028', 4.000),
('HRDW000029', 13.000),
('HRDW000030', 1.000),
('HRDW000031', 1.000),
('HRDW000032', 1.000),
('HRDW000033', 1.000),
('HRDW000034', 1.000),
('HRDW000035', 17.000),
('HRDW000036', 1.000),
('HRDW000037', 1.000),
('HRDW000038', 1.000),
('HRDW000039', 100.000),
('HRDW000040', 100.000),
('HRDW000041', 102.500),
('HRDW000042', 102.500),
('HRDW000043', 1.000),
('HRDW000044', 1.000),
('HRDW000045', 1.000),
('HRDW000046', 1.000),
('HRDW000047', 25.000),
('HRDW000048', 45.000),
('HRDW000049', 25.000),
('HRDW000050', 25.000),
('HRDW000051', 25.000),
('HRDW000052', 1.000),
('HRDW000053', 15.000),
('HRDW000054', 18.000),
('HRDW000055', 18.000),
('HRDW000056', 18.000),
('HRDW000057', 23.000),
('HRDW000058', 15.000),
('HRDW000059', 18.000),
('HRDW000060', 18.000),
('HRDW000061', 18.000),
('HRDW000062', 15.000),
('HRDW000063', 30.000),
('HRDW000064', 15.000),
('HRDW000065', 15.000),
('HRDW000066', 460.000),
('HRDW000067', 1200.000),
('HRDW000068', 7.600),
('HRDW000069', 1.000),
('HRDW000070', 8.000),
('HRDW000071', 1.000),
('HRDW000072', 1.000),
('HRDW000073', 2.000),
('HRDW000074', 1.000),
('HRDW000075', 1.000),
('HRDW000076', 1.000),
('HRDW000077', 3.500),
('HRDW000078', 4.100),
('HRDW000079', 1.000),
('HRDW000080', 1.000),
('HRDW000081', 1.000),
('HRDW000082', 1.000),
('HRDW000083', 1.000),
('HRDW000084', 1.000),
('HRDW000085', 1.000),
('HRDW000086', 1.000),
('HRDW000087', 1.000),
('HRDW000088', 1.000),
('HRDW000089', 33.500),
('HRDW000090', 1.300),
('HRDW000091', 1.000),
('HRDW000092', 2.500),
('HRDW000093', 9.500),
('HRDW000094', 2.000),
('LTHR000001', 1200.000),
('LTHR000002', 1200.000),
('LTHR000003', 890.000),
('LTHR000004', 890.000),
('LTHR000005', 890.000),
('LTHR000006', 890.000),
('LTHR000007', 890.000),
('LTHR000008', 890.000),
('LTHR000009', 890.000),
('PCKG000001', 0.950),
('PCKG000002', 4.200),
('PCKG000003', 16.800),
('PCKG000004', 2.100),
('PCKG000006', 0.260),
('STRP000001', 5.100),
('STRP000002', 5.000),
('STRP000003', 10.100),
('STRP000004', 11.500),
('STRP000005', 16.800),
('STRP000006', 6.700),
('STRP000007', 3.700),
('STRP000008', 13.900),
('STRP000009', 10.500),
('STRP000010', 3.500),
('STRP000011', 3.500),
('STRP000012', 4.200),
('STRP000013', 5.900),
('STRP000014', 16.100),
('STRP000015', 16.500),
('STRP000016', 16.500),
('STRP000017', 31.400),
('STRP000018', 4.500),
('STRP000019', 11.500),
('STRP000020', 4.700),
('STRP000021', 5.400),
('STRP000022', 13.100),
('STRP000023', 18.300),
('STRP000024', 4.500),
('STRP000025', 11.500),
('STRP000026', 4.400),
('STRP000027', 4.700),
('STRP000028', 4.500),
('STRP000029', 7.700),
('STRP000030', 8.600),
('STRP000031', 11.500),
('STRP000032', 4.500),
('STRP000033', 4.700),
('STRP000034', 5.400),
('STRP000035', 4.500),
('STRP000036', 4.500),
('STRP000037', 4.500),
('STRP000038', 4.500),
('STRP000039', 5.200),
('STRP000040', 4.600),
('STRP000041', 5.400),
('STRP000042', 20.500),
('STRP000043', 7.500),
('STRP000044', 7.500),
('STRP000045', 1.000),
('STRP000046', 7.000),
('STRP000047', 7.000),
('STRP000048', 5.000),
('STRP000049', 5.000),
('STRP000050', 5.000),
('STRP000051', 7.000),
('STRP000052', 7.000),
('STRP000053', 7.000),
('STRP000056', 10.000),
('STRP000057', 10.000),
('STRP000058', 14.000),
('STRP000059', 14.000),
('STRP000060', 18.000),
('STRP000061', 18.000),
('STRP000062', 30.000),
('STRP000063', 30.000),
('THRD000001', 0.100),
('THRD000002', 0.100),
('THRD000003', 0.100),
('THRD000004', 0.100),
('THRD000005', 0.100),
('THRD000006', 0.100),
('THRD000007', 0.100),
('THRD000008', 0.100),
('THRD000009', 0.100),
('THRD000010', 0.100),
('THRD000011', 0.100),
('THRD000012', 0.100),
('THRD000013', 0.100),
('THRD000014', 0.100),
('THRD000015', 0.100),
('THRD000016', 0.100),
('THRD000017', 0.100),
('THRD000018', 0.100);

-- --------------------------------------------------------

--
-- Struktura tabulky `locations`
--

CREATE TABLE `locations` (
  `location_code` varchar(5) COLLATE utf8mb4_czech_ci NOT NULL,
  `location_name` varchar(50) COLLATE utf8mb4_czech_ci NOT NULL
) ENGINE=InnoDB DEFAULT CHARSET=utf8mb4 COLLATE=utf8mb4_czech_ci;

--
-- Vypisuji data pro tabulku `locations`
--

INSERT INTO `locations` (`location_code`, `location_name`) VALUES
('BRA', 'Braasi'),
('CHO', 'Chomutov'),
('KVE', 'Kveta'),
('TEN', 'Tenerife'),
('UNI', 'Unigal');

-- --------------------------------------------------------

--
-- Struktura tabulky `material_list`
--

CREATE TABLE `material_list` (
  `part_number` varchar(10) COLLATE utf8mb4_czech_ci NOT NULL,
  `description` varchar(50) COLLATE utf8mb4_czech_ci NOT NULL,
  `unit_code` varchar(5) COLLATE utf8mb4_czech_ci NOT NULL,
  `com_code` varchar(5) COLLATE utf8mb4_czech_ci NOT NULL,
  `subcom_code` varchar(5) COLLATE utf8mb4_czech_ci DEFAULT ''
) ENGINE=InnoDB DEFAULT CHARSET=utf8mb4 COLLATE=utf8mb4_czech_ci;

--
-- Vypisuji data pro tabulku `material_list`
--

INSERT INTO `material_list` (`part_number`, `description`, `unit_code`, `com_code`, `subcom_code`) VALUES
('BRND000001', 'tkaná etiketa kosočtv. ČB Braasi Industry', 'ks', 'BRND', ''),
('BRND000002', 'tkaná etiketa kosočtv. ČB Braasi Industry baby', 'ks', 'BRND', ''),
('BRND000003', 'tkaná etiketa přežehlená černobílá B/IN', 'ks', 'BRND', ''),
('BRND000004', 'tkaná etiketa přežehlená úzká čepice', 'ks', 'BRND', ''),
('BRND000005', 'tkaná etiketa kosočtv. meděná Braasi Industry', 'ks', 'BRND', ''),
('BRND000006', 'tkaná etiketa X-PAC', 'ks', 'BRND', ''),
('BRND000007', 'tkaná etiketa OUTLAST', 'ks', 'BRND', ''),
('BRND000008', 'tkaná etiketa ROBE', 'ks', 'BRND', ''),
('BRND000009', 'tkaná etiketa DIRECT', 'ks', 'BRND', ''),
('BRND000010', 'tkaná etiketa SEYFOR', 'ks', 'BRND', ''),
('BRND000011', 'tkaná etiketa PPF/ BRAASI', 'ks', 'BRND', ''),
('BRND000012', 'tkaná etiketa ČESKO DIGITAL', 'ks', 'BRND', ''),
('BRND000013', 'tkaná etiketa WE ARE PUBLICIS', 'ks', 'BRND', ''),
('BRND000014', 'tkaná etiketa CLEVERHOOD', 'ks', 'BRND', ''),
('BRND000015', 'tkaná etiketa CLEVERHOOD/ BRAASI', 'ks', 'BRND', ''),
('BRND000016', 'tkaná etiketa WINQS', 'ks', 'BRND', ''),
('BRND000017', 'tkaná etiketa GARAGE 22', 'ks', 'BRND', ''),
('BRND000018', 'tkaná etiketa BEEFEATER', 'ks', 'BRND', ''),
('BRND000019', 'tkaná etiketa JOHNNIE WALKER', 'ks', 'BRND', ''),
('BRND000020', 'tkaná etiketa HORALKY', 'ks', 'BRND', ''),
('BRND000021', 'Kožené logo pilsner', 'ks', 'BRND', ''),
('BRND000022', 'tkaná etiketa CANVA', 'ks', 'BRND', ''),
('BRND000023', 'Kartička Outlast', 'ks', 'BRND', ''),
('BRND000024', 'Kartička x-pac', 'ks', 'BRND', ''),
('BRND000025', 'tisk vypínač scilif by jellyfish', 'ks', 'BRND', ''),
('FBRK000001', 'Kortexin černý', 'm2', 'FBRK', 'ASI'),
('FBRK000002', 'Kortexin žlutý', 'm2', 'FBRK', 'ASI'),
('FBRK000003', 'Kortexin bílý', 'm2', 'FBRK', 'ASI'),
('FBRK000004', 'Kortexin červený', 'm2', 'FBRK', 'ASI'),
('FBRK000005', 'Kortexin sv.šedá', 'm2', 'FBRK', 'ASI'),
('FBRK000006', 'Kortexin hnědý', 'm2', 'FBRK', 'ASI'),
('FBRK000007', 'Kortexin oranžový', 'm2', 'FBRK', 'ASI'),
('FBRK000008', 'černý PES s PVC zátěrem', 'm2', 'FBRK', 'ASI'),
('FBRK000009', 'žlutý PES s PVC zátěrem', 'm2', 'FBRK', 'ASI'),
('FBRK000010', '3D tkanina', 'm2', 'FBRK', 'FNC'),
('FBRK000011', 'Outlast', 'm2', 'FBRK', 'FNC'),
('FBRK000012', 'Ubeon žlutá', 'm2', 'FBRK', 'LNG'),
('FBRK000013', 'Ubeon světle šedá', 'm2', 'FBRK', 'LNG'),
('FBRK000014', 'Ubeon modrá', 'm2', 'FBRK', 'LNG'),
('FBRK000015', 'Ubeon se zátěrem bílá', 'm2', 'FBRK', 'LNG'),
('FBRK000016', 'Ulsedan zářivě žlutá', 'm2', 'FBRK', 'LNG'),
('FBRK000017', 'Ulsedan zářivě oranžová', 'm2', 'FBRK', 'LNG'),
('FBRK000018', 'Ulsedan zářivě zelená', 'm2', 'FBRK', 'LNG'),
('FBRK000019', 'Ulsedan modrá', 'm2', 'FBRK', 'LNG'),
('FBRK000020', 'Ulsedan černá', 'm2', 'FBRK', 'LNG'),
('FBRK000021', 'Ulsedan zelená plzeňská', 'm2', 'FBRK', 'LNG'),
('FBRK000022', 'Ulsedan khaki', 'm2', 'FBRK', 'LNG'),
('FBRK000023', 'Ulsedan olivová', 'm2', 'FBRK', 'LNG'),
('FBRK000024', 'Ulsedan červená', 'm2', 'FBRK', 'LNG'),
('FBRK000025', 'Ulsedan fialová', 'm2', 'FBRK', 'LNG'),
('FBRK000026', 'Ulsedan limetkově zelená', 'm2', 'FBRK', 'LNG'),
('FBRK000027', 'Ulsedan aquamarin modrá', 'm2', 'FBRK', 'LNG'),
('FBRK000028', 'Uzaron fialová', 'm2', 'FBRK', 'LNG'),
('FBRK000029', 'Uzaron červená', 'm2', 'FBRK', 'LNG'),
('FBRK000030', 'Uzaron růžová', 'm2', 'FBRK', 'LNG'),
('FBRK000031', 'Uzaron žlutá', 'm2', 'FBRK', 'LNG'),
('FBRK000032', 'Uzaron královská modrá', 'm2', 'FBRK', 'LNG'),
('FBRK000033', 'Uzaron černá', 'm2', 'FBRK', 'LNG'),
('FBRK000034', 'Uzaron zářivě žlutá', 'm2', 'FBRK', 'LNG'),
('FBRK000035', 'Uzaron tmavě šedá', 'm2', 'FBRK', 'LNG'),
('FBRK000036', 'Padákovina černá', 'm2', 'FBRK', 'PAR'),
('FBRK000037', 'Padákovina khaki', 'm2', 'FBRK', 'PAR'),
('FBRK000038', 'Padákovina stříbrná', 'm2', 'FBRK', 'PAR'),
('FBRK000039', 'Padákovina navy', 'm2', 'FBRK', 'PAR'),
('FBRK000040', 'Padákovina bílá', 'm2', 'FBRK', 'PAR'),
('FBRK000041', 'Cordura CZ 1100 černá PU zátěr', 'm2', 'FBRK', 'CRD'),
('FBRK000042', 'Cordura CZ 1100 khaki PU zátěr', 'm2', 'FBRK', 'CRD'),
('FBRK000043', 'Cordura CZ 500 ripstop černá', 'm2', 'FBRK', 'CRD'),
('FBRK000044', 'Cordura CZ 500 ripstop khaki', 'm2', 'FBRK', 'CRD'),
('FBRK000045', 'Cordura Belgická \"UKORET\" 1100 černá', 'm2', 'FBRK', 'CRD'),
('FBRK000046', 'Cordura DE 1100 černá AC zátěr', 'm2', 'FBRK', 'CRD'),
('FBRK000047', 'Cordura DE 1100 navy AC zátěr', 'm2', 'FBRK', 'CRD'),
('FBRK000048', 'Cordura DE 1100 oranžová AC zátěr', 'm2', 'FBRK', 'CRD'),
('FBRK000049', 'Cordura DE 1100 červená AC zátěr', 'm2', 'FBRK', 'CRD'),
('FBRK000050', 'Cordura DE 1100 modrá AC zátěr', 'm2', 'FBRK', 'CRD'),
('FBRK000051', 'Cordura DE 1100 žlutá AC zátěr', 'm2', 'FBRK', 'CRD'),
('FBRK000052', 'Cordura DE 1100 ecru AC zátěr', 'm2', 'FBRK', 'CRD'),
('FBRK000053', 'Cordura DE 1100 tmavě šedá AC zátěr', 'm2', 'FBRK', 'CRD'),
('FBRK000054', 'Cordura DE 1100 khaki AC zátěr', 'm2', 'FBRK', 'CRD'),
('FBRK000055', 'Cordura DE 1100 kávová AC zátěr', 'm2', 'FBRK', 'CRD'),
('FBRK000056', 'Cordura DE 1100 trávově zelená AC zátěr', 'm2', 'FBRK', 'CRD'),
('FBRK000057', 'Cordura DE 1100 coyote AC zátěr', 'm2', 'FBRK', 'CRD'),
('FBRK000058', 'Cordura DE 1100 jarní zelená AC zátěr', 'm2', 'FBRK', 'CRD'),
('FBRK000059', 'Cordura DE 1100 tan AC zátěr', 'm2', 'FBRK', 'CRD'),
('FBRK000060', 'Cordura DE 1100 akvamarin AC zátěr', 'm2', 'FBRK', 'CRD'),
('FBRK000061', 'Cordura DE 1100 khaki PVC zátěr', 'm2', 'FBRK', 'CRD'),
('FBRK000062', 'Cordura DE 1100 šedá AC zátěr', 'm2', 'FBRK', 'CRD'),
('FBRK000063', 'Cordura DE 1100 fialová AC zátěr', 'm2', 'FBRK', 'CRD'),
('FBRK000064', 'Cordura DE 1100 zlatá AC zátěr', 'm2', 'FBRK', 'CRD'),
('FBRK000065', 'Cordura DE 1100 tmavě zelená AC zátěr', 'm2', 'FBRK', 'CRD'),
('FBRK000066', 'Cordura DE 1100 armádní zelená AC zátěr', 'm2', 'FBRK', 'CRD'),
('FBRK000067', 'Cordura DE 1100 olivově zelená AC zátěr', 'm2', 'FBRK', 'CRD'),
('FBRK000068', 'Cordura DE 1100 růžová AC zátěr', 'm2', 'FBRK', 'CRD'),
('FBRK000069', 'Cordura CZ 500 černá PU zátěr', 'm2', 'FBRK', 'CRD'),
('FBRK000070', 'Cordura DE 500 černá PU zátěr', 'm2', 'FBRK', 'CRD'),
('FBRK000071', 'Cordura DE 500 navy AC zátěr', 'm2', 'FBRK', 'CRD'),
('FBRK000072', 'Cordura DE 500 oranžová AC zátěr', 'm2', 'FBRK', 'CRD'),
('FBRK000073', 'Cordura DE 500 žlutá AC zátěr', 'm2', 'FBRK', 'CRD'),
('FBRK000074', 'Cordura DE 500 bílá AC zátěr', 'm2', 'FBRK', 'CRD'),
('FBRK000075', 'Cordura DE 500 světle modrá AC zátěr', 'm2', 'FBRK', 'CRD'),
('FBRK000076', 'Cordura DE 500 šedá PU zátěr', 'm2', 'FBRK', 'CRD'),
('FBRK000077', 'Cordura DE 500 tmavě šedá/zelená AC zátěr', 'm2', 'FBRK', 'CRD'),
('FBRK000078', 'Cordura DE 500 hnědá AC zátěr', 'm2', 'FBRK', 'CRD'),
('FBRK000079', 'Cordura DE 500 zářivě žlutá AC zátěr', 'm2', 'FBRK', 'CRD'),
('FBRK000080', 'Cordura DE 500 blankytně modrá AC zátěr', 'm2', 'FBRK', 'CRD'),
('FBRK000081', 'Cordura DE 500 světle šedá AC zátěr', 'm2', 'FBRK', 'CRD'),
('FBRK000082', 'Cordura DE 500 červená AC zátěr', 'm2', 'FBRK', 'CRD'),
('FBRK000083', 'Cordura DE 500 khaki AC zátěr', 'm2', 'FBRK', 'CRD'),
('FBRK000084', 'Cordura DE 500 vínová AC zátěr', 'm2', 'FBRK', 'CRD'),
('FBRK000085', 'Cordura DE 500 tan AC zátěr', 'm2', 'FBRK', 'CRD'),
('FBRK000086', 'Xpac VX21 black', 'm2', 'FBRK', 'XPC'),
('FBRK000087', 'Xpac VX21 purple', 'm2', 'FBRK', 'XPC'),
('FBRK000088', 'Xpac VX21 yellow', 'm2', 'FBRK', 'XPC'),
('FBRK000089', 'Xpac VX21 white', 'm2', 'FBRK', 'XPC'),
('FBRK000090', 'Xpac RX36/DWR black', 'm2', 'FBRK', 'XPC'),
('FBRK000091', 'Xpac RX36/DWR white', 'm2', 'FBRK', 'XPC'),
('FBRK000092', 'Xpac RX30/DWR black', 'm2', 'FBRK', 'XPC'),
('FBRK000093', 'Xpac RX15/DWR white', 'm2', 'FBRK', 'XPC'),
('FBRK000094', 'Xpac VX07 RS black (ripstop)', 'm2', 'FBRK', 'XPC'),
('FBRK000095', 'Xpac X10/DWR naturale', 'm2', 'FBRK', 'XPC'),
('FBRK000096', 'Xpac LS21 grey', 'm2', 'FBRK', 'XPC'),
('FBRK000097', 'Xpac LS21 black', 'm2', 'FBRK', 'XPC'),
('FBRK000098', 'Patrik Antzcak tisk', 'm2', 'FBRK', 'PES'),
('FBRK000099', 'Paperjoe tisk', 'm2', 'FBRK', 'PES'),
('FBRK000100', 'Bavlna CZ černá', 'm2', 'FBRK', 'CTN'),
('FBRK000101', 'Bavlna IT impregnace černá', 'm2', 'FBRK', 'CTN'),
('FBRK000102', 'Bavlna IT oranžová', 'm2', 'FBRK', 'CTN'),
('FBRK000103', 'Bavlna CZ khaki', 'm2', 'FBRK', 'CTN'),
('FBRK000104', 'Bavlna IT přírodní', 'm2', 'FBRK', 'CTN'),
('FBRK000105', 'Bavlna CZ přírodní', 'm2', 'FBRK', 'CTN'),
('FBRK000106', 'Bavlna CZ žlutá', 'm2', 'FBRK', 'CTN'),
('FBRK000107', 'Bavlna CZ tmavě žlutá', 'm2', 'FBRK', 'CTN'),
('FBRK000108', 'Bavlna CZ magenta', 'm2', 'FBRK', 'CTN'),
('FBRK000109', 'Bavlna CZ červená', 'm2', 'FBRK', 'CTN'),
('FBRK000110', 'Bavlna CZ modrá', 'm2', 'FBRK', 'CTN'),
('FBRK000111', 'Bavlna England (monocle) khaki', 'm2', 'FBRK', 'CTN'),
('FBRK000112', 'Bavlna England (monocle) navy', 'm2', 'FBRK', 'CTN'),
('FBRK000113', 'Bavlna IT šedá', 'm2', 'FBRK', 'CTN'),
('FBRK000114', 'podložení molitanu záda', 'm2', 'FBRK', 'FND'),
('FBRK000115', 'Kortexin 600D PVC slim', 'm2', 'FBRK', 'ASI'),
('FBRK000116', 'Tyvek', 'm2', 'FBRK', 'PAR'),
('FBRK000117', 'Xpac VX21 Mulberry', 'm2', 'FBRK', 'XPC'),
('FBRK000118', 'Xpac RX30/DWR Plum', 'm2', 'FBRK', 'XPC'),
('FBRK000119', 'Xpac RX30/DWR Goldenrod', 'm2', 'FBRK', 'XPC'),
('FBRK000120', 'Xpac VX03 RS Grey', 'm2', 'FBRK', 'XPC'),
('FBRK000121', 'Xpac X50/DWR black', 'm2', 'FBRK', 'XPC'),
('FBRK000122', 'Xpac X50 tactical Khaki', 'm2', 'FBRK', 'XPC'),
('FBRK000123', 'Xpac RX30/DWR seafoam', 'm2', 'FBRK', 'XPC'),
('FBRK000124', 'Bavlna CZ přírodní canvas bag', 'm2', 'FBRK', 'CTN'),
('FBRK000125', 'podložení pěny záda', 'm2', 'FBRK', 'FND'),
('FLNG000001', 'Molitan 2 cm', 'm2', 'FLNG', ''),
('FLNG000002', 'EVA pěna 10 mm', 'm2', 'FLNG', ''),
('FLNG000003', 'Eva pěna 6 mm', 'm2', 'FLNG', ''),
('FLNG000004', 'Eva pěna 2 mm', 'm2', 'FLNG', ''),
('FLNG000005', 'PP 2,5mm plastkarton', 'm2', 'FLNG', ''),
('HRDW000001', 'YKK samice 25 mm černá', 'ks', 'HRDW', ''),
('HRDW000002', 'YKK samec 25 mm černá', 'ks', 'HRDW', ''),
('HRDW000003', 'YKK samec 25 mm černá EVO', 'ks', 'HRDW', ''),
('HRDW000004', 'YKK samice 25 mm černá EVO', 'ks', 'HRDW', ''),
('HRDW000005', 'YKK samice 20 mm černá', 'ks', 'HRDW', ''),
('HRDW000006', 'YKK samec 20 mm černá', 'ks', 'HRDW', ''),
('HRDW000007', 'YKK samec 16 mm černá', 'ks', 'HRDW', ''),
('HRDW000008', 'YKK samice 16 mm černá', 'ks', 'HRDW', ''),
('HRDW000009', 'YKK žebříček 16 mm černá', 'ks', 'HRDW', ''),
('HRDW000010', 'YKK žebříček 20 mm černá', 'ks', 'HRDW', ''),
('HRDW000011', 'YKK žebříček 25 mm černá', 'ks', 'HRDW', ''),
('HRDW000012', 'YKK žebříček 25 mm černá WICKER', 'ks', 'HRDW', ''),
('HRDW000013', 'YKK očko 18 mm černá', 'ks', 'HRDW', ''),
('HRDW000014', 'YKK očko 20 mm černá', 'ks', 'HRDW', ''),
('HRDW000015', 'YKK očko 25 mm černá', 'ks', 'HRDW', ''),
('HRDW000016', 'YKK očko 40 mm černá', 'ks', 'HRDW', ''),
('HRDW000017', 'YKK zip černý pogumovaný', 'm', 'HRDW', ''),
('HRDW000018', 'YKK 5 zip černý reverzní', 'm', 'HRDW', ''),
('HRDW000019', 'YKK jezdec 5E černá', 'ks', 'HRDW', ''),
('HRDW000020', 'YKK jezdec 5EJ černá', 'ks', 'HRDW', ''),
('HRDW000021', 'YKK klíčenka černá', 'ks', 'HRDW', ''),
('HRDW000022', 'YKK D-kroužek černá', 'ks', 'HRDW', ''),
('HRDW000023', 'YKK karabina černá', 'ks', 'HRDW', ''),
('HRDW000024', 'YKK trojzubec 50 mm černá (samec+samice)', 'ks', 'HRDW', ''),
('HRDW000025', 'YKK bikeroller přezka', 'ks', 'HRDW', ''),
('HRDW000026', 'YKK jezdec 5E bílý', 'ks', 'HRDW', ''),
('HRDW000027', 'YKK průvleky 20 mm', 'ks', 'HRDW', ''),
('HRDW000028', 'trojzubec 40 mm černá (samec+samice)', 'ks', 'HRDW', ''),
('HRDW000029', 'žebříček 40 mm černá CROSSBODY', 'ks', 'HRDW', ''),
('HRDW000030', 'YKK zip 28 cm žlutý', 'ks', 'HRDW', ''),
('HRDW000031', 'YKK zip 28 cm bílý', 'ks', 'HRDW', ''),
('HRDW000032', 'YKK zip kovový 18 cm černý', 'ks', 'HRDW', ''),
('HRDW000033', 'YKK zip kovový 18 cm bílý', 'ks', 'HRDW', ''),
('HRDW000034', 'Massag zip kovový 18 cm černý', 'ks', 'HRDW', ''),
('HRDW000035', 'YKK zip spirálový reverzní 5 CI černá', 'm', 'HRDW', ''),
('HRDW000036', 'YKK zip kovový 46 cm černý', 'ks', 'HRDW', ''),
('HRDW000037', 'YKK zip kovový 29 cm černý', 'ks', 'HRDW', ''),
('HRDW000038', 'YKK zip kovový 25 cm černý', 'ks', 'HRDW', ''),
('HRDW000039', 'Fidlock V-BUCKLE 20 mm jednostranně nastavitelná', 'ks', 'HRDW', ''),
('HRDW000040', 'Fidlock V-BUCKLE 25 mm jednostranně nastavitelná', 'ks', 'HRDW', ''),
('HRDW000041', 'Fidlock V-BUCKLE 40 LL 40 mm nastavitelná černá', 'ks', 'HRDW', ''),
('HRDW000042', 'Fidlock V-BUCKLE 40 SB 40 mm fix černá', 'ks', 'HRDW', ''),
('HRDW000043', 'Fidlock HOOK 40 belt LL', 'ks', 'HRDW', ''),
('HRDW000044', 'Fidlock přezka 20 mm stříbrná', 'ks', 'HRDW', ''),
('HRDW000045', 'Fidlock Stripe X3', 'ks', 'HRDW', ''),
('HRDW000046', 'Fidlock Coinstrap 15 mm na helmu', 'ks', 'HRDW', ''),
('HRDW000047', 'Fidlock SNAP špuntík samec M kulatá nízká černá', 'ks', 'HRDW', ''),
('HRDW000048', 'Fidlock SNAP špuntík samice M kulatá nízká černá', 'ks', 'HRDW', ''),
('HRDW000049', 'Fidlock SNAP samec S na gumičku', 'ks', 'HRDW', ''),
('HRDW000050', 'Fidlock SNAP samice S kulatá nízká černá', 'ks', 'HRDW', ''),
('HRDW000051', 'Fidlock SNAP male M 25 adjuster k rolce', 'ks', 'HRDW', ''),
('HRDW000052', 'Fidlock HOOK 20 na gumičku černá', 'ks', 'HRDW', ''),
('HRDW000053', 'WeTool kovový žebříček 20 mm černá', 'ks', 'HRDW', ''),
('HRDW000054', 'WeTool kovový žebříček 25 mm černá', 'ks', 'HRDW', ''),
('HRDW000055', 'WeTool kovový G-Hook 20 mm levá černá', 'ks', 'HRDW', ''),
('HRDW000056', 'WeTool kovový G-Hook 20 mm pravá černá', 'ks', 'HRDW', ''),
('HRDW000057', 'WeTool kovový G-Hook 25 mm pravá otvírák černý', 'ks', 'HRDW', ''),
('HRDW000058', 'WeTool kovový H-Hook 25 mm černá', 'ks', 'HRDW', ''),
('HRDW000059', 'WeTool kovový karabina 20 mm černá', 'ks', 'HRDW', ''),
('HRDW000060', 'WeTool kovový protikus karabina 20 mm černá', 'ks', 'HRDW', ''),
('HRDW000061', 'WeTool kovová karabina obdélníková 20 mm černá', 'ks', 'HRDW', ''),
('HRDW000062', 'WeTool kovová karabina obdélníková 10 mm černá', 'ks', 'HRDW', ''),
('HRDW000063', 'WeTool kovová karabina otočná 20 mm černá', 'ks', 'HRDW', ''),
('HRDW000064', 'WeTool kovové D-očko 20 mm černá', 'ks', 'HRDW', ''),
('HRDW000065', 'WeTool kovové hawkeye toggle 25 mm černá', 'ks', 'HRDW', ''),
('HRDW000066', 'titanová žabka Austere 20 mm', 'ks', 'HRDW', ''),
('HRDW000067', 'optic fibre lighting', 'ks', 'HRDW', ''),
('HRDW000068', 'PJ trojzubec 25 mm bílá (samec+samice)', 'ks', 'HRDW', ''),
('HRDW000069', 'PJ žebříček 25 mm bílá', 'ks', 'HRDW', ''),
('HRDW000070', 'PJ žebříček 20 mm bílá', 'ks', 'HRDW', ''),
('HRDW000071', 'PJ samec 20 mm bílá', 'ks', 'HRDW', ''),
('HRDW000072', 'PJ samice 20 mm bílá', 'ks', 'HRDW', ''),
('HRDW000073', 'PJ očko 20 mm bílá', 'ks', 'HRDW', ''),
('HRDW000074', 'PJ očko 20 mm černá', 'ks', 'HRDW', ''),
('HRDW000075', 'PJ očko 40 mm černá', 'ks', 'HRDW', ''),
('HRDW000076', 'PJ spona 20 mm bílá', 'ks', 'HRDW', ''),
('HRDW000077', 'PJ trojzubec 10 mm bílá (samec+samice)', 'ks', 'HRDW', ''),
('HRDW000078', 'PJ trojzubec 10 mm khaki (samec+samice)', 'ks', 'HRDW', ''),
('HRDW000079', 'PJ trojzubec 20 mm bílá (samec+samice)', 'ks', 'HRDW', ''),
('HRDW000080', 'PJ trojzubec 10 mm černá', 'ks', 'HRDW', ''),
('HRDW000081', 'PJ karabina 20 mm černá', 'ks', 'HRDW', ''),
('HRDW000082', 'PJ karabina 30 mm černá', 'ks', 'HRDW', ''),
('HRDW000083', 'PJ trojzubec 30 mm černá', 'ks', 'HRDW', ''),
('HRDW000084', 'PJ žebříček 40 mm černá', 'ks', 'HRDW', ''),
('HRDW000085', 'PJ D-kroužek černá 20 mm', 'ks', 'HRDW', ''),
('HRDW000086', 'Massag kovový zebříček 20 mm měděný', 'ks', 'HRDW', ''),
('HRDW000087', 'Massag kovový žebříček 20 mm černá', 'ks', 'HRDW', ''),
('HRDW000088', 'Massag auto druk černá', 'ks', 'HRDW', ''),
('HRDW000089', 'Metal clash hook', 'ks', 'HRDW', ''),
('HRDW000090', 'Massag vsuvka kovová černá', 'ks', 'HRDW', ''),
('HRDW000091', 'Massag vsuvka kovová černá 20mm', 'ks', 'HRDW', ''),
('HRDW000092', 'cordlock', 'ks', 'HRDW', ''),
('HRDW000093', 'Tyčky', 'ks', 'HRDW', ''),
('HRDW000094', 'YKK D-kroužek černá 20mm', 'ks', 'HRDW', ''),
('LTHR000001', 'SILK 0842 černá', 'm2', 'LTHR', ''),
('LTHR000002', 'SILK 0250 rezavá', 'm2', 'LTHR', ''),
('LTHR000003', 'VENICE 64080 Albicocca', 'm2', 'LTHR', ''),
('LTHR000004', 'VENICE 64100 Black černá', 'm2', 'LTHR', ''),
('LTHR000005', 'VENICE 64030 Ecrú písková', 'm2', 'LTHR', ''),
('LTHR000006', 'VENICE 64150 Pervinca lila', 'm2', 'LTHR', ''),
('LTHR000007', 'VENICE 64150 Cloud Pink nude', 'm2', 'LTHR', ''),
('LTHR000008', 'VENICE 64110 Corallo lososová', 'm2', 'LTHR', ''),
('LTHR000009', 'VENICE 64040 Cappuccino bílá káva', 'm2', 'LTHR', ''),
('PCKG000001', 'papírová karta příběh + označení batohu', 'ks', 'PCKG', ''),
('PCKG000002', 'igelitový pytel s logem', 'ks', 'PCKG', ''),
('PCKG000003', 'krabice 51x38x7', 'ks', 'PCKG', ''),
('PCKG000004', 'lepící páska Braasi Industry', 'm', 'PCKG', ''),
('PCKG000005', 'štítek Zásilkovna', 'ks', 'PCKG', ''),
('PCKG000006', 'štítek GLS', 'ks', 'PCKG', ''),
('PCKG000007', 'košilka', 'ks', 'PCKG', ''),
('STRP000001', 'popruh černý PAD 10 mm', 'm', 'STRP', ''),
('STRP000002', 'popruh černý PAD 16 mm', 'm', 'STRP', ''),
('STRP000003', 'popruh černý PAD 20 mm', 'm', 'STRP', ''),
('STRP000004', 'popruh černý PAD 25 mm', 'm', 'STRP', ''),
('STRP000005', 'popruh černý PAD 40 mm', 'm', 'STRP', ''),
('STRP000006', 'lemovka černá PAD 25 mm', 'm', 'STRP', ''),
('STRP000007', 'lemovka černá PES 25 mm', 'm', 'STRP', ''),
('STRP000008', 'pruženka černá 40 mm', 'm', 'STRP', ''),
('STRP000009', 'pruženka černá 25 mm', 'm', 'STRP', ''),
('STRP000010', 'popruh černý POP 10 mm', 'm', 'STRP', ''),
('STRP000011', 'popruh černý struktura POP 16 mm', 'm', 'STRP', ''),
('STRP000012', 'popruh černý hladký POP 16 mm', 'm', 'STRP', ''),
('STRP000013', 'popruh černý vroubkatý POP 25 mm', 'm', 'STRP', ''),
('STRP000014', 'popruh černý dutinka PES 55 mm', 'm', 'STRP', ''),
('STRP000015', 'popruh černý bavlna 20 mm', 'm', 'STRP', ''),
('STRP000016', 'popruh černý bavlna 25 mm', 'm', 'STRP', ''),
('STRP000017', 'popruh černý bavlna 40 mm', 'm', 'STRP', ''),
('STRP000018', 'popruh bílý POP 10 mm', 'm', 'STRP', ''),
('STRP000019', 'popruh bílý PAD 20 mm', 'm', 'STRP', ''),
('STRP000020', 'popruh bílý POP 20 mm', 'm', 'STRP', ''),
('STRP000021', 'popruh bílý POP 25 mm', 'm', 'STRP', ''),
('STRP000022', 'popruh přírodní bavlna 20 mm', 'm', 'STRP', ''),
('STRP000023', 'popruh přírodní bavlna 30 mm', 'm', 'STRP', ''),
('STRP000024', 'popruh královsky modrý POP 10 mm', 'm', 'STRP', ''),
('STRP000025', 'popruh modrý PAD 20 mm', 'm', 'STRP', ''),
('STRP000026', 'popruh blankytně modrý POP 20 mm', 'm', 'STRP', ''),
('STRP000027', 'popruh zářivě oranžový PES 10 mm', 'm', 'STRP', ''),
('STRP000028', 'popruh zářivě oranžový PES 16 mm', 'm', 'STRP', ''),
('STRP000029', 'popruh zářivě oranžový PES 20 mm', 'm', 'STRP', ''),
('STRP000030', 'popruh zářivě oranžový PES 25 mm', 'm', 'STRP', ''),
('STRP000031', 'popruh oranžový PAD 20 mm', 'm', 'STRP', ''),
('STRP000032', 'popruh červený POP 10 mm', 'm', 'STRP', ''),
('STRP000033', 'popruh červený POP 20 mm', 'm', 'STRP', ''),
('STRP000034', 'popruh červený POP 25 mm', 'm', 'STRP', ''),
('STRP000035', 'popruh zářivě zelený PES 10 mm', 'm', 'STRP', ''),
('STRP000036', 'popruh žlutý POP 10 mm', 'm', 'STRP', ''),
('STRP000037', 'popruh tmavě šedý POP 10 mm', 'm', 'STRP', ''),
('STRP000038', 'popruh světle šedý PAD 20 mm', 'm', 'STRP', ''),
('STRP000039', 'popruh desertní PES 20 mm', 'm', 'STRP', ''),
('STRP000040', 'popruh fialový POP 20 mm', 'm', 'STRP', ''),
('STRP000041', 'popruh fialový POP 25 mm', 'm', 'STRP', ''),
('STRP000042', 'popruh khaki bavlna 35 mm', 'm', 'STRP', ''),
('STRP000043', 'popruh pruhovaný č,o,z,m,ž 25 mm', 'm', 'STRP', ''),
('STRP000044', 'popruh pruhovaný š,f,š 30 mm', 'm', 'STRP', ''),
('STRP000045', 'pryžové vlákno černá PES', 'm', 'STRP', ''),
('STRP000046', 'gumolano červené 4mm', 'm', 'STRP', ''),
('STRP000047', 'gumolano černé 4mm', 'm', 'STRP', ''),
('STRP000048', 'oděvní vázačka bílý PES 3,5mm', 'm', 'STRP', ''),
('STRP000049', 'oděvní vázačka černý PES 3,5 mm', 'm', 'STRP', ''),
('STRP000050', 'oděvní vázačka žlutý PES 3,5 mm', 'm', 'STRP', ''),
('STRP000051', 'paracorde modrá 3,5 mm', 'm', 'STRP', ''),
('STRP000052', 'paracorde červený 3,5 mm', 'm', 'STRP', ''),
('STRP000053', 'paracorde černý 3,5 mm', 'm', 'STRP', ''),
('STRP000054', 'automobilové pásy 45mm', 'm', 'STRP', ''),
('STRP000055', 'dutinka zlatá PAD 20 mm', 'm', 'STRP', ''),
('STRP000056', 'suché zipy 10 mm háček', 'm', 'STRP', ''),
('STRP000057', 'suché zipy 10 mm plyš', 'm', 'STRP', ''),
('STRP000058', 'suché zipy 25 mm háček', 'm', 'STRP', ''),
('STRP000059', 'suché zipy 25 mm plyš', 'm', 'STRP', ''),
('STRP000060', 'suché zipy 30 mm háček', 'm', 'STRP', ''),
('STRP000061', 'suché zipy 30 mm plyš', 'm', 'STRP', ''),
('STRP000062', 'suché zipy 50 mm plyš', 'm', 'STRP', ''),
('STRP000063', 'suché zipy 50 mm háček', 'm', 'STRP', ''),
('STRP000064', 'popruh kroucený', 'm', 'STRP', ''),
('THRD000001', 'Ultrapoly 30 černá 999', 'm', 'THRD', ''),
('THRD000002', 'Ultrapoly 30 modrá 549', 'm', 'THRD', ''),
('THRD000003', 'Ultrapoly 30 světle šedá 882', 'm', 'THRD', ''),
('THRD000004', 'Ultrapoly 30 žlutá 125', 'm', 'THRD', ''),
('THRD000005', 'Ultrapoly 30 královská modrá 556', 'm', 'THRD', ''),
('THRD000006', 'Ultrapoly 30 zářivě růžová 345', 'm', 'THRD', ''),
('THRD000007', 'Ultrapoly 30 neon oranžová 215', 'm', 'THRD', ''),
('THRD000008', 'Ultrapoly 30 bílá 001', 'm', 'THRD', ''),
('THRD000009', 'Ultrapoly 30 modrá podšívka 658', 'm', 'THRD', ''),
('THRD000010', 'Ultrapoly 30 fialová 458', 'm', 'THRD', ''),
('THRD000011', 'Ultrapoly 30 přírodní 710', 'm', 'THRD', ''),
('THRD000012', 'Ultrapoly 30 vínová 344', 'm', 'THRD', ''),
('THRD000013', 'Ultrapoly 30 červená 337', 'm', 'THRD', ''),
('THRD000014', 'Ultrapoly 30 tmavě šedá 888', 'm', 'THRD', ''),
('THRD000015', 'Ultrapoly 30 desertní 1222', 'm', 'THRD', ''),
('THRD000016', 'Ultrapoly 30 neon žlutá 115', 'm', 'THRD', ''),
('THRD000017', 'Ultrapoly 30 foxy 273', 'm', 'THRD', ''),
('THRD000018', 'Ultrapoly 30 khaki', 'm', 'THRD', '');

-- --------------------------------------------------------

--
-- Struktura tabulky `material_width`
--

CREATE TABLE `material_width` (
  `part_number` varchar(10) COLLATE utf8mb4_czech_ci NOT NULL,
  `width_m` decimal(6,3) NOT NULL
) ENGINE=InnoDB DEFAULT CHARSET=utf8mb4 COLLATE=utf8mb4_czech_ci;

--
-- Vypisuji data pro tabulku `material_width`
--

INSERT INTO `material_width` (`part_number`, `width_m`) VALUES
('FBRK000001', 1.475),
('FBRK000002', 1.475),
('FBRK000003', 1.475),
('FBRK000004', 1.475),
('FBRK000005', 1.475),
('FBRK000006', 1.475),
('FBRK000007', 1.475),
('FBRK000008', 1.475),
('FBRK000009', 1.475),
('FBRK000010', 1.450),
('FBRK000011', 1.400),
('FBRK000012', 1.560),
('FBRK000013', 1.560),
('FBRK000014', 1.560),
('FBRK000015', 1.560),
('FBRK000016', 1.560),
('FBRK000017', 1.560),
('FBRK000018', 1.560),
('FBRK000019', 1.560),
('FBRK000020', 1.560),
('FBRK000021', 1.560),
('FBRK000022', 1.560),
('FBRK000023', 1.560),
('FBRK000024', 1.560),
('FBRK000025', 1.560),
('FBRK000026', 1.560),
('FBRK000027', 1.560),
('FBRK000028', 1.500),
('FBRK000029', 1.500),
('FBRK000030', 1.500),
('FBRK000031', 1.500),
('FBRK000032', 1.500),
('FBRK000033', 1.500),
('FBRK000034', 1.500),
('FBRK000035', 1.500),
('FBRK000036', 1.500),
('FBRK000037', 1.500),
('FBRK000038', 1.500),
('FBRK000039', 1.500),
('FBRK000040', 1.500),
('FBRK000041', 1.500),
('FBRK000042', 1.500),
('FBRK000043', 1.500),
('FBRK000044', 1.500),
('FBRK000046', 1.500),
('FBRK000047', 1.500),
('FBRK000048', 1.500),
('FBRK000049', 1.500),
('FBRK000050', 1.500),
('FBRK000051', 1.500),
('FBRK000052', 1.500),
('FBRK000053', 1.500),
('FBRK000054', 1.500),
('FBRK000055', 1.500),
('FBRK000056', 1.500),
('FBRK000057', 1.500),
('FBRK000058', 1.500),
('FBRK000059', 1.500),
('FBRK000060', 1.500),
('FBRK000061', 1.500),
('FBRK000062', 1.500),
('FBRK000063', 1.500),
('FBRK000064', 1.500),
('FBRK000065', 1.500),
('FBRK000066', 1.500),
('FBRK000067', 1.500),
('FBRK000068', 1.500),
('FBRK000069', 1.540),
('FBRK000070', 1.500),
('FBRK000071', 1.500),
('FBRK000072', 1.500),
('FBRK000073', 1.500),
('FBRK000074', 1.500),
('FBRK000075', 1.500),
('FBRK000076', 1.500),
('FBRK000077', 1.500),
('FBRK000078', 1.500),
('FBRK000079', 1.500),
('FBRK000080', 1.500),
('FBRK000081', 1.500),
('FBRK000082', 1.500),
('FBRK000083', 1.500),
('FBRK000084', 1.500),
('FBRK000085', 1.500),
('FBRK000086', 1.500),
('FBRK000087', 1.500),
('FBRK000088', 1.500),
('FBRK000089', 1.500),
('FBRK000090', 1.500),
('FBRK000091', 1.500),
('FBRK000092', 1.400),
('FBRK000093', 1.400),
('FBRK000094', 1.500),
('FBRK000095', 1.400),
('FBRK000096', 1.470),
('FBRK000097', 1.470),
('FBRK000100', 1.450),
('FBRK000101', 1.500),
('FBRK000102', 1.500),
('FBRK000103', 1.450),
('FBRK000104', 1.500),
('FBRK000105', 1.450),
('FBRK000106', 1.450),
('FBRK000107', 1.450),
('FBRK000108', 1.450),
('FBRK000109', 1.450),
('FBRK000110', 1.450),
('FBRK000111', 1.500),
('FBRK000112', 1.500),
('FBRK000113', 1.500),
('FBRK000114', 1.500),
('FBRK000115', 1.475),
('FBRK000116', 0.700),
('FBRK000117', 1.500),
('FBRK000118', 1.500),
('FBRK000119', 1.500),
('FBRK000120', 1.500),
('FBRK000121', 1.450),
('FBRK000122', 1.400),
('FBRK000123', 1.500),
('FBRK000124', 1.450),
('FBRK000125', 1.560),
('FLNG000001', 1.000),
('FLNG000002', 1.000),
('FLNG000003', 1.000),
('FLNG000004', 1.000),
('FLNG000005', 0.750);

-- --------------------------------------------------------

--
-- Struktura tabulky `other_costs`
--

CREATE TABLE `other_costs` (
  `type` varchar(5) CHARACTER SET utf8mb4 COLLATE utf8mb4_czech_ci NOT NULL,
  `description` varchar(30) CHARACTER SET utf8mb4 COLLATE utf8mb4_czech_ci NOT NULL
) ENGINE=InnoDB DEFAULT CHARSET=utf8mb4 COLLATE=utf8mb4_czech_ci;

--
-- Vypisuji data pro tabulku `other_costs`
--

INSERT INTO `other_costs` (`type`, `description`) VALUES
('AMO01', 'Amortizace'),
('LAB01', 'Šití'),
('PAC01', 'Balení'),
('PRE01', 'Příprava výroby'),
('TRA01', 'Doprava ČR Zásilkovna'),
('TRA02', 'Doprava ČR GLS'),
('TRA03', 'Doprava GLS EU'),
('TRA04', 'Doprava Svět'),
('TRA05', 'Bez dopravy');

-- --------------------------------------------------------

--
-- Struktura tabulky `products`
--

CREATE TABLE `products` (
  `product_code` varchar(10) COLLATE utf8mb4_czech_ci NOT NULL,
  `product_name` varchar(50) COLLATE utf8mb4_czech_ci NOT NULL,
  `unit_code` varchar(5) COLLATE utf8mb4_czech_ci NOT NULL,
  `com_code` varchar(5) COLLATE utf8mb4_czech_ci NOT NULL,
  `subcom_code` varchar(5) COLLATE utf8mb4_czech_ci NOT NULL,
  `EAN` decimal(20,0) DEFAULT NULL,
  `SKU` varchar(10) COLLATE utf8mb4_czech_ci DEFAULT NULL
) ENGINE=InnoDB DEFAULT CHARSET=utf8mb4 COLLATE=utf8mb4_czech_ci;

--
-- Vypisuji data pro tabulku `products`
--

INSERT INTO `products` (`product_code`, `product_name`, `unit_code`, `com_code`, `subcom_code`, `EAN`, `SKU`) VALUES
('ACSR000001', 'Arsenale Black X-Pac', 'ks', 'PROD', 'ACSR', 8594209150144, 'ACC-01-01'),
('ACSR000002', 'Arsenale Yellow X-Pac', 'ks', 'PROD', 'ACSR', 8594209150151, 'ACC-01-02'),
('ACSR000003', 'Arsenale Purple X-Pac', 'ks', 'PROD', 'ACSR', 8594209151844, 'ACC-01-03'),
('ACSR000004', 'Kpz Black X-Pac', 'ks', 'PROD', 'ACSR', 8594209151530, 'ACC-02-01'),
('ACSR000005', 'Kpz Yellow X-Pac', 'ks', 'PROD', 'ACSR', 8594209151868, 'ACC-02-02'),
('ACSR000006', 'Kpz Purple X-Pac', 'ks', 'PROD', 'ACSR', 8594209151875, 'ACC-02-03'),
('ACSR000007', 'Canvas bag black', 'ks', 'PROD', 'ACSR', 8594209151912, 'ACC-03-01'),
('ACSR000008', 'Canvas bag ecru', 'ks', 'PROD', 'ACSR', 8594209151929, 'ACC-03-02'),
('ACSR000009', 'Cosmetic bag men black', 'ks', 'PROD', 'ACSR', 8594209151813, 'ACC-04-01'),
('ACSR000010', 'Cosmetic bag men khaki', 'ks', 'PROD', 'ACSR', 8594209151073, 'ACC-04-02'),
('ACSR000011', 'crossbody black', 'ks', 'PROD', 'ACSR', 8594209151110, 'ACC-05-01'),
('ACSR000012', 'crossbody dark grey', 'ks', 'PROD', 'ACSR', 8594209151080, 'ACC-05-02'),
('ACSR000013', 'crossbody navy', 'ks', 'PROD', 'ACSR', 8594209151097, 'ACC-05-03'),
('ACSR000014', 'crossbody khaki', 'ks', 'PROD', 'ACSR', 8594209151103, 'ACC-05-04'),
('ACSR000015', 'crossbody yellow', 'ks', 'PROD', 'ACSR', 8594209151127, 'ACC-05-05'),
('ACSR000016', 'crossbody grey', 'ks', 'PROD', 'ACSR', 8594209151899, 'ACC-05-06'),
('ACSR000017', 'crossbody tan', 'ks', 'PROD', 'ACSR', NULL, NULL),
('ACSR000018', 'Taska', 'ks', 'PROD', 'ACSR', 8594209151981, NULL),
('ACSR000019', 'Georgina černá/šedá', 'ks', 'PROD', 'ACSR', 8594209151134, 'ACC-06-01'),
('ACSR000020', 'Georgina černá/zářivě oranžová', 'ks', 'PROD', 'ACSR', 8594209151141, 'ACC-06-02'),
('ACSR000021', 'Georgina bílá/žlutá', 'ks', 'PROD', 'ACSR', 8594209151158, 'ACC-06-03'),
('ACSR000022', 'Georgina bílá/oranžová', 'ks', 'PROD', 'ACSR', 8594209151837, 'ACC-06-04'),
('ACSR000023', 'Georgina khaki/šedá', 'ks', 'PROD', 'ACSR', 8594209151165, 'ACC-06-05'),
('ACSR000024', 'Georgina khaki/oranžová', 'ks', 'PROD', 'ACSR', 8594209151820, 'ACC-06-06'),
('ACSR000025', 'Pouche cordur black', 'ks', 'PROD', 'ACSR', 8594209151202, 'ACC-09-01'),
('ACSR000026', 'Pouche cordur khaki', 'ks', 'PROD', 'ACSR', 8594209151219, 'ACC-09-02'),
('ACSR000027', 'Pouche cordur purple', 'ks', 'PROD', 'ACSR', 8594209151226, 'ACC-09-03'),
('ACSR000028', 'Tyvek Cosmetic bag men', 'ks', 'PROD', 'ACSR', 8594209150199, 'ACC-10'),
('ACSR000029', 'Tyvek Cosmetic S', 'ks', 'PROD', 'ACSR', NULL, 'ACC-11-01'),
('ACSR000030', 'Tyvek Cosmetic M', 'ks', 'PROD', 'ACSR', NULL, 'ACC-11-02'),
('ACSR000031', 'Tyvek Cosmetic L', 'ks', 'PROD', 'ACSR', 8594209150212, 'ACC-11-03'),
('ACSR000032', 'Sacoche tyvek', 'ks', 'PROD', 'ACSR', 8594209150878, 'ACC-12'),
('ACSR000033', 'Tyvek Snackbag', 'ks', 'PROD', 'ACSR', 8594209150205, 'ACC-13'),
('ACSR000034', 'Sacoche parachute black', 'ks', 'PROD', 'ACSR', 8594209151257, 'ACC-15-01'),
('ACSR000035', 'Sacoche parachute khaki', 'ks', 'PROD', 'ACSR', 8594209151264, 'ACC-15-02'),
('ACSR000036', 'Sacoche x-pac black', 'ks', 'PROD', 'ACSR', 8594209151172, 'ACC-16-01'),
('ACSR000037', 'Sacoche x-pac yellow', 'ks', 'PROD', 'ACSR', 8594209151189, 'ACC-16-02'),
('ACSR000038', 'Sacoche x-pac purple', 'ks', 'PROD', 'ACSR', NULL, 'ACC-16-03'),
('ACSR000039', 'Handlebar bag x-pac black', 'ks', 'PROD', 'ACSR', 8594209150175, 'ACC-17-01'),
('ACSR000040', 'Handlebar bag x-pac yellow', 'ks', 'PROD', 'ACSR', 8594209150168, 'ACC-17-02'),
('ACSR000041', 'Handlebar bag x-pac purple', 'ks', 'PROD', 'ACSR', NULL, 'ACC-17-03'),
('ACSR000042', 'Cargo bag black', 'ks', 'PROD', 'ACSR', NULL, 'ACC-20-01'),
('ACSR000043', 'Cargo bag khaki', 'ks', 'PROD', 'ACSR', NULL, 'ACC-20-02'),
('ACSR000044', 'Handlebar bag cordura khaki', 'ks', 'PROD', 'ACSR', 8594209151509, 'ACC-21-01'),
('ACSR000045', 'Crossbody X-Pac black', 'ks', 'PROD', 'ACSR', NULL, 'ACC-22-01'),
('ACSR000046', 'Crossbody X-Pac yellow', 'ks', 'PROD', 'ACSR', 8594209151523, 'ACC-22-02'),
('ACSR000047', 'Crossbody X-Pac purple', 'ks', 'PROD', 'ACSR', NULL, 'ACC-22-03'),
('ACSR000048', 'Chest Buckle Closing', 'ks', 'PROD', 'ACSR', NULL, 'ADD-25'),
('ACSR000049', 'Bederní pás S', 'ks', 'PROD', 'ACSR', NULL, NULL),
('ACSR000050', 'Bederní pás M', 'ks', 'PROD', 'ACSR', NULL, NULL),
('BGPK000001', 'Ayo canvas', 'ks', 'PROD', 'BGPK', 8594209150304, '1001'),
('BGPK000002', 'Ayo cordura black', 'ks', 'PROD', 'BGPK', 8594209150311, '1002-1'),
('BGPK000003', 'Ayo cordura grey/black', 'ks', 'PROD', 'BGPK', 8594209150359, '1002-4'),
('BGPK000004', 'Ayo cordura navy/black', 'ks', 'PROD', 'BGPK', 8594209150342, '1002-3'),
('BGPK000005', 'Ayo cordura tan/black', 'ks', 'PROD', 'BGPK', 8594209150335, '1002-2'),
('BGPK000006', 'Ayo cordura khlaki/black', 'ks', 'PROD', 'BGPK', 8594209151554, '1002-5'),
('BGPK000007', 'Arne x-pac Black', 'ks', 'PROD', 'BGPK', 8594209150328, '1003-1'),
('BGPK000008', 'Arne x-pac NTB Black', 'ks', 'PROD', 'BGPK', NULL, NULL),
('BGPK000009', 'Arne x-pac purple', 'ks', 'PROD', 'BGPK', 8594209151561, '1003-2'),
('BGPK000010', 'Arne x-pac NTB purple', 'ks', 'PROD', 'BGPK', NULL, NULL),
('BGPK000011', 'Arne x-pac yellow', 'ks', 'PROD', 'BGPK', 8594209151578, '1003-3'),
('BGPK000012', 'Arne x-pac NTB yellow', 'ks', 'PROD', 'BGPK', NULL, NULL),
('BGPK000013', 'Arne x-pac grey', 'ks', 'PROD', 'BGPK', 8594209151592, '1003-4'),
('BGPK000014', 'Arne x-pac NTB grey', 'ks', 'PROD', 'BGPK', NULL, NULL),
('BGPK000015', 'Arne x-pac white', 'ks', 'PROD', 'BGPK', 8594209151585, '1003-5'),
('BGPK000016', 'Arne x-pac NTB white', 'ks', 'PROD', 'BGPK', NULL, NULL),
('BGPK000017', 'Arne Black', 'ks', 'PROD', 'BGPK', 8594209151974, '1035-1'),
('BGPK000018', 'Rolltop Basic black', 'ks', 'PROD', 'BGPK', 8594209150366, '1004-1'),
('BGPK000019', 'Rolltop Basic grey', 'ks', 'PROD', 'BGPK', 8594209150373, '1004-2'),
('BGPK000020', 'Rolltop Basic Side black', 'ks', 'PROD', 'BGPK', 8594209150380, '1005-1'),
('BGPK000021', 'Rolltop Basic Side Grey', 'ks', 'PROD', 'BGPK', 8594209150397, '1005-2'),
('BGPK000022', 'Wicker black světla', 'ks', 'PROD', 'BGPK', NULL, NULL),
('BGPK000023', 'Wicker x-Pac black', 'ks', 'PROD', 'BGPK', 8594209150021, '1006-1'),
('BGPK000024', 'Wicker x-Pac yellow', 'ks', 'PROD', 'BGPK', 8594209150014, '1006-2'),
('BGPK000025', 'Wicker x-Pac purple', 'ks', 'PROD', 'BGPK', 8594209151608, '1006-3'),
('BGPK000026', 'Wicker x-Pac white', 'ks', 'PROD', 'BGPK', 8594209151615, '1006-4'),
('BGPK000027', 'Wicker black', 'ks', 'PROD', 'BGPK', 8594209150038, '1007-1'),
('BGPK000028', 'Wicker Dark grey', 'ks', 'PROD', 'BGPK', 8594209150045, '1007-2'),
('BGPK000029', 'Wicker orange', 'ks', 'PROD', 'BGPK', 8594209150885, '1007-3'),
('BGPK000030', 'Wicker tan', 'ks', 'PROD', 'BGPK', 8594209150892, '1007-4'),
('BGPK000031', 'Wicker navy/black', 'ks', 'PROD', 'BGPK', 8594209151622, '1007-5'),
('BGPK000032', 'Wicker khaki', 'ks', 'PROD', 'BGPK', 8594209150052, '1007-6'),
('BGPK000033', 'Wicker Navy blue', 'ks', 'PROD', 'BGPK', 8594209150298, '1007-7'),
('BGPK000034', 'Wicker AI x-Pac', 'ks', 'PROD', 'BGPK', NULL, NULL),
('BGPK000035', 'Evo II black', 'ks', 'PROD', 'BGPK', 8594209150069, '1008-1'),
('BGPK000036', 'Evo II khaki', 'ks', 'PROD', 'BGPK', 8594209150076, '1008-2'),
('BGPK000037', 'Evo II tan', 'ks', 'PROD', 'BGPK', 8594209151639, '1008-4'),
('BGPK000038', 'Evo II navy', 'ks', 'PROD', 'BGPK', 8594209151646, '1008-3'),
('BGPK000039', 'Evo II Black X-Pac', 'ks', 'PROD', 'BGPK', 8594209150083, '1035-01'),
('BGPK000040', 'Evo II yellow X-Pac', 'ks', 'PROD', 'BGPK', 8594209150090, '1035-02'),
('BGPK000041', 'Evo II purple X-Pac', 'ks', 'PROD', 'BGPK', 8594209151790, '1035-03'),
('BGPK000042', 'Evo II white X-Pac', 'ks', 'PROD', 'BGPK', 8594209151806, '1035-04'),
('BGPK000043', 'Henry black', 'ks', 'PROD', 'BGPK', 8594209150229, '1009-1'),
('BGPK000044', 'Henry dark grey', 'ks', 'PROD', 'BGPK', 8594209150274, '1009-2'),
('BGPK000045', 'Henry tan', 'ks', 'PROD', 'BGPK', 8594209150281, '1009-3'),
('BGPK000046', 'Henry orange', 'ks', 'PROD', 'BGPK', 8594209150557, '1009-4'),
('BGPK000047', 'Henry khaki', 'ks', 'PROD', 'BGPK', 8594209151547, '1009-5'),
('BGPK000048', 'Henry black světla', 'ks', 'PROD', 'BGPK', NULL, NULL),
('BGPK000049', 'Henry canvas black', 'ks', 'PROD', 'BGPK', 8594209150403, '1010-1'),
('BGPK000050', 'Henry canvas ecru/nude', 'ks', 'PROD', 'BGPK', 8594209150410, '1010-2'),
('BGPK000051', 'Klopista black', 'ks', 'PROD', 'BGPK', 8594209150427, '1011-01'),
('BGPK000052', 'Klopista khaki', 'ks', 'PROD', 'BGPK', 8594209150434, '1011-02'),
('BGPK000053', 'Roger black', 'ks', 'PROD', 'BGPK', 8594209150106, '1012-01'),
('BGPK000054', 'Roger khaki', 'ks', 'PROD', 'BGPK', 8594209150113, '1012-02'),
('BGPK000055', 'Haak', 'ks', 'PROD', 'BGPK', 8594209150267, '1013-01'),
('BGPK000056', 'Noir', 'ks', 'PROD', 'BGPK', 8594209150236, '1014'),
('BGPK000057', 'Rolltop cordura tan/red', 'ks', 'PROD', 'BGPK', 8594209150458, '1015-01'),
('BGPK000058', 'Rolltop cordura tan/black', 'ks', 'PROD', 'BGPK', 8594209150465, '1015-02'),
('BGPK000059', 'Rolltop cordura tan/khaki', 'ks', 'PROD', 'BGPK', 8594209150472, '1015-03'),
('BGPK000060', 'Rolltop cordura tan/navy', 'ks', 'PROD', 'BGPK', 8594209150489, '1015-04'),
('BGPK000061', 'Rolltop cordura navy/red', 'ks', 'PROD', 'BGPK', 8594209150496, '1015-05'),
('BGPK000062', 'Rolltop cordura navy/black', 'ks', 'PROD', 'BGPK', 8594209150502, '1015-06'),
('BGPK000063', 'Rolltop cordura blue/orange', 'ks', 'PROD', 'BGPK', 8594209150519, '1015-07'),
('BGPK000064', 'Rolltop cordura orange/navy', 'ks', 'PROD', 'BGPK', 8594209150526, '1015-08'),
('BGPK000065', 'Rolltop cordura red/navy', 'ks', 'PROD', 'BGPK', 8594209150533, '1015-09'),
('BGPK000066', 'Rolltop cordura yellow/black', 'ks', 'PROD', 'BGPK', 8594209150540, '1015-10'),
('BGPK000067', 'Hanna', 'ks', 'PROD', 'BGPK', 8594209150564, '1016-01'),
('BGPK000068', 'webbing tan', 'ks', 'PROD', 'BGPK', 8594209150571, '1017-1'),
('BGPK000069', 'webbing navy', 'ks', 'PROD', 'BGPK', 8594209150588, '1017-2'),
('BGPK000070', 'webbing grey', 'ks', 'PROD', 'BGPK', 8594209150595, '1017-3'),
('BGPK000071', 'webbing dark grey', 'ks', 'PROD', 'BGPK', 8594209150601, '1017-4'),
('BGPK000072', 'webbing khaki', 'ks', 'PROD', 'BGPK', 8594209150182, '1017-5'),
('BGPK000073', 'webbing orange', 'ks', 'PROD', 'BGPK', 8594209150618, '1017-6'),
('BGPK000074', 'webbing black', 'ks', 'PROD', 'BGPK', 8594209150625, '1017-7'),
('BGPK000075', 'webbing white', 'ks', 'PROD', 'BGPK', 8594209150632, '1017-8'),
('BGPK000076', 'webbing khaki/orange', 'ks', 'PROD', 'BGPK', 8594209151660, '1017-9'),
('BGPK000077', 'Hertil black', 'ks', 'PROD', 'BGPK', 8594209150649, '1018-01'),
('BGPK000078', 'Hertil navy', 'ks', 'PROD', 'BGPK', 8594209150656, '1018-02'),
('BGPK000079', 'Hertil khaki', 'ks', 'PROD', 'BGPK', 8594209151677, '1018-03'),
('BGPK000080', 'Hertil x-pac black', 'ks', 'PROD', 'BGPK', 8594209151936, NULL),
('BGPK000081', 'Hertil x-pac yellow', 'ks', 'PROD', 'BGPK', 8594209151943, NULL),
('BGPK000082', 'Hertil x-pac purple', 'ks', 'PROD', 'BGPK', 8594209151950, NULL),
('BGPK000083', 'Hertil x-pac white', 'ks', 'PROD', 'BGPK', 8594209151967, NULL),
('BGPK000084', 'Kira black', 'ks', 'PROD', 'BGPK', 8594209150663, '1019-01'),
('BGPK000085', 'Kira khaki', 'ks', 'PROD', 'BGPK', 8594209150670, '1019-02'),
('BGPK000086', 'Kira orange', 'ks', 'PROD', 'BGPK', 8594209150687, '1019-03'),
('BGPK000087', 'Kira navy', 'ks', 'PROD', 'BGPK', 8594209150694, '1019-04'),
('BGPK000088', 'Kira dark grey', 'ks', 'PROD', 'BGPK', 8594209150700, '1019-05'),
('BGPK000089', 'Levo black', 'ks', 'PROD', 'BGPK', 8594209150120, '1020-01'),
('BGPK000090', 'Levo dark grey', 'ks', 'PROD', 'BGPK', 8594209150007, '1020-02'),
('BGPK000091', 'Levo khaki', 'ks', 'PROD', 'BGPK', 8594209150137, '1020-03'),
('BGPK000092', 'Levo navy', 'ks', 'PROD', 'BGPK', 8594209151684, '1020-04'),
('BGPK000093', 'rolltop canvas yellow/nude', 'ks', 'PROD', 'BGPK', 8594209151011, '1021-01'),
('BGPK000094', 'rolltop canvas magenta/nude', 'ks', 'PROD', 'BGPK', 8594209151066, '1021-02'),
('BGPK000095', 'rolltop canvas khaki/nude', 'ks', 'PROD', 'BGPK', 8594209151042, '1021-03'),
('BGPK000096', 'rolltop canvas black/nude', 'ks', 'PROD', 'BGPK', 8594209151059, '1021-04'),
('BGPK000097', 'rolltop canvas grey/nude', 'ks', 'PROD', 'BGPK', 8594209151691, '1021-05'),
('BGPK000098', 'rolltop canvas khaki/black', 'ks', 'PROD', 'BGPK', 8594209151035, '1021-06'),
('BGPK000099', 'rolltop canvas magenta/black', 'ks', 'PROD', 'BGPK', 8594209151707, '1021-07'),
('BGPK000100', 'rolltop canvas grey/black', 'ks', 'PROD', 'BGPK', 8594209151028, '1021-08'),
('BGPK000101', 'rolltop canvas red/black', 'ks', 'PROD', 'BGPK', 8594209151714, '1021-09'),
('BGPK000102', 'rolltop canvas blue/nude', 'ks', 'PROD', 'BGPK', NULL, NULL),
('BGPK000103', 'Foxy', 'ks', 'PROD', 'BGPK', 8594209150724, '1023'),
('BGPK000104', 'Mika black', 'ks', 'PROD', 'BGPK', 8594209150748, '1025-05'),
('BGPK000105', 'Nico', 'ks', 'PROD', 'BGPK', 8594209150793, '1026'),
('BGPK000106', 'Purista ecru/black', 'ks', 'PROD', 'BGPK', 8594209150816, '1028-01'),
('BGPK000107', 'Purista ecru/nude', 'ks', 'PROD', 'BGPK', 8594209150823, '1028-02'),
('BGPK000108', 'Rolltop X-Pac black', 'ks', 'PROD', 'BGPK', 8594209151769, '1032-01'),
('BGPK000109', 'Rolltop X-Pac yellow', 'ks', 'PROD', 'BGPK', 8594209151776, '1032-02'),
('BGPK000110', 'Rolltop X-Pac purple', 'ks', 'PROD', 'BGPK', 8594209151783, '1032-03'),
('BGPK000111', 'Henry Bot AI', 'ks', 'PROD', 'BGPK', 8594209151738, '1033'),
('BGPK000112', 'Ayo S', 'ks', 'PROD', 'BGPK', NULL, NULL);

-- --------------------------------------------------------

--
-- Struktura tabulky `soh_pro`
--

CREATE TABLE `soh_pro` (
  `product_code` varchar(10) COLLATE utf8mb4_czech_ci NOT NULL,
  `qty` decimal(10,0) NOT NULL,
  `location_code` varchar(5) COLLATE utf8mb4_czech_ci NOT NULL
) ENGINE=InnoDB DEFAULT CHARSET=utf8mb4 COLLATE=utf8mb4_czech_ci;

-- --------------------------------------------------------

--
-- Struktura tabulky `stock_on_hand`
--

CREATE TABLE `stock_on_hand` (
  `part_number` varchar(10) COLLATE utf8mb4_czech_ci NOT NULL,
  `description` varchar(50) COLLATE utf8mb4_czech_ci NOT NULL,
  `qty` decimal(10,3) NOT NULL,
  `unit_code` varchar(5) COLLATE utf8mb4_czech_ci NOT NULL,
  `location_code` varchar(5) COLLATE utf8mb4_czech_ci NOT NULL
) ENGINE=InnoDB DEFAULT CHARSET=utf8mb4 COLLATE=utf8mb4_czech_ci;

--
-- Vypisuji data pro tabulku `stock_on_hand`
--

INSERT INTO `stock_on_hand` (`part_number`, `description`, `qty`, `unit_code`, `location_code`) VALUES
('BRND000001', 'tkaná etiketa kosočtv. ČB Braasi Industry', 9842.000, 'ks', 'BRA'),
('BRND000001', 'tkaná etiketa kosočtv. ČB Braasi Industry', 10.000, 'ks', 'CHO'),
('BRND000001', 'tkaná etiketa kosočtv. ČB Braasi Industry', 1.000, 'ks', 'KVE'),
('BRND000001', 'tkaná etiketa kosočtv. ČB Braasi Industry', 0.000, 'ks', 'TEN'),
('BRND000002', 'tkaná etiketa kosočtv. ČB Braasi Industry baby', 0.000, 'ks', 'BRA'),
('BRND000003', 'tkaná etiketa přežehlená černobílá B/IN', 0.000, 'ks', 'BRA'),
('BRND000003', 'tkaná etiketa přežehlená černobílá B/IN', 2.000, 'ks', 'KVE'),
('BRND000003', 'tkaná etiketa přežehlená černobílá B/IN', 0.000, 'ks', 'TEN'),
('BRND000003', 'tkaná etiketa přežehlená černobílá B/IN', 0.000, 'ks', 'UNI'),
('BRND000004', 'tkaná etiketa přežehlená úzká čepice', 4499.000, 'ks', 'BRA'),
('BRND000004', 'tkaná etiketa přežehlená úzká čepice', 2.000, 'ks', 'CHO'),
('BRND000005', 'tkaná etiketa kosočtv. meděná Braasi Industry', 3000.000, 'ks', 'BRA'),
('BRND000006', 'tkaná etiketa X-PAC', 0.000, 'ks', 'BRA'),
('BRND000007', 'tkaná etiketa OUTLAST', 0.000, 'ks', 'BRA'),
('BRND000008', 'tkaná etiketa ROBE', 500.000, 'ks', 'BRA'),
('BRND000009', 'tkaná etiketa DIRECT', 300.000, 'ks', 'BRA'),
('BRND000010', 'tkaná etiketa SEYFOR', 700.000, 'ks', 'BRA'),
('BRND000011', 'tkaná etiketa PPF/ BRAASI', 100.000, 'ks', 'BRA'),
('BRND000012', 'tkaná etiketa ČESKO DIGITAL', 900.000, 'ks', 'BRA'),
('BRND000013', 'tkaná etiketa WE ARE PUBLICIS', 580.000, 'ks', 'BRA'),
('BRND000014', 'tkaná etiketa CLEVERHOOD', 100.000, 'ks', 'BRA'),
('BRND000015', 'tkaná etiketa CLEVERHOOD/ BRAASI', 850.000, 'ks', 'BRA'),
('BRND000016', 'tkaná etiketa WINQS', 1000.000, 'ks', 'BRA'),
('BRND000017', 'tkaná etiketa GARAGE 22', 1000.000, 'ks', 'BRA'),
('BRND000018', 'tkaná etiketa BEEFEATER', 900.000, 'ks', 'BRA'),
('BRND000019', 'tkaná etiketa JOHNNIE WALKER', 1000.000, 'ks', 'BRA'),
('BRND000020', 'tkaná etiketa HORALKY', 1200.000, 'ks', 'BRA'),
('BRND000021', 'Kožené logo pilsner', 50.000, 'ks', 'BRA'),
('BRND000022', 'tkaná etiketa CANVA', 900.000, 'ks', 'BRA'),
('BRND000023', 'Kartička Outlast', 0.000, 'ks', 'BRA'),
('BRND000024', 'Kartička x-pac', 0.000, 'ks', 'BRA'),
('FBRK000001', 'Kortexin černý', 259.150, 'm2', 'BRA'),
('FBRK000001', 'Kortexin černý', 0.000, 'm2', 'KVE'),
('FBRK000002', 'Kortexin žlutý', 108.750, 'm2', 'BRA'),
('FBRK000002', 'Kortexin žlutý', 0.250, 'm2', 'KVE'),
('FBRK000002', 'Kortexin žlutý', 0.000, 'm2', 'TEN'),
('FBRK000003', 'Kortexin bílý', 82.625, 'm2', 'BRA'),
('FBRK000004', 'Kortexin červený', 0.000, 'm2', 'BRA'),
('FBRK000005', 'Kortexin sv.šedá', 0.000, 'm2', 'BRA'),
('FBRK000006', 'Kortexin hnědý', 30.000, 'm2', 'BRA'),
('FBRK000007', 'Kortexin oranžový', 60.000, 'm2', 'BRA'),
('FBRK000008', 'černý PES s PVC zátěrem', 0.000, 'm2', 'BRA'),
('FBRK000009', 'žlutý PES s PVC zátěrem', 0.000, 'm2', 'BRA'),
('FBRK000010', '3D tkanina', 0.000, 'm2', 'BRA'),
('FBRK000011', 'Outlast', 0.000, 'm2', 'BRA'),
('FBRK000012', 'Ubeon žlutá', 0.000, 'm2', 'BRA'),
('FBRK000013', 'Ubeon světle šedá', 21.820, 'm2', 'BRA'),
('FBRK000014', 'Ubeon modrá', 149.250, 'm2', 'BRA'),
('FBRK000015', 'Ubeon se zátěrem bílá', 147.900, 'm2', 'BRA'),
('FBRK000016', 'Ulsedan zářivě žlutá', 78.000, 'm2', 'BRA'),
('FBRK000017', 'Ulsedan zářivě oranžová', 71.500, 'm2', 'BRA'),
('FBRK000017', 'Ulsedan zářivě oranžová', 1.400, 'm2', 'CHO'),
('FBRK000018', 'Ulsedan zářivě zelená', 15.600, 'm2', 'BRA'),
('FBRK000019', 'Ulsedan modrá', 23.400, 'm2', 'BRA'),
('FBRK000020', 'Ulsedan černá', 54.600, 'm2', 'BRA'),
('FBRK000021', 'Ulsedan zelená plzeňská', 23.400, 'm2', 'BRA'),
('FBRK000022', 'Ulsedan khaki', 0.000, 'm2', 'BRA'),
('FBRK000023', 'Ulsedan olivová', 0.000, 'm2', 'BRA'),
('FBRK000024', 'Ulsedan červená', 0.000, 'm2', 'BRA'),
('FBRK000025', 'Ulsedan fialová', 39.000, 'm2', 'BRA'),
('FBRK000026', 'Ulsedan limetkově zelená', 15.600, 'm2', 'BRA'),
('FBRK000027', 'Ulsedan aquamarin modrá', 7.800, 'm2', 'BRA'),
('FBRK000028', 'Uzaron fialová', 22.500, 'm2', 'BRA'),
('FBRK000029', 'Uzaron červená', 48.000, 'm2', 'BRA'),
('FBRK000030', 'Uzaron růžová', 15.000, 'm2', 'BRA'),
('FBRK000031', 'Uzaron žlutá', 0.000, 'm2', 'BRA'),
('FBRK000032', 'Uzaron královská modrá', 49.500, 'm2', 'BRA'),
('FBRK000033', 'Uzaron černá', 145.460, 'm2', 'BRA'),
('FBRK000033', 'Uzaron černá', 0.020, 'm2', 'KVE'),
('FBRK000034', 'Uzaron zářivě žlutá', 30.000, 'm2', 'BRA'),
('FBRK000035', 'Uzaron tmavě šedá', 76.500, 'm2', 'BRA'),
('FBRK000036', 'Padákovina černá', 67.500, 'm2', 'BRA'),
('FBRK000037', 'Padákovina khaki', 15.000, 'm2', 'BRA'),
('FBRK000038', 'Padákovina stříbrná', 52.500, 'm2', 'BRA'),
('FBRK000039', 'Padákovina navy', 37.500, 'm2', 'BRA'),
('FBRK000040', 'Padákovina bílá', 45.000, 'm2', 'BRA'),
('FBRK000041', 'Cordura CZ 1100 černá PU zátěr', 300.000, 'm2', 'BRA'),
('FBRK000042', 'Cordura CZ 1100 khaki PU zátěr', 7.500, 'm2', 'BRA'),
('FBRK000043', 'Cordura CZ 500 ripstop černá', 60.000, 'm2', 'BRA'),
('FBRK000044', 'Cordura CZ 500 ripstop khaki', 0.000, 'm2', 'BRA'),
('FBRK000045', 'Cordura Belgická \"UKORET\" 1100 černá', 31500.000, 'm2', 'BRA'),
('FBRK000046', 'Cordura DE 1100 černá AC zátěr', 0.000, 'm2', 'BRA'),
('FBRK000047', 'Cordura DE 1100 navy AC zátěr', 135.000, 'm2', 'BRA'),
('FBRK000048', 'Cordura DE 1100 oranžová AC zátěr', 45.000, 'm2', 'BRA'),
('FBRK000049', 'Cordura DE 1100 červená AC zátěr', 22.800, 'm2', 'BRA'),
('FBRK000050', 'Cordura DE 1100 modrá AC zátěr', 22.500, 'm2', 'BRA'),
('FBRK000051', 'Cordura DE 1100 žlutá AC zátěr', 60.000, 'm2', 'BRA'),
('FBRK000052', 'Cordura DE 1100 ecru AC zátěr', 75.000, 'm2', 'BRA'),
('FBRK000053', 'Cordura DE 1100 tmavě šedá AC zátěr', 75.000, 'm2', 'BRA'),
('FBRK000054', 'Cordura DE 1100 khaki AC zátěr', 71.000, 'm2', 'BRA'),
('FBRK000055', 'Cordura DE 1100 kávová AC zátěr', 22.500, 'm2', 'BRA'),
('FBRK000056', 'Cordura DE 1100 trávově zelená AC zátěr', 15.000, 'm2', 'BRA'),
('FBRK000057', 'Cordura DE 1100 coyote AC zátěr', 4.500, 'm2', 'BRA'),
('FBRK000058', 'Cordura DE 1100 jarní zelená AC zátěr', 4.500, 'm2', 'BRA'),
('FBRK000059', 'Cordura DE 1100 tan AC zátěr', 18.600, 'm2', 'BRA'),
('FBRK000060', 'Cordura DE 1100 akvamarin AC zátěr', 7.500, 'm2', 'BRA'),
('FBRK000061', 'Cordura DE 1100 khaki PVC zátěr', 3.000, 'm2', 'BRA'),
('FBRK000062', 'Cordura DE 1100 šedá AC zátěr', 60.000, 'm2', 'BRA'),
('FBRK000063', 'Cordura DE 1100 fialová AC zátěr', 7.500, 'm2', 'BRA'),
('FBRK000064', 'Cordura DE 1100 zlatá AC zátěr', 4.500, 'm2', 'BRA'),
('FBRK000065', 'Cordura DE 1100 tmavě zelená AC zátěr', 15.000, 'm2', 'BRA'),
('FBRK000066', 'Cordura DE 1100 armádní zelená AC zátěr', 4.500, 'm2', 'BRA'),
('FBRK000067', 'Cordura DE 1100 olivově zelená AC zátěr', 22.500, 'm2', 'BRA'),
('FBRK000068', 'Cordura DE 1100 růžová AC zátěr', 3.000, 'm2', 'BRA'),
('FBRK000069', 'Cordura CZ 500 černá PU zátěr', 36.010, 'm2', 'BRA'),
('FBRK000069', 'Cordura CZ 500 černá PU zátěr', 0.440, 'm2', 'CHO'),
('FBRK000069', 'Cordura CZ 500 černá PU zátěr', 0.250, 'm2', 'KVE'),
('FBRK000069', 'Cordura CZ 500 černá PU zátěr', 0.000, 'm2', 'TEN'),
('FBRK000070', 'Cordura DE 500 černá PU zátěr', 441.750, 'm2', 'BRA'),
('FBRK000071', 'Cordura DE 500 navy AC zátěr', 0.980, 'm2', 'BRA'),
('FBRK000071', 'Cordura DE 500 navy AC zátěr', 7.500, 'm2', 'KVE'),
('FBRK000071', 'Cordura DE 500 navy AC zátěr', 12.000, 'm2', 'UNI'),
('FBRK000072', 'Cordura DE 500 oranžová AC zátěr', 0.000, 'm2', 'BRA'),
('FBRK000073', 'Cordura DE 500 žlutá AC zátěr', 337.500, 'm2', 'BRA'),
('FBRK000074', 'Cordura DE 500 bílá AC zátěr', 72.600, 'm2', 'BRA'),
('FBRK000075', 'Cordura DE 500 světle modrá AC zátěr', 67.500, 'm2', 'BRA'),
('FBRK000076', 'Cordura DE 500 šedá PU zátěr', 105.000, 'm2', 'BRA'),
('FBRK000076', 'Cordura DE 500 šedá PU zátěr', 0.000, 'm2', 'TEN'),
('FBRK000077', 'Cordura DE 500 tmavě šedá/zelená AC zátěr', 180.000, 'm2', 'BRA'),
('FBRK000078', 'Cordura DE 500 hnědá AC zátěr', 15.000, 'm2', 'BRA'),
('FBRK000079', 'Cordura DE 500 zářivě žlutá AC zátěr', 15.000, 'm2', 'BRA'),
('FBRK000080', 'Cordura DE 500 blankytně modrá AC zátěr', 15.000, 'm2', 'BRA'),
('FBRK000081', 'Cordura DE 500 světle šedá AC zátěr', 45.000, 'm2', 'BRA'),
('FBRK000082', 'Cordura DE 500 červená AC zátěr', 75.000, 'm2', 'BRA'),
('FBRK000083', 'Cordura DE 500 khaki AC zátěr', 30.000, 'm2', 'BRA'),
('FBRK000084', 'Cordura DE 500 vínová AC zátěr', 30.000, 'm2', 'BRA'),
('FBRK000085', 'Cordura DE 500 tan AC zátěr', 0.000, 'm2', 'BRA'),
('FBRK000086', 'Xpac VX21 black', 3.000, 'm2', 'BRA'),
('FBRK000086', 'Xpac VX21 black', 2.250, 'm2', 'CHO'),
('FBRK000087', 'Xpac VX21 purple', 37.500, 'm2', 'BRA'),
('FBRK000088', 'Xpac VX21 yellow', 60.000, 'm2', 'BRA'),
('FBRK000089', 'Xpac VX21 white', 0.000, 'm2', 'BRA'),
('FBRK000090', 'Xpac RX36/DWR black', 60.000, 'm2', 'BRA'),
('FBRK000091', 'Xpac RX36/DWR white', 0.000, 'm2', 'BRA'),
('FBRK000092', 'Xpac RX30/DWR black', 42.000, 'm2', 'BRA'),
('FBRK000093', 'Xpac RX15/DWR white', 7.000, 'm2', 'BRA'),
('FBRK000094', 'Xpac VX07 RS black (ripstop)', 15.000, 'm2', 'BRA'),
('FBRK000095', 'Xpac X10/DWR naturale', 14.000, 'm2', 'BRA'),
('FBRK000096', 'Xpac LS21 grey', 0.000, 'm2', 'BRA'),
('FBRK000097', 'Xpac LS21 black', 0.000, 'm2', 'BRA'),
('FBRK000098', 'Patrik Antzcak tisk', 0.000, 'm2', 'BRA'),
('FBRK000099', 'Paperjoe tisk', 0.000, 'm2', 'BRA'),
('FBRK000100', 'Bavlna CZ černá', 0.000, 'm2', 'BRA'),
('FBRK000101', 'Bavlna IT impregnace černá', 11.250, 'm2', 'BRA'),
('FBRK000101', 'Bavlna IT impregnace černá', 0.000, 'm2', 'KVE'),
('FBRK000102', 'Bavlna IT oranžová', 97.500, 'm2', 'BRA'),
('FBRK000103', 'Bavlna CZ khaki', 75.000, 'm2', 'BRA'),
('FBRK000104', 'Bavlna IT přírodní', 270.000, 'm2', 'BRA'),
('FBRK000105', 'Bavlna CZ přírodní', 45.000, 'm2', 'BRA'),
('FBRK000106', 'Bavlna CZ žlutá', 30.000, 'm2', 'BRA'),
('FBRK000107', 'Bavlna CZ tmavě žlutá', 30.000, 'm2', 'BRA'),
('FBRK000108', 'Bavlna CZ magenta', 8.250, 'm2', 'BRA'),
('FBRK000109', 'Bavlna CZ červená', 7.500, 'm2', 'BRA'),
('FBRK000110', 'Bavlna CZ modrá', 45.000, 'm2', 'BRA'),
('FBRK000111', 'Bavlna England (monocle) khaki', 67.500, 'm2', 'BRA'),
('FBRK000112', 'Bavlna England (monocle) navy', 118.500, 'm2', 'BRA'),
('FBRK000113', 'Bavlna IT šedá', 0.000, 'm2', 'BRA'),
('FBRK000114', 'podložení molitanu záda', 504.445, 'm2', 'BRA'),
('FBRK000114', 'podložení molitanu záda', 0.190, 'm2', 'KVE'),
('FBRK000114', 'podložení molitanu záda', 0.000, 'm2', 'TEN'),
('FLNG000001', 'Molitan 2 cm', 11.700, 'm2', 'BRA'),
('FLNG000001', 'Molitan 2 cm', 0.100, 'm2', 'KVE'),
('FLNG000001', 'Molitan 2 cm', 0.000, 'm2', 'TEN'),
('FLNG000002', 'EVA pěna 10 mm', 12.975, 'm2', 'BRA'),
('FLNG000002', 'EVA pěna 10 mm', 0.075, 'm2', 'KVE'),
('FLNG000003', 'Eva pěna 6 mm', 0.000, 'm2', 'BRA'),
('FLNG000004', 'Eva pěna 2 mm', 7.000, 'm2', 'BRA'),
('HRDW000001', 'YKK samice 25 mm černá', 2708.000, 'ks', 'BRA'),
('HRDW000001', 'YKK samice 25 mm černá', 2.000, 'ks', 'KVE'),
('HRDW000002', 'YKK samec 25 mm černá', 4474.000, 'ks', 'BRA'),
('HRDW000002', 'YKK samec 25 mm černá', 2.000, 'ks', 'KVE'),
('HRDW000003', 'YKK samec 25 mm černá EVO', 3700.000, 'ks', 'BRA'),
('HRDW000004', 'YKK samice 25 mm černá EVO', 5446.000, 'ks', 'BRA'),
('HRDW000005', 'YKK samice 20 mm černá', 1398.000, 'ks', 'BRA'),
('HRDW000005', 'YKK samice 20 mm černá', 1.000, 'ks', 'KVE'),
('HRDW000005', 'YKK samice 20 mm černá', 0.000, 'ks', 'TEN'),
('HRDW000006', 'YKK samec 20 mm černá', 1931.000, 'ks', 'BRA'),
('HRDW000006', 'YKK samec 20 mm černá', 1.000, 'ks', 'KVE'),
('HRDW000006', 'YKK samec 20 mm černá', 0.000, 'ks', 'TEN'),
('HRDW000007', 'YKK samec 16 mm černá', 713.000, 'ks', 'BRA'),
('HRDW000008', 'YKK samice 16 mm černá', 708.000, 'ks', 'BRA'),
('HRDW000009', 'YKK žebříček 16 mm černá', 757.000, 'ks', 'BRA'),
('HRDW000010', 'YKK žebříček 20 mm černá', 2792.000, 'ks', 'BRA'),
('HRDW000010', 'YKK žebříček 20 mm černá', 0.000, 'ks', 'KVE'),
('HRDW000011', 'YKK žebříček 25 mm černá', 2149.000, 'ks', 'BRA'),
('HRDW000011', 'YKK žebříček 25 mm černá', 0.000, 'ks', 'TEN'),
('HRDW000012', 'YKK žebříček 25 mm černá WICKER', 929.000, 'ks', 'BRA'),
('HRDW000012', 'YKK žebříček 25 mm černá WICKER', 2.000, 'ks', 'KVE'),
('HRDW000013', 'YKK očko 18 mm černá', 927.000, 'ks', 'BRA'),
('HRDW000014', 'YKK očko 20 mm černá', 4392.000, 'ks', 'BRA'),
('HRDW000014', 'YKK očko 20 mm černá', 4.000, 'ks', 'KVE'),
('HRDW000015', 'YKK očko 25 mm černá', 2597.000, 'ks', 'BRA'),
('HRDW000015', 'YKK očko 25 mm černá', 154.000, 'ks', 'CHO'),
('HRDW000015', 'YKK očko 25 mm černá', 12.000, 'ks', 'KVE'),
('HRDW000016', 'YKK očko 40 mm černá', 713.000, 'ks', 'BRA'),
('HRDW000017', 'YKK zip černý pogumovaný', 6.900, 'm', 'BRA'),
('HRDW000017', 'YKK zip černý pogumovaný', 1.600, 'm', 'CHO'),
('HRDW000018', 'YKK 5 zip černý reverzní', 713.900, 'm', 'BRA'),
('HRDW000018', 'YKK 5 zip černý reverzní', 0.800, 'm', 'CHO'),
('HRDW000018', 'YKK 5 zip černý reverzní', 0.750, 'm', 'KVE'),
('HRDW000018', 'YKK 5 zip černý reverzní', 0.000, 'm', 'TEN'),
('HRDW000019', 'YKK jezdec 5E černá', 3131.000, 'ks', 'BRA'),
('HRDW000019', 'YKK jezdec 5E černá', 2.000, 'ks', 'KVE'),
('HRDW000019', 'YKK jezdec 5E černá', 0.000, 'ks', 'TEN'),
('HRDW000020', 'YKK jezdec 5EJ černá', 1076.000, 'ks', 'BRA'),
('HRDW000020', 'YKK jezdec 5EJ černá', 6.000, 'ks', 'CHO'),
('HRDW000021', 'YKK klíčenka černá', 1280.000, 'ks', 'BRA'),
('HRDW000022', 'YKK D-kroužek černá', 648.000, 'ks', 'BRA'),
('HRDW000023', 'YKK karabina černá', 192.000, 'ks', 'BRA'),
('HRDW000024', 'YKK trojzubec 50 mm černá (samec+samice)', 99.000, 'ks', 'BRA'),
('HRDW000025', 'YKK bikeroller přezka', 702.000, 'ks', 'BRA'),
('HRDW000026', 'YKK jezdec 5E bílý', 500.000, 'ks', 'BRA'),
('HRDW000027', 'YKK průvleky 20 mm', 184.000, 'ks', 'BRA'),
('HRDW000028', 'trojzubec 40 mm černá (samec+samice)', 49.000, 'ks', 'BRA'),
('HRDW000029', 'žebříček 40 mm černá CROSSBODY', 179.000, 'ks', 'BRA'),
('HRDW000030', 'YKK zip 28 cm žlutý', 25.000, 'ks', 'BRA'),
('HRDW000031', 'YKK zip 28 cm bílý', 15.000, 'ks', 'BRA'),
('HRDW000031', 'YKK zip 28 cm bílý', 5.000, 'ks', 'CHO'),
('HRDW000031', 'YKK zip 28 cm bílý', 5.000, 'ks', 'KVE'),
('HRDW000032', 'YKK zip kovový 18 cm černý', 190.000, 'ks', 'BRA'),
('HRDW000033', 'YKK zip kovový 18 cm bílý', 70.000, 'ks', 'BRA'),
('HRDW000034', 'Massag zip kovový 18 cm černý', 10.000, 'ks', 'BRA'),
('HRDW000035', 'YKK zip spirálový reverzní 5 CI černá', 200.000, 'm', 'BRA'),
('HRDW000036', 'YKK zip kovový 46 cm černý', 33.000, 'ks', 'BRA'),
('HRDW000037', 'YKK zip kovový 29 cm černý', 24.000, 'ks', 'BRA'),
('HRDW000038', 'YKK zip kovový 25 cm černý', 14.000, 'ks', 'BRA'),
('HRDW000039', 'Fidlock V-BUCKLE 20 mm jednostranně nastavitelná', 500.000, 'ks', 'BRA'),
('HRDW000040', 'Fidlock V-BUCKLE 25 mm jednostranně nastavitelná', 138.000, 'ks', 'BRA'),
('HRDW000041', 'Fidlock V-BUCKLE 40 LL 40 mm nastavitelná černá', 224.000, 'ks', 'BRA'),
('HRDW000042', 'Fidlock V-BUCKLE 40 SB 40 mm fix černá', 0.000, 'ks', 'BRA'),
('HRDW000043', 'Fidlock HOOK 40 belt LL', 2.000, 'ks', 'BRA'),
('HRDW000044', 'Fidlock přezka 20 mm stříbrná', 26.000, 'ks', 'BRA'),
('HRDW000045', 'Fidlock Stripe X3', 3.000, 'ks', 'BRA'),
('HRDW000046', 'Fidlock Coinstrap 15 mm na helmu', 3.000, 'ks', 'BRA'),
('HRDW000047', 'Fidlock SNAP špuntík samec M kulatá nízká černá', 24.000, 'ks', 'BRA'),
('HRDW000048', 'Fidlock SNAP špuntík samice M kulatá nízká černá', 524.000, 'ks', 'BRA'),
('HRDW000049', 'Fidlock SNAP samec S na gumičku', 242.000, 'ks', 'BRA'),
('HRDW000050', 'Fidlock SNAP samice S kulatá nízká černá', 134.000, 'ks', 'BRA'),
('HRDW000051', 'Fidlock SNAP male M 25 adjuster k rolce', 183.000, 'ks', 'BRA'),
('HRDW000052', 'Fidlock HOOK 20 na gumičku černá', 18.000, 'ks', 'BRA'),
('HRDW000053', 'WeTool kovový žebříček 20 mm černá', 400.000, 'ks', 'BRA'),
('HRDW000054', 'WeTool kovový žebříček 25 mm černá', 105.000, 'ks', 'BRA'),
('HRDW000054', 'WeTool kovový žebříček 25 mm černá', 4.000, 'ks', 'CHO'),
('HRDW000055', 'WeTool kovový G-Hook 20 mm levá černá', 171.000, 'ks', 'BRA'),
('HRDW000055', 'WeTool kovový G-Hook 20 mm levá černá', 2.000, 'ks', 'CHO'),
('HRDW000056', 'WeTool kovový G-Hook 20 mm pravá černá', 67.000, 'ks', 'BRA'),
('HRDW000057', 'WeTool kovový G-Hook 25 mm pravá otvírák černý', 63.000, 'ks', 'BRA'),
('HRDW000058', 'WeTool kovový H-Hook 25 mm černá', 366.000, 'ks', 'BRA'),
('HRDW000058', 'WeTool kovový H-Hook 25 mm černá', 4.000, 'ks', 'CHO'),
('HRDW000059', 'WeTool kovový karabina 20 mm černá', 393.000, 'ks', 'BRA'),
('HRDW000059', 'WeTool kovový karabina 20 mm černá', 2.000, 'ks', 'CHO'),
('HRDW000060', 'WeTool kovový protikus karabina 20 mm černá', 615.000, 'ks', 'BRA'),
('HRDW000061', 'WeTool kovová karabina obdélníková 20 mm černá', 173.000, 'ks', 'BRA'),
('HRDW000061', 'WeTool kovová karabina obdélníková 20 mm černá', 2.000, 'ks', 'CHO'),
('HRDW000062', 'WeTool kovová karabina obdélníková 10 mm černá', 180.000, 'ks', 'BRA'),
('HRDW000063', 'WeTool kovová karabina otočná 20 mm černá', 198.000, 'ks', 'BRA'),
('HRDW000064', 'WeTool kovové D-očko 20 mm černá', 98.000, 'ks', 'BRA'),
('HRDW000065', 'WeTool kovové hawkeye toggle 25 mm černá', 0.000, 'ks', 'BRA'),
('HRDW000066', 'titanová žabka Austere 20 mm', 17.000, 'ks', 'BRA'),
('HRDW000067', 'optic fibre lighting', 19.000, 'ks', 'BRA'),
('HRDW000068', 'PJ trojzubec 25 mm bílá (samec+samice)', 41.000, 'ks', 'BRA'),
('HRDW000069', 'PJ žebříček 25 mm bílá', 6.000, 'ks', 'BRA'),
('HRDW000070', 'PJ žebříček 20 mm bílá', 3.000, 'ks', 'BRA'),
('HRDW000071', 'PJ samec 20 mm bílá', 2.000, 'ks', 'BRA'),
('HRDW000072', 'PJ samice 20 mm bílá', 1.000, 'ks', 'BRA'),
('HRDW000073', 'PJ očko 20 mm bílá', 123.000, 'ks', 'BRA'),
('HRDW000074', 'PJ očko 20 mm černá', 273.000, 'ks', 'BRA'),
('HRDW000075', 'PJ očko 40 mm černá', 4.000, 'ks', 'BRA'),
('HRDW000076', 'PJ spona 20 mm bílá', 10.000, 'ks', 'BRA'),
('HRDW000077', 'PJ trojzubec 10 mm bílá (samec+samice)', 11.000, 'ks', 'BRA'),
('HRDW000078', 'PJ trojzubec 10 mm khaki (samec+samice)', 0.000, 'ks', 'BRA'),
('HRDW000079', 'PJ trojzubec 20 mm bílá (samec+samice)', 0.000, 'ks', 'BRA'),
('HRDW000080', 'PJ trojzubec 10 mm černá', 18.000, 'ks', 'BRA'),
('HRDW000081', 'PJ karabina 20 mm černá', 2.000, 'ks', 'BRA'),
('HRDW000082', 'PJ karabina 30 mm černá', 2.000, 'ks', 'BRA'),
('HRDW000083', 'PJ trojzubec 30 mm černá', 1.000, 'ks', 'BRA'),
('HRDW000084', 'PJ žebříček 40 mm černá', 1.000, 'ks', 'BRA'),
('HRDW000085', 'PJ D-kroužek černá 20 mm', 185.000, 'ks', 'BRA'),
('HRDW000086', 'Massag kovový zebříček 20 mm měděný', 8.000, 'ks', 'BRA'),
('HRDW000087', 'Massag kovový žebříček 20 mm černá', 43.000, 'ks', 'BRA'),
('HRDW000088', 'Massag auto druk černá', 0.000, 'ks', 'BRA'),
('HRDW000089', 'Metal clash hook', 500.000, 'ks', 'BRA'),
('HRDW000090', 'Massag vsuvka kovová černá', 43.000, 'ks', 'BRA'),
('HRDW000091', 'Massag vsuvka kovová černá 20mm', 5000.000, 'ks', 'BRA'),
('HRDW000092', 'cordlock', 816.000, 'ks', 'BRA'),
('HRDW000092', 'cordlock', 4.000, 'ks', 'CHO'),
('HRDW000093', 'Tyčky', 0.000, 'ks', 'BRA'),
('LTHR000001', 'SILK 0842 černá', 114.440, 'm2', 'BRA'),
('LTHR000001', 'SILK 0842 černá', 0.000, 'm2', 'KVE'),
('LTHR000002', 'SILK 0250 rezavá', 90.000, 'm2', 'BRA'),
('LTHR000003', 'VENICE 64080 Albicocca', 29.640, 'm2', 'BRA'),
('LTHR000004', 'VENICE 64100 Black černá', 0.000, 'm2', 'BRA'),
('LTHR000005', 'VENICE 64030 Ecrú písková', 0.000, 'm2', 'BRA'),
('LTHR000006', 'VENICE 64150 Pervinca lila', 0.000, 'm2', 'BRA'),
('LTHR000007', 'VENICE 64150 Cloud Pink nude', 0.000, 'm2', 'BRA'),
('LTHR000008', 'VENICE 64110 Corallo lososová', 0.000, 'm2', 'BRA'),
('LTHR000009', 'VENICE 64040 Cappuccino bílá káva', 0.000, 'm2', 'BRA'),
('PCKG000001', 'papírová karta příběh + označení batohu', 0.000, 'ks', 'BRA'),
('PCKG000002', 'igelitový pytel s logem', 1243.000, 'ks', 'BRA'),
('PCKG000002', 'igelitový pytel s logem', 2.000, 'ks', 'CHO'),
('PCKG000002', 'igelitový pytel s logem', 1.000, 'ks', 'KVE'),
('PCKG000002', 'igelitový pytel s logem', 0.000, 'ks', 'TEN'),
('PCKG000003', 'krabice 51x38x7', 0.000, 'ks', 'BRA'),
('PCKG000004', 'lepící páska Braasi Industry', 1023.000, 'm', 'BRA'),
('PCKG000005', 'štítek Zásilkovna', 0.000, 'ks', 'BRA'),
('PCKG000006', 'štítek GLS', 0.000, 'ks', 'BRA'),
('PCKG000007', 'košilka', 0.000, 'ks', 'BRA'),
('STRP000001', 'popruh černý PAD 10 mm', 2969.400, 'm', 'BRA'),
('STRP000001', 'popruh černý PAD 10 mm', 3.600, 'm', 'CHO'),
('STRP000002', 'popruh černý PAD 16 mm', 7082.500, 'm', 'BRA'),
('STRP000003', 'popruh černý PAD 20 mm', 8446.500, 'm', 'BRA'),
('STRP000003', 'popruh černý PAD 20 mm', 3.600, 'm', 'CHO'),
('STRP000003', 'popruh černý PAD 20 mm', 2.100, 'm', 'KVE'),
('STRP000003', 'popruh černý PAD 20 mm', 0.000, 'm', 'TEN'),
('STRP000004', 'popruh černý PAD 25 mm', 2095.000, 'm', 'BRA'),
('STRP000004', 'popruh černý PAD 25 mm', 5.000, 'm', 'CHO'),
('STRP000004', 'popruh černý PAD 25 mm', 8.700, 'm', 'KVE'),
('STRP000004', 'popruh černý PAD 25 mm', 0.000, 'm', 'TEN'),
('STRP000005', 'popruh černý PAD 40 mm', 793.500, 'm', 'BRA'),
('STRP000005', 'popruh černý PAD 40 mm', 3.400, 'm', 'CHO'),
('STRP000005', 'popruh černý PAD 40 mm', 0.800, 'm', 'KVE'),
('STRP000006', 'lemovka černá PAD 25 mm', 1054.100, 'm', 'BRA'),
('STRP000006', 'lemovka černá PAD 25 mm', 16.400, 'm', 'CHO'),
('STRP000006', 'lemovka černá PAD 25 mm', 0.400, 'm', 'KVE'),
('STRP000007', 'lemovka černá PES 25 mm', 400.000, 'm', 'BRA'),
('STRP000007', 'lemovka černá PES 25 mm', 0.000, 'm', 'TEN'),
('STRP000008', 'pruženka černá 40 mm', 0.000, 'm', 'BRA'),
('STRP000009', 'pruženka černá 25 mm', 75.000, 'm', 'BRA'),
('STRP000010', 'popruh černý POP 10 mm', 300.000, 'm', 'BRA'),
('STRP000011', 'popruh černý struktura POP 16 mm', 40.000, 'm', 'BRA'),
('STRP000012', 'popruh černý hladký POP 16 mm', 50.000, 'm', 'BRA'),
('STRP000013', 'popruh černý vroubkatý POP 25 mm', 100.000, 'm', 'BRA'),
('STRP000014', 'popruh černý dutinka PES 55 mm', 30.000, 'm', 'BRA'),
('STRP000015', 'popruh černý bavlna 20 mm', 100.000, 'm', 'BRA'),
('STRP000016', 'popruh černý bavlna 25 mm', 50.000, 'm', 'BRA'),
('STRP000017', 'popruh černý bavlna 40 mm', 10.000, 'm', 'BRA'),
('STRP000018', 'popruh bílý POP 10 mm', 50.000, 'm', 'BRA'),
('STRP000019', 'popruh bílý PAD 20 mm', 350.000, 'm', 'BRA'),
('STRP000020', 'popruh bílý POP 20 mm', 50.000, 'm', 'BRA'),
('STRP000021', 'popruh bílý POP 25 mm', 50.000, 'm', 'BRA'),
('STRP000022', 'popruh přírodní bavlna 20 mm', 450.000, 'm', 'BRA'),
('STRP000023', 'popruh přírodní bavlna 30 mm', 50.000, 'm', 'BRA'),
('STRP000024', 'popruh královsky modrý POP 10 mm', 50.000, 'm', 'BRA'),
('STRP000025', 'popruh modrý PAD 20 mm', 175.000, 'm', 'BRA'),
('STRP000026', 'popruh blankytně modrý POP 20 mm', 40.000, 'm', 'BRA'),
('STRP000027', 'popruh zářivě oranžový PES 10 mm', 50.000, 'm', 'BRA'),
('STRP000028', 'popruh zářivě oranžový PES 16 mm', 50.000, 'm', 'BRA'),
('STRP000029', 'popruh zářivě oranžový PES 20 mm', 250.000, 'm', 'BRA'),
('STRP000030', 'popruh zářivě oranžový PES 25 mm', 50.000, 'm', 'BRA'),
('STRP000031', 'popruh oranžový PAD 20 mm', 150.000, 'm', 'BRA'),
('STRP000032', 'popruh červený POP 10 mm', 50.000, 'm', 'BRA'),
('STRP000033', 'popruh červený POP 20 mm', 50.000, 'm', 'BRA'),
('STRP000034', 'popruh červený POP 25 mm', 100.000, 'm', 'BRA'),
('STRP000035', 'popruh zářivě zelený PES 10 mm', 50.000, 'm', 'BRA'),
('STRP000036', 'popruh žlutý POP 10 mm', 50.000, 'm', 'BRA'),
('STRP000037', 'popruh tmavě šedý POP 10 mm', 50.000, 'm', 'BRA'),
('STRP000038', 'popruh světle šedý PAD 20 mm', 800.000, 'm', 'BRA'),
('STRP000039', 'popruh desertní PES 20 mm', 300.000, 'm', 'BRA'),
('STRP000040', 'popruh fialový POP 20 mm', 40.000, 'm', 'BRA'),
('STRP000041', 'popruh fialový POP 25 mm', 40.000, 'm', 'BRA'),
('STRP000042', 'popruh khaki bavlna 35 mm', 100.000, 'm', 'BRA'),
('STRP000043', 'popruh pruhovaný č,o,z,m,ž 25 mm', 50.000, 'm', 'BRA'),
('STRP000044', 'popruh pruhovaný š,f,š 30 mm', 50.000, 'm', 'BRA'),
('STRP000045', 'pryžové vlákno černá PES', 150.000, 'm', 'BRA'),
('STRP000046', 'gumolano červené 4mm', 100.000, 'm', 'BRA'),
('STRP000047', 'gumolano černé 4mm', 50.000, 'm', 'BRA'),
('STRP000048', 'oděvní vázačka bílý PES 3,5mm', 150.000, 'm', 'BRA'),
('STRP000049', 'oděvní vázačka černý PES 3,5 mm', 150.000, 'm', 'BRA'),
('STRP000050', 'oděvní vázačka žlutý PES 3,5 mm', 150.000, 'm', 'BRA'),
('STRP000051', 'paracorde modrá 3,5 mm', 100.000, 'm', 'BRA'),
('STRP000052', 'paracorde červený 3,5 mm', 76.950, 'm', 'BRA'),
('STRP000052', 'paracorde červený 3,5 mm', 1.400, 'm', 'CHO'),
('STRP000052', 'paracorde červený 3,5 mm', 0.450, 'm', 'KVE'),
('STRP000053', 'paracorde černý 3,5 mm', 56.950, 'm', 'BRA'),
('STRP000053', 'paracorde černý 3,5 mm', 4.800, 'm', 'CHO'),
('STRP000054', 'automobilové pásy 45mm', 200.000, 'm', 'BRA'),
('STRP000055', 'dutinka zlatá PAD 20 mm', 12.000, 'm', 'BRA'),
('STRP000056', 'suché zipy 10 mm háček', 54.500, 'm', 'BRA'),
('STRP000057', 'suché zipy 10 mm plyš', 4.500, 'm', 'BRA'),
('STRP000058', 'suché zipy 25 mm háček', 75.000, 'm', 'BRA'),
('STRP000059', 'suché zipy 25 mm plyš', 75.000, 'm', 'BRA'),
('STRP000060', 'suché zipy 30 mm háček', 46.450, 'm', 'BRA'),
('STRP000060', 'suché zipy 30 mm háček', 0.300, 'm', 'CHO'),
('STRP000061', 'suché zipy 30 mm plyš', 16.650, 'm', 'BRA'),
('STRP000061', 'suché zipy 30 mm plyš', 1.500, 'm', 'CHO'),
('STRP000062', 'suché zipy 50 mm plyš', 0.000, 'm', 'BRA'),
('STRP000063', 'suché zipy 50 mm háček', 0.000, 'm', 'BRA'),
('THRD000001', 'Ultrapoly 30 černá 999', 100580.000, 'm', 'BRA'),
('THRD000001', 'Ultrapoly 30 černá 999', 400.000, 'm', 'CHO'),
('THRD000001', 'Ultrapoly 30 černá 999', 250.000, 'm', 'KVE'),
('THRD000001', 'Ultrapoly 30 černá 999', 0.000, 'm', 'TEN'),
('THRD000002', 'Ultrapoly 30 modrá 549', 27360.000, 'm', 'BRA'),
('THRD000003', 'Ultrapoly 30 světle šedá 882', 62740.000, 'm', 'BRA'),
('THRD000004', 'Ultrapoly 30 žlutá 125', 67460.000, 'm', 'BRA'),
('THRD000004', 'Ultrapoly 30 žlutá 125', 40.000, 'm', 'KVE'),
('THRD000004', 'Ultrapoly 30 žlutá 125', 0.000, 'm', 'TEN'),
('THRD000005', 'Ultrapoly 30 královská modrá 556', 12000.000, 'm', 'BRA'),
('THRD000006', 'Ultrapoly 30 zářivě růžová 345', 28000.000, 'm', 'BRA'),
('THRD000007', 'Ultrapoly 30 neon oranžová 215', 7390.000, 'm', 'BRA'),
('THRD000007', 'Ultrapoly 30 neon oranžová 215', 60.000, 'm', 'CHO'),
('THRD000008', 'Ultrapoly 30 bílá 001', 56760.000, 'm', 'BRA'),
('THRD000008', 'Ultrapoly 30 bílá 001', 0.000, 'm', 'KVE'),
('THRD000009', 'Ultrapoly 30 modrá podšívka 658', 115800.000, 'm', 'BRA'),
('THRD000010', 'Ultrapoly 30 fialová 458', 16000.000, 'm', 'BRA'),
('THRD000011', 'Ultrapoly 30 přírodní 710', 19960.000, 'm', 'BRA'),
('THRD000012', 'Ultrapoly 30 vínová 344', 35500.000, 'm', 'BRA'),
('THRD000013', 'Ultrapoly 30 červená 337', 7840.000, 'm', 'BRA'),
('THRD000014', 'Ultrapoly 30 tmavě šedá 888', 36000.000, 'm', 'BRA'),
('THRD000014', 'Ultrapoly 30 tmavě šedá 888', 0.000, 'm', 'TEN'),
('THRD000015', 'Ultrapoly 30 desertní 1222', 31400.000, 'm', 'BRA'),
('THRD000016', 'Ultrapoly 30 neon žlutá 115', 12000.000, 'm', 'BRA'),
('THRD000017', 'Ultrapoly 30 foxy 273', 16000.000, 'm', 'BRA'),
('THRD000018', 'Ultrapoly 30 khaki', 0.000, 'm', 'BRA');

-- --------------------------------------------------------

--
-- Struktura tabulky `subcommodities`
--

CREATE TABLE `subcommodities` (
  `subcom_code` varchar(5) COLLATE utf8mb4_czech_ci NOT NULL,
  `subcom_name` varchar(25) COLLATE utf8mb4_czech_ci NOT NULL,
  `com_code` varchar(5) COLLATE utf8mb4_czech_ci NOT NULL
) ENGINE=InnoDB DEFAULT CHARSET=utf8mb4 COLLATE=utf8mb4_czech_ci;

--
-- Vypisuji data pro tabulku `subcommodities`
--

INSERT INTO `subcommodities` (`subcom_code`, `subcom_name`, `com_code`) VALUES
('', '', 'FBRK'),
('ACSR', 'Doplňky', 'PROD'),
('ADAC', 'Příslušenství', 'PROD'),
('APPR', 'Oblečení', 'PROD'),
('ASI', 'Látky Asie', 'FBRK'),
('BGPK', 'Batohy', 'PROD'),
('BIKE', 'Kolo', 'PROD'),
('CRD', 'Cordura', 'FBRK'),
('CTN', 'Bavlna', 'FBRK'),
('FNC', 'Funkční látky', 'FBRK'),
('FND', 'Podklad', 'FBRK'),
('LIN', 'Len', 'FBRK'),
('LNG', 'Podšívkovina', 'FBRK'),
('PAR', 'Padákovina', 'FBRK'),
('PES', 'Potisklý PES', 'FBRK'),
('PPS', 'Polyester', 'FBRK'),
('TVK', 'Tyvek', 'FBRK'),
('VCHR', 'Vouchery', 'PROD'),
('WOL', 'Vlna', 'FBRK'),
('XPC', 'X-Pac', 'FBRK');

-- --------------------------------------------------------

--
-- Struktura tabulky `units`
--

CREATE TABLE `units` (
  `unit_code` varchar(5) COLLATE utf8mb4_czech_ci NOT NULL,
  `unit_name` varchar(25) COLLATE utf8mb4_czech_ci NOT NULL
) ENGINE=InnoDB DEFAULT CHARSET=utf8mb4 COLLATE=utf8mb4_czech_ci;

--
-- Vypisuji data pro tabulku `units`
--

INSERT INTO `units` (`unit_code`, `unit_name`) VALUES
('ks', 'kus'),
('m', 'metr'),
('m2', 'metr čtvereční');

--
-- Indexy pro exportované tabulky
--

--
-- Indexy pro tabulku `bom`
--
ALTER TABLE `bom`
  ADD PRIMARY KEY (`product_code`,`part_number`),
  ADD KEY `fk_part_number_bom` (`part_number`);

--
-- Indexy pro tabulku `bom_costs`
--
ALTER TABLE `bom_costs`
  ADD PRIMARY KEY (`product_code`,`type`),
  ADD KEY `fk_type_other_costs` (`type`);

--
-- Indexy pro tabulku `commodities`
--
ALTER TABLE `commodities`
  ADD PRIMARY KEY (`com_code`);

--
-- Indexy pro tabulku `inventory_values`
--
ALTER TABLE `inventory_values`
  ADD PRIMARY KEY (`part_number`);

--
-- Indexy pro tabulku `locations`
--
ALTER TABLE `locations`
  ADD PRIMARY KEY (`location_code`);

--
-- Indexy pro tabulku `material_list`
--
ALTER TABLE `material_list`
  ADD PRIMARY KEY (`part_number`),
  ADD UNIQUE KEY `description` (`description`),
  ADD KEY `fk_com_code_material_list` (`com_code`),
  ADD KEY `fk_subcom_code_material_list` (`subcom_code`),
  ADD KEY `fk_unit_code_material_list` (`unit_code`),
  ADD KEY `part_number` (`part_number`,`unit_code`);

--
-- Indexy pro tabulku `material_width`
--
ALTER TABLE `material_width`
  ADD PRIMARY KEY (`part_number`);

--
-- Indexy pro tabulku `other_costs`
--
ALTER TABLE `other_costs`
  ADD PRIMARY KEY (`type`);

--
-- Indexy pro tabulku `products`
--
ALTER TABLE `products`
  ADD PRIMARY KEY (`product_code`),
  ADD KEY `fk_unit_code_products` (`unit_code`),
  ADD KEY `fk_com_code_products` (`com_code`),
  ADD KEY `fk_subcom_code_products` (`subcom_code`);

--
-- Indexy pro tabulku `soh_pro`
--
ALTER TABLE `soh_pro`
  ADD PRIMARY KEY (`product_code`,`location_code`),
  ADD KEY `fk_location_code_soh_pro` (`location_code`);

--
-- Indexy pro tabulku `stock_on_hand`
--
ALTER TABLE `stock_on_hand`
  ADD PRIMARY KEY (`part_number`,`location_code`),
  ADD KEY `fk_location_code_soh` (`location_code`),
  ADD KEY `fk_description_soh` (`description`),
  ADD KEY `part_number` (`part_number`,`unit_code`);

--
-- Indexy pro tabulku `subcommodities`
--
ALTER TABLE `subcommodities`
  ADD PRIMARY KEY (`subcom_code`),
  ADD KEY `fk_com_code_subcommodities` (`com_code`);

--
-- Indexy pro tabulku `units`
--
ALTER TABLE `units`
  ADD PRIMARY KEY (`unit_code`);

--
-- Omezení pro exportované tabulky
--

--
-- Omezení pro tabulku `bom`
--
ALTER TABLE `bom`
  ADD CONSTRAINT `fk_part_number_bom` FOREIGN KEY (`part_number`) REFERENCES `material_list` (`part_number`) ON UPDATE CASCADE,
  ADD CONSTRAINT `fk_product_code_bom` FOREIGN KEY (`product_code`) REFERENCES `products` (`product_code`) ON UPDATE CASCADE;

--
-- Omezení pro tabulku `bom_costs`
--
ALTER TABLE `bom_costs`
  ADD CONSTRAINT `fk_product_code_bom_costs` FOREIGN KEY (`product_code`) REFERENCES `products` (`product_code`) ON DELETE RESTRICT ON UPDATE CASCADE,
  ADD CONSTRAINT `fk_type_other_costs` FOREIGN KEY (`type`) REFERENCES `other_costs` (`type`) ON DELETE RESTRICT ON UPDATE CASCADE;

--
-- Omezení pro tabulku `material_list`
--
ALTER TABLE `material_list`
  ADD CONSTRAINT `fk_com_code_material_list` FOREIGN KEY (`com_code`) REFERENCES `commodities` (`com_code`) ON UPDATE CASCADE,
  ADD CONSTRAINT `fk_subcom_code_material_list` FOREIGN KEY (`subcom_code`) REFERENCES `subcommodities` (`subcom_code`) ON UPDATE CASCADE,
  ADD CONSTRAINT `fk_unit_code_material_list` FOREIGN KEY (`unit_code`) REFERENCES `units` (`unit_code`) ON UPDATE CASCADE;

--
-- Omezení pro tabulku `material_width`
--
ALTER TABLE `material_width`
  ADD CONSTRAINT `fk_part_number_material_widht` FOREIGN KEY (`part_number`) REFERENCES `material_list` (`part_number`) ON UPDATE CASCADE;

--
-- Omezení pro tabulku `products`
--
ALTER TABLE `products`
  ADD CONSTRAINT `fk_com_code_products` FOREIGN KEY (`com_code`) REFERENCES `commodities` (`com_code`) ON UPDATE CASCADE,
  ADD CONSTRAINT `fk_subcom_code_products` FOREIGN KEY (`subcom_code`) REFERENCES `subcommodities` (`subcom_code`) ON UPDATE CASCADE,
  ADD CONSTRAINT `fk_unit_code_products` FOREIGN KEY (`unit_code`) REFERENCES `units` (`unit_code`) ON UPDATE CASCADE;

--
-- Omezení pro tabulku `soh_pro`
--
ALTER TABLE `soh_pro`
  ADD CONSTRAINT `fk_location_code_soh_pro` FOREIGN KEY (`location_code`) REFERENCES `locations` (`location_code`) ON UPDATE CASCADE,
  ADD CONSTRAINT `fk_product_code_soh_pro` FOREIGN KEY (`product_code`) REFERENCES `products` (`product_code`) ON UPDATE CASCADE;

--
-- Omezení pro tabulku `stock_on_hand`
--
ALTER TABLE `stock_on_hand`
  ADD CONSTRAINT `fk_description_soh` FOREIGN KEY (`description`) REFERENCES `material_list` (`description`) ON UPDATE CASCADE,
  ADD CONSTRAINT `fk_location_code_soh` FOREIGN KEY (`location_code`) REFERENCES `locations` (`location_code`) ON UPDATE CASCADE,
  ADD CONSTRAINT `fk_pn_uc_soh` FOREIGN KEY (`part_number`,`unit_code`) REFERENCES `material_list` (`part_number`, `unit_code`) ON UPDATE CASCADE;

--
-- Omezení pro tabulku `subcommodities`
--
ALTER TABLE `subcommodities`
  ADD CONSTRAINT `fk_com_code_subcommodities` FOREIGN KEY (`com_code`) REFERENCES `commodities` (`com_code`) ON UPDATE CASCADE;
COMMIT;

/*!40101 SET CHARACTER_SET_CLIENT=@OLD_CHARACTER_SET_CLIENT */;
/*!40101 SET CHARACTER_SET_RESULTS=@OLD_CHARACTER_SET_RESULTS */;
/*!40101 SET COLLATION_CONNECTION=@OLD_COLLATION_CONNECTION */;
