-- phpMyAdmin SQL Dump
-- version 5.2.1
-- https://www.phpmyadmin.net/
--
-- Počítač: 127.0.0.1
-- Vytvořeno: Ned 19. kvě 2024, 15:25
-- Verze serveru: 10.4.32-MariaDB
-- Verze PHP: 8.2.12

SET SQL_MODE = "NO_AUTO_VALUE_ON_ZERO";
START TRANSACTION;
SET time_zone = "+00:00";


/*!40101 SET @OLD_CHARACTER_SET_CLIENT=@@CHARACTER_SET_CLIENT */;
/*!40101 SET @OLD_CHARACTER_SET_RESULTS=@@CHARACTER_SET_RESULTS */;
/*!40101 SET @OLD_COLLATION_CONNECTION=@@COLLATION_CONNECTION */;
/*!40101 SET NAMES utf8mb4 */;

--
-- Databáze: `braasi_inventory`
--

-- --------------------------------------------------------

--
-- Struktura tabulky `commodities`
--

CREATE TABLE `commodities` (
  `com_code` varchar(5) NOT NULL,
  `com_name` varchar(25) NOT NULL
) ENGINE=InnoDB DEFAULT CHARSET=utf8mb4 COLLATE=utf8mb4_czech_ci;

--
-- Vypisuji data pro tabulku `commodities`
--

INSERT INTO `commodities` (`com_code`, `com_name`) VALUES
('aaa', 'aaa'),
('BAL', 'Baleni'),
('BAT', 'Batoh'),
('BRA', 'Branding'),
('ddd', 'test'),
('HAR', 'Hardware'),
('LAT', 'Latky'),
('new', 'newddd'),
('NIT', 'Nite'),
('POP', 'Popruh'),
('qqq', 'qqq'),
('SIL', 'silvia'),
('VYP', 'Vyplne');

-- --------------------------------------------------------

--
-- Struktura tabulky `locations`
--

CREATE TABLE `locations` (
  `location_code` varchar(5) NOT NULL,
  `location_name` varchar(50) NOT NULL
) ENGINE=InnoDB DEFAULT CHARSET=utf8mb4 COLLATE=utf8mb4_czech_ci;

--
-- Vypisuji data pro tabulku `locations`
--

INSERT INTO `locations` (`location_code`, `location_name`) VALUES
('DIL', 'Dílna'),
('EXT', 'Externí pracoviště'),
('SKL', 'Sklad');

-- --------------------------------------------------------

--
-- Struktura tabulky `material_list`
--

CREATE TABLE `material_list` (
  `part_number` varchar(10) NOT NULL,
  `description` varchar(50) NOT NULL,
  `unit_code` varchar(5) NOT NULL,
  `com_code` varchar(5) NOT NULL,
  `subcom_code` varchar(5) DEFAULT ''
) ENGINE=InnoDB DEFAULT CHARSET=utf8mb4 COLLATE=utf8mb4_czech_ci;

--
-- Vypisuji data pro tabulku `material_list`
--

INSERT INTO `material_list` (`part_number`, `description`, `unit_code`, `com_code`, `subcom_code`) VALUES
('BAL00001', 'papírová karta příběh + označení batohu', 'ks', 'BAL', ''),
('BAL00002', 'igelitový pytel s logem', 'ks', 'BAL', ''),
('BAL00003', 'krabice 51x38x7', 'ks', 'BAL', ''),
('BAL00004', 'lepící páska Braasi Industry', 'm', 'BAL', ''),
('BAL00005', 'štítek Zásilkovna', 'ks', 'BAL', ''),
('BAL00006', 'štítek GLS', 'ks', 'BAL', ''),
('BRA00001', 'tkaná etiketa kosočtverec černobílá Braasi Industr', 'ks', 'BRA', ''),
('BRA00002', 'tkaná etiketa přežehlená černobílá B/IN', 'ks', 'BRA', ''),
('BRA00003', 'tkaná etiketa přežehlená úzká čepice', 'ks', 'BRA', ''),
('BRA00004', 'tkaná etiketa kosočtverec meděná Braasi Industry', 'ks', 'BRA', ''),
('BRA00005', 'tkaná etiketa ROBE', 'ks', 'BRA', ''),
('BRA00006', 'tkaná etiketa DIRECT', 'ks', 'BRA', ''),
('BRA00007', 'tkaná etiketa SEYFOR', 'ks', 'BRA', ''),
('BRA00008', 'tkaná etiketa PPF/ BRAASI', 'ks', 'BRA', ''),
('BRA00009', 'tkaná etiketa ČESKO DIGITAL', 'ks', 'BRA', ''),
('BRA00010', 'tkaná etiketa WE ARE PUBLICIS', 'ks', 'BRA', ''),
('BRA00011', 'tkaná etiketa CLEVERHOOD', 'ks', 'BRA', ''),
('BRA00012', 'tkaná etiketa CLEVERHOOD/ BRAASI', 'ks', 'BRA', ''),
('BRA00013', 'tkaná etiketa WINQS', 'ks', 'BRA', ''),
('BRA00014', 'tkaná etiketa GARAGE 22', 'ks', 'BRA', ''),
('BRA00015', 'tkaná etiketa BEEFEATER', 'ks', 'BRA', ''),
('BRA00016', 'tkaná etiketa JOHNNIE WALKER', 'ks', 'BRA', ''),
('BRA00017', 'tkaná etiketa HORALKY', 'ks', 'BRA', ''),
('BRA00018', 'tkaná etiketa CANVA', 'ks', 'BRA', ''),
('HAR00001', 'YKK samice 25 mm černá', 'ks', 'HAR', ''),
('HAR00002', 'YKK samec 25 mm černá', 'ks', 'HAR', ''),
('HAR00003', 'YKK samec 25 mm černá EVO', 'ks', 'HAR', ''),
('HAR00004', 'YKK samice 25 mm černá EVO', 'ks', 'HAR', ''),
('HAR00005', 'YKK samice 20 mm černá', 'ks', 'HAR', ''),
('HAR00006', 'YKK samec 20 mm černá', 'ks', 'HAR', ''),
('HAR00007', 'YKK samec 16 mm černá', 'ks', 'HAR', ''),
('HAR00008', 'YKK samice 16 mm černá', 'ks', 'HAR', ''),
('HAR00009', 'YKK žebříček 16 mm černá', 'ks', 'HAR', ''),
('HAR00010', 'YKK žebříček 20 mm černá', 'ks', 'HAR', ''),
('HAR00011', 'YKK žebříček 25 mm černá', 'ks', 'HAR', ''),
('HAR00012', 'YKK žebříček 25 mm černá WICKER', 'ks', 'HAR', ''),
('HAR00013', 'YKK očko 18 mm černá', 'ks', 'HAR', ''),
('HAR00014', 'YKK očko 20 mm černá', 'ks', 'HAR', ''),
('HAR00015', 'YKK očko 25 mm černá', 'ks', 'HAR', ''),
('HAR00016', 'YKK očko 40 mm černá', 'ks', 'HAR', ''),
('HAR00017', 'YKK zip černý pogumovaný', 'ks', 'HAR', ''),
('HAR00018', 'YKK 5 zip černý reverzní', 'ks', 'HAR', ''),
('HAR00019', 'YKK jezdec 5E černá', 'ks', 'HAR', ''),
('HAR00020', 'YKK jezdec 5EJ černá', 'ks', 'HAR', ''),
('HAR00021', 'YKK klíčenka černá', 'ks', 'HAR', ''),
('HAR00022', 'YKK D-kroužek černá', 'ks', 'HAR', ''),
('HAR00023', 'YKK karabina černá', 'ks', 'HAR', ''),
('HAR00024', 'YKK trojzubec 50 mm černá (samec+samice)', 'ks', 'HAR', ''),
('HAR00025', 'YKK bikeroller přezka', 'ks', 'HAR', ''),
('HAR00026', 'YKK jezdec 5E bílý', 'ks', 'HAR', ''),
('HAR00027', 'YKK průvleky 20 mm', 'ks', 'HAR', ''),
('HAR00028', 'trojzubec 40 mm černá (samec+samice)', 'ks', 'HAR', ''),
('HAR00029', 'žebříček 40 mm černá CROSSBODY', 'ks', 'HAR', ''),
('HAR00030', 'YKK zip 28 cm žlutý', 'ks', 'HAR', ''),
('HAR00031', 'YKK zip 28 cm bílý', 'ks', 'HAR', ''),
('HAR00032', 'YKK zip kovový 18 cm černý', 'ks', 'HAR', ''),
('HAR00033', 'YKK zip kovový 18 cm bílý', 'ks', 'HAR', ''),
('HAR00034', 'zip kovový 18 cm černý', 'ks', 'HAR', ''),
('HAR00035', 'YKK zip spirálový reverzní 5 CI černá', 'ks', 'HAR', ''),
('HAR00036', 'Fidlock V-BUCKLE 20 mm jednostranně nastavitelná', 'ks', 'HAR', ''),
('HAR00037', 'Fidlock V-BUCKLE 25 mm jednostranně nastavitelná', 'ks', 'HAR', ''),
('HAR00038', 'Fidlock V-BUCKLE 40 LL 40 mm nastavitelná černá', 'ks', 'HAR', ''),
('HAR00039', 'Fidlock V-BUCKLE 40 SB 40 mm fix černá', 'ks', 'HAR', ''),
('HAR00040', 'Fidlock HOOK 40 belt LL', 'ks', 'HAR', ''),
('HAR00041', 'Fidlock přezka 20 mm stříbrná', 'ks', 'HAR', ''),
('HAR00042', 'Fidlock Stripe X3', 'ks', 'HAR', ''),
('HAR00043', 'Fidlock Coinstrap 15 mm na helmu', 'ks', 'HAR', ''),
('HAR00044', 'Fidlock SNAP špuntík samec M kulatá nízká černá', 'ks', 'HAR', ''),
('HAR00045', 'Fidlock SNAP špuntík samice M kulatá nízká černá', 'ks', 'HAR', ''),
('HAR00046', 'Fidlock SNAP samec S na gumičku', 'ks', 'HAR', ''),
('HAR00047', 'Fidlock SNAP samice S kulatá nízká černá', 'ks', 'HAR', ''),
('HAR00048', 'Fidlock SNAP male M 25 adjuster k rolce', 'ks', 'HAR', ''),
('HAR00049', 'Fidlock HOOK 20 na gumičku černá', 'ks', 'HAR', ''),
('HAR00050', 'WeTool kovový žebříček 20 mm černá', 'ks', 'HAR', ''),
('HAR00051', 'WeTool kovový žebříček 25 mm černá', 'ks', 'HAR', ''),
('HAR00052', 'WeTool kovový G-Hook 20 mm levá černá', 'ks', 'HAR', ''),
('HAR00053', 'WeTool kovový G-Hook 20 mm pravá černá', 'ks', 'HAR', ''),
('HAR00054', 'WeTool kovový G-Hook 25 mm levá černý', 'ks', 'HAR', ''),
('HAR00055', 'WeTool kovový H-Hook 25 mm černá', 'ks', 'HAR', ''),
('HAR00056', 'WeTool kovový karabina 20 mm černá', 'ks', 'HAR', ''),
('HAR00057', 'WeTool kovový protikus karabina 20 mm černá', 'ks', 'HAR', ''),
('HAR00058', 'WeTool kovová karabina obdélníková 20 mm černá', 'ks', 'HAR', ''),
('HAR00059', 'WeTool kovová karabina obdélníková 10 mm černá', 'ks', 'HAR', ''),
('HAR00060', 'WeTool kovová karabina otočná 20 mm černá', 'ks', 'HAR', ''),
('HAR00061', 'WeTool kovové D-očko 20 mm černá', 'ks', 'HAR', ''),
('HAR00062', 'titanová žabka 20 mm', 'ks', 'HAR', ''),
('HAR00063', 'PJ trojzubec 25 mm bílá (samec+samice)', 'ks', 'HAR', ''),
('HAR00064', 'PJ žebříček 25 mm bílá', 'ks', 'HAR', ''),
('HAR00065', 'PJ žebříček 20 mm bílá', 'ks', 'HAR', ''),
('HAR00066', 'PJ samec 20 mm bílá', 'ks', 'HAR', ''),
('HAR00067', 'PJ samice 20 mm bílá', 'ks', 'HAR', ''),
('HAR00068', 'PJ očko 20 mm bílá', 'ks', 'HAR', ''),
('HAR00069', 'PJ očko 20 mm černá', 'ks', 'HAR', ''),
('HAR00070', 'PJ očko 40 mm černá', 'ks', 'HAR', ''),
('HAR00071', 'PJ spona 20 mm bílá', 'ks', 'HAR', ''),
('HAR00072', 'PJ trojzubec 10 mm bílá (samec+samice)', 'ks', 'HAR', ''),
('HAR00073', 'PJ trojzubec 10 mm černá', 'ks', 'HAR', ''),
('HAR00074', 'PJ karabina 20 mm černá', 'ks', 'HAR', ''),
('HAR00075', 'PJ karabina 30 mm černá', 'ks', 'HAR', ''),
('HAR00076', 'PJ trojzubec 30 mm černá', 'ks', 'HAR', ''),
('HAR00077', 'PJ žebříček 40 mm černá', 'ks', 'HAR', ''),
('HAR00078', 'PJ D-kroužek černá 20 mm', 'ks', 'HAR', ''),
('HAR00079', 'Massag kovový zebříček 20 mm měděný', 'ks', 'HAR', ''),
('HAR00080', 'Massa kovový žebříček 20 mm černá', 'ks', 'HAR', ''),
('HAR00081', 'Metal clash hook', 'ks', 'HAR', ''),
('LAT00001', 'Kortexin černý', 'm', 'LAT', 'ASI'),
('LAT00002', 'Kortexin žlutý', 'm', 'LAT', 'ASI'),
('LAT00003', 'Kortexin bílý', 'm', 'LAT', 'ASI'),
('LAT00004', 'Kortexin červený', 'm', 'LAT', 'ASI'),
('LAT00005', 'Kortexin sv.šedá', 'm', 'LAT', 'ASI'),
('LAT00006', 'Kortexin hnědý', 'm', 'LAT', 'ASI'),
('LAT00007', 'Kortexin oranžový', 'm', 'LAT', 'ASI'),
('LAT00008', 'černý PES s PVC zátěrem', 'm', 'LAT', 'ASI'),
('LAT00009', 'žlutý PES s PVC zátěrem', 'm', 'LAT', 'ASI'),
('LAT00010', '3D tkanina', 'm', 'LAT', ''),
('LAT00011', 'Outlast', 'm', 'LAT', 'FUN'),
('LAT00012', 'Ubeon žlutá', 'm', 'LAT', 'PODS'),
('LAT00013', 'Ubeon světle šedá', 'm', 'LAT', 'PODS'),
('LAT00014', 'Ubeon modrá', 'm', 'LAT', 'PODS'),
('LAT00015', 'Ubeon se zátěrem bílá', 'm', 'LAT', 'PODS'),
('LAT00016', 'Ulsedan zářivě žlutá', 'm', 'LAT', 'PODS'),
('LAT00017', 'Ulsedan zářivě oranžová', 'm', 'LAT', 'PODS'),
('LAT00018', 'Ulsedan modrá', 'm', 'LAT', 'PODS'),
('LAT00019', 'Ulsedan černá', 'm', 'LAT', 'PODS'),
('LAT00020', 'Ulsedan zelená plzeňská', 'm', 'LAT', 'PODS'),
('LAT00021', 'Ulsedan červená', 'm', 'LAT', 'PODS'),
('LAT00022', 'Ulsedan fialová', 'm', 'LAT', 'PODS'),
('LAT00023', 'Uzaron fialová', 'm', 'LAT', 'PODS'),
('LAT00024', 'Uzaron červená', 'm', 'LAT', 'PODS'),
('LAT00025', 'Uzaron růžová', 'm', 'LAT', 'PODS'),
('LAT00026', 'Uzaron žlutá', 'm', 'LAT', 'PODS'),
('LAT00027', 'Uzaron královská modrá', 'm', 'LAT', 'PODS'),
('LAT00028', 'Uzaron černá', 'm', 'LAT', 'PODS'),
('LAT00029', 'Ubeon zelená', 'm', 'LAT', 'PODS'),
('LAT00030', 'Padákovina černá', 'm', 'LAT', 'PAD'),
('LAT00031', 'Padákovina khaki', 'm', 'LAT', 'PAD'),
('LAT00032', 'Padákovina stříbrná', 'm', 'LAT', 'PAD'),
('LAT00033', 'Padákovina navy', 'm', 'LAT', 'PAD'),
('LAT00034', 'Cordura CZ 1100 černá PU zátěr', 'm', 'LAT', 'COR'),
('LAT00035', 'Cordura CZ 1100 khaki PU zátěr', 'm', 'LAT', 'COR'),
('LAT00036', 'Cordura DE 1100 černá AC zátěr', 'm', 'LAT', 'COR'),
('LAT00037', 'Cordura DE 1100 navy AC zátěr', 'm', 'LAT', 'COR'),
('LAT00038', 'Cordura DE 1100 oranžová AC zátěr', 'm', 'LAT', 'COR'),
('LAT00039', 'Cordura DE 1100 červená AC zátěr', 'm', 'LAT', 'COR'),
('LAT00040', 'Cordura DE 1100 modrá AC zátěr', 'm', 'LAT', 'COR'),
('LAT00041', 'Cordura DE 1100 žlutá AC zátěr', 'm', 'LAT', 'COR'),
('LAT00042', 'Cordura DE 1100 ecru AC zátěr', 'm', 'LAT', 'COR'),
('LAT00043', 'Cordura DE 1100 tmavě šedá AC zátěr', 'm', 'LAT', 'COR'),
('LAT00044', 'Cordura DE 1100 khaki AC zátěr', 'm', 'LAT', 'COR'),
('LAT00045', 'Cordura DE 1100 kávová AC zátěr', 'm', 'LAT', 'COR'),
('LAT00046', 'Cordura Belgická \"UKORET\" 1100 černá', 'm', 'LAT', 'COR'),
('LAT00047', 'Cordura DE 1100 trávově zelená AC zátěr', 'm', 'LAT', 'COR'),
('LAT00048', 'Cordura DE 1100 coyote AC zátěr', 'm', 'LAT', 'COR'),
('LAT00049', 'Cordura DE 1100 jarní zelená AC zátěr', 'm', 'LAT', 'COR'),
('LAT00050', 'Cordura DE 1100 tan AC zátěr', 'm', 'LAT', 'COR'),
('LAT00051', 'Cordura DE 1100 akvamarin AC zátěr', 'm', 'LAT', 'COR'),
('LAT00052', 'Cordura DE 1100 khaki PVC zátěr', 'm', 'LAT', 'COR'),
('LAT00053', 'Cordura DE 1100 šedá AC zátěr', 'm', 'LAT', 'COR'),
('LAT00054', 'Cordura DE 1100 fialová AC zátěr', 'm', 'LAT', 'COR'),
('LAT00055', 'Cordura DE 1100 zlatá AC zátěr', 'm', 'LAT', 'COR'),
('LAT00056', 'Cordura DE 1100 tmavě zelená AC zátěr', 'm', 'LAT', 'COR'),
('LAT00057', 'Cordura DE 1100 armádní zelená AC zátěr', 'm', 'LAT', 'COR'),
('LAT00058', 'Cordura DE 1100 olivově zelená AC zátěr', 'm', 'LAT', 'COR'),
('LAT00059', 'Cordura DE 1100 růžová AC zátěr', 'm', 'LAT', 'COR'),
('LAT00060', 'Cordura CZ 500 černá PU zátěr', 'm', 'LAT', 'COR'),
('LAT00061', 'Cordura DE 500 černá PU zátěr', 'm', 'LAT', 'COR'),
('LAT00062', 'Cordura DE 500 navy AC zátěr', 'm', 'LAT', 'COR'),
('LAT00063', 'Cordura DE 500 oranžová AC zátěr', 'm', 'LAT', 'COR'),
('LAT00064', 'Cordura DE 500 žlutá AC zátěr', 'm', 'LAT', 'COR'),
('LAT00065', 'Cordura DE 500 bílá AC zátěr', 'm', 'LAT', 'COR'),
('LAT00066', 'Cordura DE 500 světle modrá AC zátěr', 'm', 'LAT', 'COR'),
('LAT00067', 'Cordura DE 500 šedá AC zátěr', 'm', 'LAT', 'COR'),
('LAT00068', 'Cordura DE 500 šedá/zelená AC zátěr', 'm', 'LAT', 'COR'),
('LAT00069', 'Cordura DE 500 hnědá AC zátěr', 'm', 'LAT', 'COR'),
('LAT00070', 'Cordura DE 500 zářivě žlutá AC zátěr', 'm', 'LAT', 'COR'),
('LAT00071', 'Cordura DE 500 blankytně modrá AC zátěr', 'm', 'LAT', 'COR'),
('LAT00072', 'Cordura DE 500 světle šedá AC zátěr', 'm', 'LAT', 'COR'),
('LAT00073', 'Cordura DE 500 červená AC zátěr', 'm', 'LAT', 'COR'),
('LAT00074', 'Cordura DE 500 khaki AC zátěr', 'm', 'LAT', 'COR'),
('LAT00075', 'Cordura DE 500 vínová AC zátěr', 'm', 'LAT', 'COR'),
('LAT00076', 'Cordura DE 500 šedá ocelová AC zátěr', 'm', 'LAT', 'COR'),
('LAT00077', 'Cordura DE 500 tan AC zátěr', 'm', 'LAT', 'COR'),
('LAT00078', 'Xpac VX21 black', 'm', 'LAT', 'AME'),
('LAT00079', 'Xpac VX21 purple', 'm', 'LAT', 'AME'),
('LAT00080', 'Xpac VX21 yellow', 'm', 'LAT', 'AME'),
('LAT00081', 'Xpac VX21 white', 'm', 'LAT', 'AME'),
('LAT00082', 'Xpac RX36/DWR black', 'm', 'LAT', 'AME'),
('LAT00083', 'Xpac RX36/DWR white', 'm', 'LAT', 'AME'),
('LAT00084', 'Xpac RX30/DWR black', 'm', 'LAT', 'AME'),
('LAT00085', 'Xpac RX15/DWR white', 'm', 'LAT', 'AME'),
('LAT00086', 'Xpac VX21 RIPSTOP black', 'm', 'LAT', 'AME'),
('LAT00087', 'Patrik Antzcak tisk', 'm', 'LAT', 'PES'),
('LAT00088', 'Paperjoe tisk', 'm', 'LAT', 'PES'),
('LAT00089', 'Bavlna CZ černá', 'm', 'LAT', 'BAV'),
('LAT00090', 'Bavlna IT impregnace černá', 'm', 'LAT', 'BAV'),
('LAT00091', 'Bavlna IT oranžová', 'm', 'LAT', 'BAV'),
('LAT00092', 'Bavlna CZ khaki', 'm', 'LAT', 'BAV'),
('LAT00093', 'Bavlna IT přírodní', 'm', 'LAT', 'BAV'),
('LAT00094', 'Bavlna CZ přírodn', 'm', 'LAT', 'BAV'),
('LAT00095', 'Bavlna CZ žlutá', 'm', 'LAT', 'BAV'),
('LAT00096', 'Bavlna CZ tmavě žlutá', 'm', 'LAT', 'BAV'),
('LAT00097', 'Bavlna CZ magenta', 'm', 'LAT', 'BAV'),
('LAT00098', 'Bavlna CZ modrá', 'm', 'LAT', 'BAV'),
('LAT00099', 'Bavlna England (monocle) khaki', 'm', 'LAT', 'BAV'),
('LAT00100', 'Bavlna England (monocle) navy', 'm', 'LAT', 'BAV'),
('LAT00101', 'podložení molitanu záda', 'm', 'LAT', 'PODK'),
('LAT00102', 'SILK 0842 černá', 'm', 'LAT', 'KUZ'),
('LAT00103', 'SILK 0250 rezavá', 'm', 'LAT', 'KUZ'),
('LAT00104', 'VENICE 64080 Albiocca tělová', 'm', 'LAT', 'KUZ'),
('LAT00105', 'VENICE 64100 Black černá', 'm', 'LAT', 'KUZ'),
('LAT00106', 'VENICE 64030 Ecrú písková', 'm', 'LAT', 'KUZ'),
('LAT00107', 'VENICE 64150 Pervinca lila', 'm', 'LAT', 'KUZ'),
('LAT00108', 'VENICE 64150 Cloud Pink nude', 'm', 'LAT', ''),
('LAT00109', 'VENICE 64110 Corallo lososová', 'm', 'LAT', ''),
('LAT00110', 'VENICE 64040 Cappuccino bílá káva', 'm', 'LAT', 'KUZ'),
('NIT00001', 'Ultrapoly 30 černá 999', 'ks', 'NIT', ''),
('NIT00002', 'Ultrapoly 30 modrá 549', 'ks', 'NIT', ''),
('NIT00003', 'Ultrapoly 30 světle šedá 882', 'ks', 'NIT', ''),
('NIT00004', 'Ultrapoly 30 žlutá 125', 'ks', 'NIT', ''),
('NIT00005', 'Ultrapoly 30 královská modrá 556', 'ks', 'NIT', ''),
('NIT00006', 'Ultrapoly 30 zářivě růžová 345', 'ks', 'NIT', ''),
('NIT00007', 'Ultrapoly 30 neon oranžová 215', 'ks', 'NIT', ''),
('NIT00008', 'Ultrapoly 30 bílá 001', 'ks', 'NIT', ''),
('NIT00009', 'Ultrapoly 30 modrá podšívka 658', 'ks', 'NIT', ''),
('NIT00010', 'Ultrapoly 30 fialová 458', 'ks', 'NIT', ''),
('NIT00011', 'Ultrapoly 30 přírodní 710', 'ks', 'NIT', ''),
('NIT00012', 'Ultrapoly 30 vínová 344', 'ks', 'NIT', ''),
('NIT00013', 'Ultrapoly 30 červená 337', 'ks', 'NIT', ''),
('NIT00014', 'Ultrapoly 30 tmavě šedá 888', 'ks', 'NIT', ''),
('NIT00015', 'Ultrapoly 30 desertní 1222', 'ks', 'NIT', ''),
('NIT00016', 'Ultrapoly 30 neon žlutá 115', 'ks', 'NIT', ''),
('NIT00017', 'Ultrapoly 30 foxy 273', 'ks', 'NIT', ''),
('NOV00001', 'novy', 'km6', 'BAT', ''),
('POP00001', 'poporuh černý PAD 10 mm', 'm', 'POP', ''),
('POP00002', 'popruh černý PAD 16 mm', 'm', 'POP', ''),
('POP00003', 'popruh černý PAD 20 mm', 'm', 'POP', ''),
('POP00004', 'popruh černý PAD 25 mm', 'm', 'POP', ''),
('POP00005', 'popruh černý PAD 40 mm', 'm', 'POP', ''),
('POP00006', 'lemovka černá PAD 25 mm', 'm', 'POP', ''),
('POP00007', 'lemovka černá PES 25 mm', 'm', 'POP', ''),
('POP00008', 'pruženka černá 25 mm', 'm', 'POP', ''),
('POP00009', 'popruh černý PES 10 mm', 'm', 'POP', ''),
('POP00010', 'popruh černý PES 16 mm', 'm', 'POP', ''),
('POP00011', 'popruh černý PES 20 mm', 'm', 'POP', ''),
('POP00012', 'popruh černý PES 25 mm', 'm', 'POP', ''),
('POP00013', 'popruh černý PES 55 mm', 'm', 'POP', ''),
('POP00014', 'popruh černý bavlna 20 mm', 'm', 'POP', ''),
('POP00015', 'popruh bílý PAD 10 mm', 'm', 'POP', ''),
('POP00016', 'popruh bílý PAD 20 mm', 'm', 'POP', ''),
('POP00017', 'popruh bílý PAD 25 mm', 'm', 'POP', ''),
('POP00018', 'popruh přírodní bavlna 20 mm', 'm', 'POP', ''),
('POP00019', 'popruh přírodní bavlna 30 mm', 'm', 'POP', ''),
('POP00020', 'popruh modrý PAD 10 mm', 'm', 'POP', ''),
('POP00021', 'popruh modrý PAD 20 mm', 'm', 'POP', ''),
('POP00022', 'popruh modrý PAD 25 mm', 'm', 'POP', ''),
('POP00023', 'popruh modrý bavlna 40 mm', 'm', 'POP', ''),
('POP00024', 'popruh oranžový reflexní PAD 16 mm', 'm', 'POP', ''),
('POP00025', 'popruh oranžový reflexní PAD 20 mm', 'm', 'POP', ''),
('POP00026', 'popruh oranžový tmavě PAD 20 mm', 'm', 'POP', ''),
('POP00027', 'popruh červený PAD 10 mm', 'm', 'POP', ''),
('POP00028', 'popruh červený PAD 20 mm', 'm', 'POP', ''),
('POP00029', 'popruh červený PAD 25 mm', 'm', 'POP', ''),
('POP00030', 'popruh zelený reflexní PAD 10 mm', 'm', 'POP', ''),
('POP00031', 'popruh žlutý PAD 10 mm', 'm', 'POP', ''),
('POP00032', 'popruh šedý PAD 10 mm', 'm', 'POP', ''),
('POP00033', 'popruh béžový PAD 20 mm', 'm', 'POP', ''),
('POP00034', 'popruh fialový PAD 20 mm', 'm', 'POP', ''),
('POP00035', 'popruh kaki bavlna 34 mm', 'm', 'POP', ''),
('POP00036', 'popruh pruhovaný č,o,z,m,ž 25 mm', 'm', 'POP', ''),
('POP00037', 'popruh pruhovaný š,f,š 30 mm', 'm', 'POP', ''),
('POP00038', 'pryžové vlákno černá PES', 'm', 'POP', ''),
('POP00039', 'gumolano červené 4mm', 'm', 'POP', ''),
('POP00040', 'oděvní vázačka bílý PES 3,5mm', 'm', 'POP', ''),
('POP00041', 'oděvní vázačka černý PES 3,5 mm', 'm', 'POP', ''),
('POP00042', 'oděvní vázačka žlutý PES 3,5 mm', 'm', 'POP', ''),
('POP00043', 'paracorde modrá  3,5 mm', 'm', 'POP', ''),
('POP00044', 'paracorde červený 3,5 mm', 'm', 'POP', ''),
('POP00045', 'paracorde černý 3,5 mm', 'm', 'POP', ''),
('POP00046', 'automobilové pásy 45mm', 'm', 'POP', ''),
('POP00047', 'dutinka zlatá 20 mm', 'm', 'POP', ''),
('POP00048', 'suché zipy 10 mm háček', 'm', 'POP', ''),
('POP00049', 'suché zipy 10 mm plyš', 'm', 'POP', ''),
('POP00050', 'suché zipy 25 mm háček', 'm', 'POP', ''),
('POP00051', 'suché zipy 25 mm plyš', 'm', 'POP', ''),
('POP00052', 'suché zipy 30 mm háček', 'm', 'POP', ''),
('POP00053', 'suché zipy 30 mm plyš', 'ks', 'POP', ''),
('POP00054', 'prsní zavírání pytel 20mm*600mm', 'ks', 'POP', ''),
('POP00055', 'horní lem pytel 20mm*930mm', 'ks', 'POP', ''),
('SIL0000', 'spatne', 'abc', 'BAT', ''),
('SIL00003', 'silvia3', 'cod', 'LAT', 'COR'),
('SIL00004', 'silvia4', 'cod', 'HAR', ''),
('SIL00008', 'sss', 'cod', 'BAL', ''),
('VYP00001', 'Molitan 2 cm', 'm', 'VYP', ''),
('VYP00002', 'EVA pěna 10 mm', 'm', 'VYP', ''),
('VYP00003', 'Eva pěna 6 mm', 'm', 'VYP', ''),
('VYP00004', 'Eva pěna 2 mm', 'm', 'VYP', '');

-- --------------------------------------------------------

--
-- Struktura tabulky `stock_on_hand`
--

CREATE TABLE `stock_on_hand` (
  `part_number` varchar(10) NOT NULL,
  `description` varchar(50) NOT NULL,
  `qty` decimal(10,3) NOT NULL,
  `unit_code` varchar(5) NOT NULL,
  `location_code` varchar(5) NOT NULL
) ENGINE=InnoDB DEFAULT CHARSET=utf8mb4 COLLATE=utf8mb4_czech_ci;

--
-- Vypisuji data pro tabulku `stock_on_hand`
--

INSERT INTO `stock_on_hand` (`part_number`, `description`, `qty`, `unit_code`, `location_code`) VALUES
('BAL00001', 'papírová karta příběh + označení batohu', 31.000, 'ks', 'DIL'),
('BAL00001', 'papírová karta příběh + označení batohu', 129.000, 'ks', 'SKL'),
('BAL00002', 'igelitový pytel s logem', 186.000, 'ks', 'DIL'),
('BAL00002', 'igelitový pytel s logem', 74.000, 'ks', 'SKL'),
('BAL00003', 'krabice 51x38x7', 38.000, 'ks', 'DIL'),
('BAL00003', 'krabice 51x38x7', 92.000, 'ks', 'SKL'),
('BAL00004', 'lepící páska Braasi Industry', 50.000, 'm', 'DIL'),
('BAL00004', 'lepící páska Braasi Industry', 139.000, 'm', 'SKL'),
('BAL00005', 'štítek Zásilkovna', 114.000, 'ks', 'DIL'),
('BAL00005', 'štítek Zásilkovna', 146.000, 'ks', 'SKL'),
('BAL00006', 'štítek GLS', 132.000, 'ks', 'DIL'),
('BAL00006', 'štítek GLS', 113.000, 'ks', 'SKL'),
('BRA00001', 'tkaná etiketa kosočtverec černobílá Braasi Industr', 169.000, 'ks', 'DIL'),
('BRA00001', 'tkaná etiketa kosočtverec černobílá Braasi Industr', 124.000, 'ks', 'SKL'),
('BRA00002', 'tkaná etiketa přežehlená černobílá B/IN', 12.000, 'ks', 'DIL'),
('BRA00002', 'tkaná etiketa přežehlená černobílá B/IN', 24.000, 'ks', 'SKL'),
('BRA00003', 'tkaná etiketa přežehlená úzká čepice', 165.000, 'ks', 'DIL'),
('BRA00003', 'tkaná etiketa přežehlená úzká čepice', 69.000, 'ks', 'SKL'),
('BRA00004', 'tkaná etiketa kosočtverec meděná Braasi Industry', 115.000, 'ks', 'DIL'),
('BRA00004', 'tkaná etiketa kosočtverec meděná Braasi Industry', 103.000, 'ks', 'SKL'),
('BRA00005', 'tkaná etiketa ROBE', 161.000, 'ks', 'DIL'),
('BRA00005', 'tkaná etiketa ROBE', 54.000, 'ks', 'SKL'),
('BRA00006', 'tkaná etiketa DIRECT', 145.000, 'ks', 'DIL'),
('BRA00006', 'tkaná etiketa DIRECT', 83.000, 'ks', 'SKL'),
('BRA00007', 'tkaná etiketa SEYFOR', 74.000, 'ks', 'DIL'),
('BRA00007', 'tkaná etiketa SEYFOR', 165.000, 'ks', 'SKL'),
('BRA00008', 'tkaná etiketa PPF/ BRAASI', 146.000, 'ks', 'DIL'),
('BRA00008', 'tkaná etiketa PPF/ BRAASI', 165.000, 'ks', 'SKL'),
('BRA00009', 'tkaná etiketa ČESKO DIGITAL', 73.000, 'ks', 'DIL'),
('BRA00009', 'tkaná etiketa ČESKO DIGITAL', 121.000, 'ks', 'SKL'),
('BRA00010', 'tkaná etiketa WE ARE PUBLICIS', 32.000, 'ks', 'DIL'),
('BRA00010', 'tkaná etiketa WE ARE PUBLICIS', 186.000, 'ks', 'SKL'),
('BRA00011', 'tkaná etiketa CLEVERHOOD', 110.000, 'ks', 'DIL'),
('BRA00011', 'tkaná etiketa CLEVERHOOD', 82.000, 'ks', 'SKL'),
('BRA00012', 'tkaná etiketa CLEVERHOOD/ BRAASI', 71.000, 'ks', 'DIL'),
('BRA00012', 'tkaná etiketa CLEVERHOOD/ BRAASI', 56.000, 'ks', 'SKL'),
('BRA00013', 'tkaná etiketa WINQS', 71.000, 'ks', 'DIL'),
('BRA00013', 'tkaná etiketa WINQS', 158.000, 'ks', 'SKL'),
('BRA00014', 'tkaná etiketa GARAGE 22', 41.000, 'ks', 'DIL'),
('BRA00014', 'tkaná etiketa GARAGE 22', 125.000, 'ks', 'SKL'),
('BRA00015', 'tkaná etiketa BEEFEATER', 141.000, 'ks', 'DIL'),
('BRA00015', 'tkaná etiketa BEEFEATER', 113.000, 'ks', 'SKL'),
('BRA00016', 'tkaná etiketa JOHNNIE WALKER', 65.000, 'ks', 'DIL'),
('BRA00016', 'tkaná etiketa JOHNNIE WALKER', 106.000, 'ks', 'SKL'),
('BRA00017', 'tkaná etiketa HORALKY', 14.000, 'ks', 'DIL'),
('BRA00017', 'tkaná etiketa HORALKY', 141.000, 'ks', 'SKL'),
('BRA00018', 'tkaná etiketa CANVA', 171.000, 'ks', 'DIL'),
('BRA00018', 'tkaná etiketa CANVA', 82.000, 'ks', 'SKL'),
('HAR00001', 'YKK samice 25 mm černá', 83.000, 'ks', 'DIL'),
('HAR00001', 'YKK samice 25 mm černá', 43.000, 'ks', 'SKL'),
('HAR00002', 'YKK samec 25 mm černá', 64.000, 'ks', 'DIL'),
('HAR00002', 'YKK samec 25 mm černá', 34.000, 'ks', 'SKL'),
('HAR00003', 'YKK samec 25 mm černá EVO', 96.000, 'ks', 'DIL'),
('HAR00003', 'YKK samec 25 mm černá EVO', 59.000, 'ks', 'SKL'),
('HAR00004', 'YKK samice 25 mm černá EVO', 107.000, 'ks', 'DIL'),
('HAR00004', 'YKK samice 25 mm černá EVO', 26.000, 'ks', 'SKL'),
('HAR00005', 'YKK samice 20 mm černá', 76.000, 'ks', 'DIL'),
('HAR00005', 'YKK samice 20 mm černá', 70.000, 'ks', 'SKL'),
('HAR00006', 'YKK samec 20 mm černá', 60.000, 'ks', 'DIL'),
('HAR00006', 'YKK samec 20 mm černá', 50.000, 'ks', 'SKL'),
('HAR00007', 'YKK samec 16 mm černá', 121.000, 'ks', 'DIL'),
('HAR00007', 'YKK samec 16 mm černá', 191.000, 'ks', 'SKL'),
('HAR00008', 'YKK samice 16 mm černá', 111.000, 'ks', 'DIL'),
('HAR00008', 'YKK samice 16 mm černá', 29.000, 'ks', 'SKL'),
('HAR00009', 'YKK žebříček 16 mm černá', 24.000, 'ks', 'DIL'),
('HAR00009', 'YKK žebříček 16 mm černá', 24.000, 'ks', 'SKL'),
('HAR00010', 'YKK žebříček 20 mm černá', 93.000, 'ks', 'DIL'),
('HAR00010', 'YKK žebříček 20 mm černá', 56.000, 'ks', 'SKL'),
('HAR00011', 'YKK žebříček 25 mm černá', 104.000, 'ks', 'DIL'),
('HAR00011', 'YKK žebříček 25 mm černá', 61.000, 'ks', 'SKL'),
('HAR00012', 'YKK žebříček 25 mm černá WICKER', 44.000, 'ks', 'DIL'),
('HAR00012', 'YKK žebříček 25 mm černá WICKER', 172.000, 'ks', 'SKL'),
('HAR00013', 'YKK očko 18 mm černá', 98.000, 'ks', 'DIL'),
('HAR00013', 'YKK očko 18 mm černá', 67.000, 'ks', 'SKL'),
('HAR00014', 'YKK očko 20 mm černá', 65.000, 'ks', 'DIL'),
('HAR00014', 'YKK očko 20 mm černá', 160.000, 'ks', 'SKL'),
('HAR00015', 'YKK očko 25 mm černá', 170.000, 'ks', 'DIL'),
('HAR00015', 'YKK očko 25 mm černá', 163.000, 'ks', 'SKL'),
('HAR00016', 'YKK očko 40 mm černá', 1.000, 'ks', 'DIL'),
('HAR00016', 'YKK očko 40 mm černá', 132.000, 'ks', 'SKL'),
('HAR00017', 'YKK zip černý pogumovaný', 142.000, 'ks', 'DIL'),
('HAR00017', 'YKK zip černý pogumovaný', 73.000, 'ks', 'SKL'),
('HAR00018', 'YKK 5 zip černý reverzní', 157.000, 'ks', 'DIL'),
('HAR00018', 'YKK 5 zip černý reverzní', 183.000, 'ks', 'SKL'),
('HAR00019', 'YKK jezdec 5E černá', 96.000, 'ks', 'DIL'),
('HAR00019', 'YKK jezdec 5E černá', 4.000, 'ks', 'SKL'),
('HAR00020', 'YKK jezdec 5EJ černá', 83.000, 'ks', 'DIL'),
('HAR00020', 'YKK jezdec 5EJ černá', 112.000, 'ks', 'SKL'),
('HAR00021', 'YKK klíčenka černá', 157.000, 'ks', 'DIL'),
('HAR00021', 'YKK klíčenka černá', 8.000, 'ks', 'SKL'),
('HAR00022', 'YKK D-kroužek černá', 141.000, 'ks', 'DIL'),
('HAR00022', 'YKK D-kroužek černá', 44.000, 'ks', 'SKL'),
('HAR00023', 'YKK karabina černá', 78.000, 'ks', 'DIL'),
('HAR00023', 'YKK karabina černá', 163.000, 'ks', 'SKL'),
('HAR00024', 'YKK trojzubec 50 mm černá (samec+samice)', 92.000, 'ks', 'DIL'),
('HAR00024', 'YKK trojzubec 50 mm černá (samec+samice)', 78.000, 'ks', 'SKL'),
('HAR00025', 'YKK bikeroller přezka', 160.000, 'ks', 'DIL'),
('HAR00025', 'YKK bikeroller přezka', 109.000, 'ks', 'SKL'),
('HAR00026', 'YKK jezdec 5E bílý', 93.000, 'ks', 'DIL'),
('HAR00026', 'YKK jezdec 5E bílý', 13.000, 'ks', 'SKL'),
('HAR00027', 'YKK průvleky 20 mm', 181.000, 'ks', 'DIL'),
('HAR00027', 'YKK průvleky 20 mm', 195.000, 'ks', 'SKL'),
('HAR00028', 'trojzubec 40 mm černá (samec+samice)', 172.000, 'ks', 'DIL'),
('HAR00028', 'trojzubec 40 mm černá (samec+samice)', 36.000, 'ks', 'SKL'),
('HAR00029', 'žebříček 40 mm černá CROSSBODY', 20.000, 'ks', 'DIL'),
('HAR00029', 'žebříček 40 mm černá CROSSBODY', 82.000, 'ks', 'SKL'),
('HAR00030', 'YKK zip 28 cm žlutý', 45.000, 'ks', 'DIL'),
('HAR00030', 'YKK zip 28 cm žlutý', 34.000, 'ks', 'SKL'),
('HAR00031', 'YKK zip 28 cm bílý', 66.000, 'ks', 'DIL'),
('HAR00031', 'YKK zip 28 cm bílý', 22.000, 'ks', 'SKL'),
('HAR00032', 'YKK zip kovový 18 cm černý', 56.000, 'ks', 'DIL'),
('HAR00032', 'YKK zip kovový 18 cm černý', 71.000, 'ks', 'SKL'),
('HAR00033', 'YKK zip kovový 18 cm bílý', 192.000, 'ks', 'DIL'),
('HAR00033', 'YKK zip kovový 18 cm bílý', 130.000, 'ks', 'SKL'),
('HAR00034', 'zip kovový 18 cm černý', 73.000, 'ks', 'DIL'),
('HAR00034', 'zip kovový 18 cm černý', 85.000, 'ks', 'SKL'),
('HAR00035', 'YKK zip spirálový reverzní 5 CI černá', 196.000, 'ks', 'DIL'),
('HAR00035', 'YKK zip spirálový reverzní 5 CI černá', 163.000, 'ks', 'SKL'),
('HAR00036', 'Fidlock V-BUCKLE 20 mm jednostranně nastavitelná', 146.000, 'ks', 'DIL'),
('HAR00036', 'Fidlock V-BUCKLE 20 mm jednostranně nastavitelná', 18.000, 'ks', 'SKL'),
('HAR00037', 'Fidlock V-BUCKLE 25 mm jednostranně nastavitelná', 135.000, 'ks', 'DIL'),
('HAR00037', 'Fidlock V-BUCKLE 25 mm jednostranně nastavitelná', 120.000, 'ks', 'SKL'),
('HAR00038', 'Fidlock V-BUCKLE 40 LL 40 mm nastavitelná černá', 72.000, 'ks', 'DIL'),
('HAR00038', 'Fidlock V-BUCKLE 40 LL 40 mm nastavitelná černá', 20.000, 'ks', 'SKL'),
('HAR00039', 'Fidlock V-BUCKLE 40 SB 40 mm fix černá', 63.000, 'ks', 'DIL'),
('HAR00039', 'Fidlock V-BUCKLE 40 SB 40 mm fix černá', 94.000, 'ks', 'SKL'),
('HAR00040', 'Fidlock HOOK 40 belt LL', 19.000, 'ks', 'DIL'),
('HAR00040', 'Fidlock HOOK 40 belt LL', 186.000, 'ks', 'SKL'),
('HAR00041', 'Fidlock přezka 20 mm stříbrná', 10.000, 'ks', 'DIL'),
('HAR00041', 'Fidlock přezka 20 mm stříbrná', 104.000, 'ks', 'SKL'),
('HAR00042', 'Fidlock Stripe X3', 42.000, 'ks', 'DIL'),
('HAR00042', 'Fidlock Stripe X3', 145.000, 'ks', 'SKL'),
('HAR00043', 'Fidlock Coinstrap 15 mm na helmu', 121.000, 'ks', 'DIL'),
('HAR00043', 'Fidlock Coinstrap 15 mm na helmu', 9.000, 'ks', 'SKL'),
('HAR00044', 'Fidlock SNAP špuntík samec M kulatá nízká černá', 119.000, 'ks', 'DIL'),
('HAR00044', 'Fidlock SNAP špuntík samec M kulatá nízká černá', 185.000, 'ks', 'SKL'),
('HAR00045', 'Fidlock SNAP špuntík samice M kulatá nízká černá', 186.000, 'ks', 'DIL'),
('HAR00045', 'Fidlock SNAP špuntík samice M kulatá nízká černá', 113.000, 'ks', 'SKL'),
('HAR00046', 'Fidlock SNAP samec S na gumičku', 200.000, 'ks', 'DIL'),
('HAR00046', 'Fidlock SNAP samec S na gumičku', 130.000, 'ks', 'SKL'),
('HAR00047', 'Fidlock SNAP samice S kulatá nízká černá', 60.000, 'ks', 'DIL'),
('HAR00047', 'Fidlock SNAP samice S kulatá nízká černá', 80.000, 'ks', 'SKL'),
('HAR00048', 'Fidlock SNAP male M 25 adjuster k rolce', 132.000, 'ks', 'DIL'),
('HAR00048', 'Fidlock SNAP male M 25 adjuster k rolce', 103.000, 'ks', 'SKL'),
('HAR00049', 'Fidlock HOOK 20 na gumičku černá', 101.000, 'ks', 'DIL'),
('HAR00049', 'Fidlock HOOK 20 na gumičku černá', 4.000, 'ks', 'SKL'),
('HAR00050', 'WeTool kovový žebříček 20 mm černá', 132.000, 'ks', 'DIL'),
('HAR00050', 'WeTool kovový žebříček 20 mm černá', 111.000, 'ks', 'SKL'),
('HAR00051', 'WeTool kovový žebříček 25 mm černá', 84.000, 'ks', 'DIL'),
('HAR00051', 'WeTool kovový žebříček 25 mm černá', 53.000, 'ks', 'SKL'),
('HAR00052', 'WeTool kovový G-Hook 20 mm levá černá', 41.000, 'ks', 'DIL'),
('HAR00052', 'WeTool kovový G-Hook 20 mm levá černá', 171.000, 'ks', 'SKL'),
('HAR00053', 'WeTool kovový G-Hook 20 mm pravá černá', 119.000, 'ks', 'DIL'),
('HAR00053', 'WeTool kovový G-Hook 20 mm pravá černá', 183.000, 'ks', 'SKL'),
('HAR00054', 'WeTool kovový G-Hook 25 mm levá černý', 134.000, 'ks', 'DIL'),
('HAR00054', 'WeTool kovový G-Hook 25 mm levá černý', 61.000, 'ks', 'SKL'),
('HAR00055', 'WeTool kovový H-Hook 25 mm černá', 67.000, 'ks', 'DIL'),
('HAR00055', 'WeTool kovový H-Hook 25 mm černá', 72.000, 'ks', 'SKL'),
('HAR00056', 'WeTool kovový karabina 20 mm černá', 175.000, 'ks', 'DIL'),
('HAR00056', 'WeTool kovový karabina 20 mm černá', 118.000, 'ks', 'SKL'),
('HAR00057', 'WeTool kovový protikus karabina 20 mm černá', 6.000, 'ks', 'DIL'),
('HAR00057', 'WeTool kovový protikus karabina 20 mm černá', 75.000, 'ks', 'SKL'),
('HAR00058', 'WeTool kovová karabina obdélníková 20 mm černá', 58.000, 'ks', 'DIL'),
('HAR00058', 'WeTool kovová karabina obdélníková 20 mm černá', 17.000, 'ks', 'SKL'),
('HAR00059', 'WeTool kovová karabina obdélníková 10 mm černá', 142.000, 'ks', 'DIL'),
('HAR00059', 'WeTool kovová karabina obdélníková 10 mm černá', 52.000, 'ks', 'SKL'),
('HAR00060', 'WeTool kovová karabina otočná 20 mm černá', 26.000, 'ks', 'DIL'),
('HAR00060', 'WeTool kovová karabina otočná 20 mm černá', 181.000, 'ks', 'SKL'),
('HAR00061', 'WeTool kovové D-očko 20 mm černá', 56.000, 'ks', 'DIL'),
('HAR00061', 'WeTool kovové D-očko 20 mm černá', 23.000, 'ks', 'SKL'),
('HAR00062', 'titanová žabka 20 mm', 139.000, 'ks', 'DIL'),
('HAR00062', 'titanová žabka 20 mm', 50.000, 'ks', 'SKL'),
('HAR00063', 'PJ trojzubec 25 mm bílá (samec+samice)', 175.000, 'ks', 'DIL'),
('HAR00063', 'PJ trojzubec 25 mm bílá (samec+samice)', 180.000, 'ks', 'SKL'),
('HAR00064', 'PJ žebříček 25 mm bílá', 103.000, 'ks', 'DIL'),
('HAR00064', 'PJ žebříček 25 mm bílá', 44.000, 'ks', 'SKL'),
('HAR00065', 'PJ žebříček 20 mm bílá', 139.000, 'ks', 'DIL'),
('HAR00065', 'PJ žebříček 20 mm bílá', 71.000, 'ks', 'SKL'),
('HAR00066', 'PJ samec 20 mm bílá', 189.000, 'ks', 'DIL'),
('HAR00066', 'PJ samec 20 mm bílá', 13.000, 'ks', 'SKL'),
('HAR00067', 'PJ samice 20 mm bílá', 71.000, 'ks', 'DIL'),
('HAR00067', 'PJ samice 20 mm bílá', 105.000, 'ks', 'SKL'),
('HAR00068', 'PJ očko 20 mm bílá', 67.000, 'ks', 'DIL'),
('HAR00068', 'PJ očko 20 mm bílá', 17.000, 'ks', 'SKL'),
('HAR00069', 'PJ očko 20 mm černá', 1.000, 'ks', 'DIL'),
('HAR00069', 'PJ očko 20 mm černá', 94.000, 'ks', 'SKL'),
('HAR00070', 'PJ očko 40 mm černá', 60.000, 'ks', 'DIL'),
('HAR00070', 'PJ očko 40 mm černá', 97.000, 'ks', 'SKL'),
('HAR00071', 'PJ spona 20 mm bílá', 89.000, 'ks', 'DIL'),
('HAR00071', 'PJ spona 20 mm bílá', 195.000, 'ks', 'SKL'),
('HAR00072', 'PJ trojzubec 10 mm bílá (samec+samice)', 109.000, 'ks', 'DIL'),
('HAR00072', 'PJ trojzubec 10 mm bílá (samec+samice)', 127.000, 'ks', 'SKL'),
('HAR00073', 'PJ trojzubec 10 mm černá', 66.000, 'ks', 'DIL'),
('HAR00073', 'PJ trojzubec 10 mm černá', 78.000, 'ks', 'SKL'),
('HAR00074', 'PJ karabina 20 mm černá', 183.000, 'ks', 'DIL'),
('HAR00074', 'PJ karabina 20 mm černá', 193.000, 'ks', 'SKL'),
('HAR00075', 'PJ karabina 30 mm černá', 34.000, 'ks', 'DIL'),
('HAR00075', 'PJ karabina 30 mm černá', 193.000, 'ks', 'SKL'),
('HAR00076', 'PJ trojzubec 30 mm černá', 33.000, 'ks', 'DIL'),
('HAR00076', 'PJ trojzubec 30 mm černá', 104.000, 'ks', 'SKL'),
('HAR00077', 'PJ žebříček 40 mm černá', 76.000, 'ks', 'DIL'),
('HAR00077', 'PJ žebříček 40 mm černá', 81.000, 'ks', 'SKL'),
('HAR00078', 'PJ D-kroužek černá 20 mm', 191.000, 'ks', 'DIL'),
('HAR00078', 'PJ D-kroužek černá 20 mm', 148.000, 'ks', 'SKL'),
('HAR00079', 'Massag kovový zebříček 20 mm měděný', 122.000, 'ks', 'DIL'),
('HAR00079', 'Massag kovový zebříček 20 mm měděný', 162.000, 'ks', 'SKL'),
('HAR00080', 'Massa kovový žebříček 20 mm černá', 191.000, 'ks', 'DIL'),
('HAR00080', 'Massa kovový žebříček 20 mm černá', 82.000, 'ks', 'SKL'),
('HAR00081', 'Metal clash hook', 141.000, 'ks', 'DIL'),
('HAR00081', 'Metal clash hook', 159.000, 'ks', 'SKL'),
('LAT00001', 'Kortexin černý', 6.000, 'm', 'DIL'),
('LAT00001', 'Kortexin černý', 43.000, 'm', 'SKL'),
('LAT00002', 'Kortexin žlutý', 66.000, 'm', 'DIL'),
('LAT00002', 'Kortexin žlutý', 168.000, 'm', 'SKL'),
('LAT00003', 'Kortexin bílý', 84.000, 'm', 'DIL'),
('LAT00003', 'Kortexin bílý', 154.000, 'm', 'SKL'),
('LAT00004', 'Kortexin červený', 72.000, 'm', 'DIL'),
('LAT00004', 'Kortexin červený', 198.000, 'm', 'SKL'),
('LAT00005', 'Kortexin sv.šedá', 70.000, 'm', 'DIL'),
('LAT00005', 'Kortexin sv.šedá', 130.000, 'm', 'SKL'),
('LAT00006', 'Kortexin hnědý', 110.000, 'm', 'DIL'),
('LAT00006', 'Kortexin hnědý', 5.000, 'm', 'SKL'),
('LAT00007', 'Kortexin oranžový', 101.000, 'm', 'DIL'),
('LAT00007', 'Kortexin oranžový', 78.000, 'm', 'SKL'),
('LAT00008', 'černý PES s PVC zátěrem', 193.000, 'm', 'DIL'),
('LAT00008', 'černý PES s PVC zátěrem', 119.000, 'm', 'SKL'),
('LAT00009', 'žlutý PES s PVC zátěrem', 112.000, 'm', 'DIL'),
('LAT00009', 'žlutý PES s PVC zátěrem', 186.000, 'm', 'SKL'),
('LAT00010', '3D tkanina', 150.000, 'm', 'DIL'),
('LAT00010', '3D tkanina', 187.000, 'm', 'SKL'),
('LAT00011', 'Outlast', 181.000, 'm', 'DIL'),
('LAT00011', 'Outlast', 86.000, 'm', 'SKL'),
('LAT00012', 'Ubeon žlutá', 46.000, 'm', 'DIL'),
('LAT00012', 'Ubeon žlutá', 140.000, 'm', 'SKL'),
('LAT00013', 'Ubeon světle šedá', 76.000, 'm', 'DIL'),
('LAT00013', 'Ubeon světle šedá', 83.000, 'm', 'SKL'),
('LAT00014', 'Ubeon modrá', 105.000, 'm', 'DIL'),
('LAT00014', 'Ubeon modrá', 3.000, 'm', 'SKL'),
('LAT00015', 'Ubeon se zátěrem bílá', 21.000, 'm', 'DIL'),
('LAT00015', 'Ubeon se zátěrem bílá', 30.000, 'm', 'SKL'),
('LAT00016', 'Ulsedan zářivě žlutá', 129.000, 'm', 'DIL'),
('LAT00016', 'Ulsedan zářivě žlutá', 51.000, 'm', 'SKL'),
('LAT00017', 'Ulsedan zářivě oranžová', 92.000, 'm', 'DIL'),
('LAT00017', 'Ulsedan zářivě oranžová', 199.000, 'm', 'SKL'),
('LAT00018', 'Ulsedan modrá', 127.000, 'm', 'DIL'),
('LAT00018', 'Ulsedan modrá', 32.000, 'm', 'SKL'),
('LAT00019', 'Ulsedan černá', 43.000, 'm', 'DIL'),
('LAT00019', 'Ulsedan černá', 87.000, 'm', 'SKL'),
('LAT00020', 'Ulsedan zelená plzeňská', 87.000, 'm', 'DIL'),
('LAT00020', 'Ulsedan zelená plzeňská', 88.000, 'm', 'SKL'),
('LAT00021', 'Ulsedan červená', 18.000, 'm', 'DIL'),
('LAT00021', 'Ulsedan červená', 101.000, 'm', 'SKL'),
('LAT00022', 'Ulsedan fialová', 190.000, 'm', 'DIL'),
('LAT00022', 'Ulsedan fialová', 126.000, 'm', 'SKL'),
('LAT00023', 'Uzaron fialová', 38.000, 'm', 'DIL'),
('LAT00023', 'Uzaron fialová', 13.000, 'm', 'SKL'),
('LAT00024', 'Uzaron červená', 16.000, 'm', 'DIL'),
('LAT00024', 'Uzaron červená', 169.000, 'm', 'SKL'),
('LAT00025', 'Uzaron růžová', 9.000, 'm', 'DIL'),
('LAT00025', 'Uzaron růžová', 20.000, 'm', 'SKL'),
('LAT00026', 'Uzaron žlutá', 4.000, 'm', 'DIL'),
('LAT00026', 'Uzaron žlutá', 17.000, 'm', 'SKL'),
('LAT00027', 'Uzaron královská modrá', 110.000, 'm', 'DIL'),
('LAT00027', 'Uzaron královská modrá', 92.000, 'm', 'SKL'),
('LAT00028', 'Uzaron černá', 129.000, 'm', 'DIL'),
('LAT00028', 'Uzaron černá', 128.000, 'm', 'SKL'),
('LAT00029', 'Ubeon zelená', 162.000, 'm', 'DIL'),
('LAT00029', 'Ubeon zelená', 103.000, 'm', 'SKL'),
('LAT00030', 'Padákovina černá', 120.000, 'm', 'DIL'),
('LAT00030', 'Padákovina černá', 60.000, 'm', 'SKL'),
('LAT00031', 'Padákovina khaki', 193.000, 'm', 'DIL'),
('LAT00031', 'Padákovina khaki', 154.000, 'm', 'SKL'),
('LAT00032', 'Padákovina stříbrná', 6.000, 'm', 'DIL'),
('LAT00032', 'Padákovina stříbrná', 136.000, 'm', 'SKL'),
('LAT00033', 'Padákovina navy', 58.000, 'm', 'DIL'),
('LAT00033', 'Padákovina navy', 1.000, 'm', 'SKL'),
('LAT00034', 'Cordura CZ 1100 černá PU zátěr', 174.000, 'm', 'DIL'),
('LAT00034', 'Cordura CZ 1100 černá PU zátěr', 135.000, 'm', 'SKL'),
('LAT00035', 'Cordura CZ 1100 khaki PU zátěr', 65.000, 'm', 'DIL'),
('LAT00035', 'Cordura CZ 1100 khaki PU zátěr', 158.000, 'm', 'SKL'),
('LAT00036', 'Cordura DE 1100 černá AC zátěr', 116.000, 'm', 'DIL'),
('LAT00036', 'Cordura DE 1100 černá AC zátěr', 158.000, 'm', 'SKL'),
('LAT00037', 'Cordura DE 1100 navy AC zátěr', 166.000, 'm', 'DIL'),
('LAT00037', 'Cordura DE 1100 navy AC zátěr', 39.000, 'm', 'SKL'),
('LAT00038', 'Cordura DE 1100 oranžová AC zátěr', 94.000, 'm', 'DIL'),
('LAT00038', 'Cordura DE 1100 oranžová AC zátěr', 82.000, 'm', 'SKL'),
('LAT00039', 'Cordura DE 1100 červená AC zátěr', 148.000, 'm', 'DIL'),
('LAT00039', 'Cordura DE 1100 červená AC zátěr', 123.000, 'm', 'SKL'),
('LAT00040', 'Cordura DE 1100 modrá AC zátěr', 136.000, 'm', 'DIL'),
('LAT00040', 'Cordura DE 1100 modrá AC zátěr', 2.000, 'm', 'SKL'),
('LAT00041', 'Cordura DE 1100 žlutá AC zátěr', 11.000, 'm', 'DIL'),
('LAT00041', 'Cordura DE 1100 žlutá AC zátěr', 124.000, 'm', 'SKL'),
('LAT00042', 'Cordura DE 1100 ecru AC zátěr', 121.000, 'm', 'DIL'),
('LAT00042', 'Cordura DE 1100 ecru AC zátěr', 148.000, 'm', 'SKL'),
('LAT00043', 'Cordura DE 1100 tmavě šedá AC zátěr', 140.000, 'm', 'DIL'),
('LAT00043', 'Cordura DE 1100 tmavě šedá AC zátěr', 33.000, 'm', 'SKL'),
('LAT00044', 'Cordura DE 1100 khaki AC zátěr', 11.000, 'm', 'DIL'),
('LAT00044', 'Cordura DE 1100 khaki AC zátěr', 200.000, 'm', 'SKL'),
('LAT00045', 'Cordura DE 1100 kávová AC zátěr', 104.000, 'm', 'DIL'),
('LAT00045', 'Cordura DE 1100 kávová AC zátěr', 44.000, 'm', 'SKL'),
('LAT00046', 'Cordura Belgická \"UKORET\" 1100 černá', 67.000, 'm', 'DIL'),
('LAT00046', 'Cordura Belgická \"UKORET\" 1100 černá', 20.000, 'm', 'SKL'),
('LAT00047', 'Cordura DE 1100 trávově zelená AC zátěr', 113.000, 'm', 'DIL'),
('LAT00047', 'Cordura DE 1100 trávově zelená AC zátěr', 62.000, 'm', 'SKL'),
('LAT00048', 'Cordura DE 1100 coyote AC zátěr', 18.000, 'm', 'DIL'),
('LAT00048', 'Cordura DE 1100 coyote AC zátěr', 9.000, 'm', 'SKL'),
('LAT00049', 'Cordura DE 1100 jarní zelená AC zátěr', 166.000, 'm', 'DIL'),
('LAT00049', 'Cordura DE 1100 jarní zelená AC zátěr', 57.000, 'm', 'SKL'),
('LAT00050', 'Cordura DE 1100 tan AC zátěr', 5.000, 'm', 'DIL'),
('LAT00050', 'Cordura DE 1100 tan AC zátěr', 146.000, 'm', 'SKL'),
('LAT00051', 'Cordura DE 1100 akvamarin AC zátěr', 178.000, 'm', 'DIL'),
('LAT00051', 'Cordura DE 1100 akvamarin AC zátěr', 144.000, 'm', 'SKL'),
('LAT00052', 'Cordura DE 1100 khaki PVC zátěr', 101.000, 'm', 'DIL'),
('LAT00052', 'Cordura DE 1100 khaki PVC zátěr', 148.000, 'm', 'SKL'),
('LAT00053', 'Cordura DE 1100 šedá AC zátěr', 10.000, 'm', 'DIL'),
('LAT00053', 'Cordura DE 1100 šedá AC zátěr', 176.000, 'm', 'SKL'),
('LAT00054', 'Cordura DE 1100 fialová AC zátěr', 121.000, 'm', 'DIL'),
('LAT00054', 'Cordura DE 1100 fialová AC zátěr', 84.000, 'm', 'SKL'),
('LAT00055', 'Cordura DE 1100 zlatá AC zátěr', 142.000, 'm', 'DIL'),
('LAT00055', 'Cordura DE 1100 zlatá AC zátěr', 92.000, 'm', 'SKL'),
('LAT00056', 'Cordura DE 1100 tmavě zelená AC zátěr', 4.000, 'm', 'DIL'),
('LAT00056', 'Cordura DE 1100 tmavě zelená AC zátěr', 24.000, 'm', 'SKL'),
('LAT00057', 'Cordura DE 1100 armádní zelená AC zátěr', 39.000, 'm', 'DIL'),
('LAT00057', 'Cordura DE 1100 armádní zelená AC zátěr', 114.000, 'm', 'SKL'),
('LAT00058', 'Cordura DE 1100 olivově zelená AC zátěr', 129.000, 'm', 'DIL'),
('LAT00058', 'Cordura DE 1100 olivově zelená AC zátěr', 96.000, 'm', 'SKL'),
('LAT00059', 'Cordura DE 1100 růžová AC zátěr', 103.000, 'm', 'DIL'),
('LAT00059', 'Cordura DE 1100 růžová AC zátěr', 40.000, 'm', 'SKL'),
('LAT00060', 'Cordura CZ 500 černá PU zátěr', 164.000, 'm', 'DIL'),
('LAT00060', 'Cordura CZ 500 černá PU zátěr', 129.000, 'm', 'SKL'),
('LAT00061', 'Cordura DE 500 černá PU zátěr', 158.000, 'm', 'DIL'),
('LAT00061', 'Cordura DE 500 černá PU zátěr', 20.000, 'm', 'SKL'),
('LAT00062', 'Cordura DE 500 navy AC zátěr', 93.000, 'm', 'DIL'),
('LAT00062', 'Cordura DE 500 navy AC zátěr', 26.000, 'm', 'SKL'),
('LAT00063', 'Cordura DE 500 oranžová AC zátěr', 125.000, 'm', 'DIL'),
('LAT00063', 'Cordura DE 500 oranžová AC zátěr', 196.000, 'm', 'SKL'),
('LAT00064', 'Cordura DE 500 žlutá AC zátěr', 1.000, 'm', 'DIL'),
('LAT00064', 'Cordura DE 500 žlutá AC zátěr', 195.000, 'm', 'SKL'),
('LAT00065', 'Cordura DE 500 bílá AC zátěr', 198.000, 'm', 'DIL'),
('LAT00065', 'Cordura DE 500 bílá AC zátěr', 114.000, 'm', 'SKL'),
('LAT00066', 'Cordura DE 500 světle modrá AC zátěr', 157.000, 'm', 'DIL'),
('LAT00066', 'Cordura DE 500 světle modrá AC zátěr', 129.000, 'm', 'SKL'),
('LAT00067', 'Cordura DE 500 šedá AC zátěr', 46.000, 'm', 'DIL'),
('LAT00067', 'Cordura DE 500 šedá AC zátěr', 112.000, 'm', 'SKL'),
('LAT00068', 'Cordura DE 500 šedá/zelená AC zátěr', 45.000, 'm', 'DIL'),
('LAT00068', 'Cordura DE 500 šedá/zelená AC zátěr', 155.000, 'm', 'SKL'),
('LAT00069', 'Cordura DE 500 hnědá AC zátěr', 102.000, 'm', 'DIL'),
('LAT00069', 'Cordura DE 500 hnědá AC zátěr', 8.000, 'm', 'SKL'),
('LAT00070', 'Cordura DE 500 zářivě žlutá AC zátěr', 25.000, 'm', 'DIL'),
('LAT00070', 'Cordura DE 500 zářivě žlutá AC zátěr', 97.000, 'm', 'SKL'),
('LAT00071', 'Cordura DE 500 blankytně modrá AC zátěr', 75.000, 'm', 'DIL'),
('LAT00071', 'Cordura DE 500 blankytně modrá AC zátěr', 22.000, 'm', 'SKL'),
('LAT00072', 'Cordura DE 500 světle šedá AC zátěr', 181.000, 'm', 'DIL'),
('LAT00072', 'Cordura DE 500 světle šedá AC zátěr', 50.000, 'm', 'SKL'),
('LAT00073', 'Cordura DE 500 červená AC zátěr', 135.000, 'm', 'DIL'),
('LAT00073', 'Cordura DE 500 červená AC zátěr', 125.000, 'm', 'SKL'),
('LAT00074', 'Cordura DE 500 khaki AC zátěr', 194.000, 'm', 'DIL'),
('LAT00074', 'Cordura DE 500 khaki AC zátěr', 139.000, 'm', 'SKL'),
('LAT00075', 'Cordura DE 500 vínová AC zátěr', 33.000, 'm', 'DIL'),
('LAT00075', 'Cordura DE 500 vínová AC zátěr', 2.000, 'm', 'SKL'),
('LAT00076', 'Cordura DE 500 šedá ocelová AC zátěr', 184.000, 'm', 'DIL'),
('LAT00076', 'Cordura DE 500 šedá ocelová AC zátěr', 38.000, 'm', 'SKL'),
('LAT00077', 'Cordura DE 500 tan AC zátěr', 166.000, 'm', 'DIL'),
('LAT00077', 'Cordura DE 500 tan AC zátěr', 142.000, 'm', 'SKL'),
('LAT00078', 'Xpac VX21 black', 54.000, 'm', 'DIL'),
('LAT00078', 'Xpac VX21 black', 94.000, 'm', 'SKL'),
('LAT00079', 'Xpac VX21 purple', 117.000, 'm', 'DIL'),
('LAT00079', 'Xpac VX21 purple', 142.000, 'm', 'SKL'),
('LAT00080', 'Xpac VX21 yellow', 75.000, 'm', 'DIL'),
('LAT00080', 'Xpac VX21 yellow', 119.000, 'm', 'SKL'),
('LAT00081', 'Xpac VX21 white', 25.000, 'm', 'DIL'),
('LAT00081', 'Xpac VX21 white', 115.000, 'm', 'SKL'),
('LAT00082', 'Xpac RX36/DWR black', 75.000, 'm', 'DIL'),
('LAT00082', 'Xpac RX36/DWR black', 131.000, 'm', 'SKL'),
('LAT00083', 'Xpac RX36/DWR white', 3.000, 'm', 'DIL'),
('LAT00083', 'Xpac RX36/DWR white', 17.000, 'm', 'SKL'),
('LAT00084', 'Xpac RX30/DWR black', 104.000, 'm', 'DIL'),
('LAT00084', 'Xpac RX30/DWR black', 150.000, 'm', 'SKL'),
('LAT00085', 'Xpac RX15/DWR white', 66.000, 'm', 'DIL'),
('LAT00085', 'Xpac RX15/DWR white', 90.000, 'm', 'SKL'),
('LAT00086', 'Xpac VX21 RIPSTOP black', 44.000, 'm', 'DIL'),
('LAT00086', 'Xpac VX21 RIPSTOP black', 85.000, 'm', 'SKL'),
('LAT00087', 'Patrik Antzcak tisk', 85.000, 'm', 'DIL'),
('LAT00087', 'Patrik Antzcak tisk', 194.000, 'm', 'SKL'),
('LAT00088', 'Paperjoe tisk', 4.000, 'm', 'DIL'),
('LAT00088', 'Paperjoe tisk', 189.000, 'm', 'SKL'),
('LAT00089', 'Bavlna CZ černá', 188.000, 'm', 'DIL'),
('LAT00089', 'Bavlna CZ černá', 199.000, 'm', 'SKL'),
('LAT00090', 'Bavlna IT impregnace černá', 65.000, 'm', 'DIL'),
('LAT00090', 'Bavlna IT impregnace černá', 11.000, 'm', 'SKL'),
('LAT00091', 'Bavlna IT oranžová', 170.000, 'm', 'DIL'),
('LAT00091', 'Bavlna IT oranžová', 79.000, 'm', 'SKL'),
('LAT00092', 'Bavlna CZ khaki', 170.000, 'm', 'DIL'),
('LAT00092', 'Bavlna CZ khaki', 70.000, 'm', 'SKL'),
('LAT00093', 'Bavlna IT přírodní', 85.000, 'm', 'DIL'),
('LAT00093', 'Bavlna IT přírodní', 65.000, 'm', 'SKL'),
('LAT00094', 'Bavlna CZ přírodn', 76.000, 'm', 'DIL'),
('LAT00094', 'Bavlna CZ přírodn', 195.000, 'm', 'SKL'),
('LAT00095', 'Bavlna CZ žlutá', 58.000, 'm', 'DIL'),
('LAT00095', 'Bavlna CZ žlutá', 178.000, 'm', 'SKL'),
('LAT00096', 'Bavlna CZ tmavě žlutá', 11.000, 'm', 'DIL'),
('LAT00096', 'Bavlna CZ tmavě žlutá', 183.000, 'm', 'SKL'),
('LAT00097', 'Bavlna CZ magenta', 158.000, 'm', 'DIL'),
('LAT00097', 'Bavlna CZ magenta', 198.000, 'm', 'SKL'),
('LAT00098', 'Bavlna CZ modrá', 26.000, 'm', 'DIL'),
('LAT00098', 'Bavlna CZ modrá', 142.000, 'm', 'SKL'),
('LAT00099', 'Bavlna England (monocle) khaki', 173.000, 'm', 'DIL'),
('LAT00099', 'Bavlna England (monocle) khaki', 190.000, 'm', 'SKL'),
('LAT00100', 'Bavlna England (monocle) navy', 75.000, 'm', 'DIL'),
('LAT00100', 'Bavlna England (monocle) navy', 42.000, 'm', 'SKL'),
('LAT00101', 'podložení molitanu záda', 184.000, 'm', 'DIL'),
('LAT00101', 'podložení molitanu záda', 118.000, 'm', 'SKL'),
('LAT00102', 'SILK 0842 černá', 12.000, 'm', 'DIL'),
('LAT00102', 'SILK 0842 černá', 172.000, 'm', 'SKL'),
('LAT00103', 'SILK 0250 rezavá', 56.000, 'm', 'DIL'),
('LAT00103', 'SILK 0250 rezavá', 147.000, 'm', 'SKL'),
('LAT00104', 'VENICE 64080 Albiocca tělová', 163.000, 'm', 'DIL'),
('LAT00104', 'VENICE 64080 Albiocca tělová', 117.000, 'm', 'SKL'),
('LAT00105', 'VENICE 64100 Black černá', 50.000, 'm', 'DIL'),
('LAT00105', 'VENICE 64100 Black černá', 16.000, 'm', 'SKL'),
('LAT00106', 'VENICE 64030 Ecrú písková', 143.000, 'm', 'DIL'),
('LAT00106', 'VENICE 64030 Ecrú písková', 67.000, 'm', 'SKL'),
('LAT00107', 'VENICE 64150 Pervinca lila', 157.000, 'm', 'DIL'),
('LAT00107', 'VENICE 64150 Pervinca lila', 24.000, 'm', 'SKL'),
('LAT00108', 'VENICE 64150 Cloud Pink nude', 103.000, 'm', 'DIL'),
('LAT00108', 'VENICE 64150 Cloud Pink nude', 33.000, 'm', 'SKL'),
('LAT00109', 'VENICE 64110 Corallo lososová', 73.000, 'm', 'DIL'),
('LAT00109', 'VENICE 64110 Corallo lososová', 65.000, 'm', 'SKL'),
('LAT00110', 'VENICE 64040 Cappuccino bílá káva', 88.000, 'm', 'DIL'),
('LAT00110', 'VENICE 64040 Cappuccino bílá káva', 64.000, 'm', 'SKL'),
('NIT00001', 'Ultrapoly 30 černá 999', 2.000, 'ks', 'DIL'),
('NIT00001', 'Ultrapoly 30 černá 999', 137.000, 'ks', 'SKL'),
('NIT00002', 'Ultrapoly 30 modrá 549', 15.000, 'ks', 'DIL'),
('NIT00002', 'Ultrapoly 30 modrá 549', 48.000, 'ks', 'SKL'),
('NIT00003', 'Ultrapoly 30 světle šedá 882', 143.000, 'ks', 'DIL'),
('NIT00003', 'Ultrapoly 30 světle šedá 882', 98.000, 'ks', 'SKL'),
('NIT00004', 'Ultrapoly 30 žlutá 125', 133.000, 'ks', 'DIL'),
('NIT00004', 'Ultrapoly 30 žlutá 125', 105.000, 'ks', 'SKL'),
('NIT00005', 'Ultrapoly 30 královská modrá 556', 108.000, 'ks', 'DIL'),
('NIT00005', 'Ultrapoly 30 královská modrá 556', 131.000, 'ks', 'SKL'),
('NIT00006', 'Ultrapoly 30 zářivě růžová 345', 1.000, 'ks', 'DIL'),
('NIT00006', 'Ultrapoly 30 zářivě růžová 345', 190.000, 'ks', 'SKL'),
('NIT00007', 'Ultrapoly 30 neon oranžová 215', 178.000, 'ks', 'DIL'),
('NIT00007', 'Ultrapoly 30 neon oranžová 215', 11.000, 'ks', 'SKL'),
('NIT00008', 'Ultrapoly 30 bílá 001', 151.000, 'ks', 'DIL'),
('NIT00008', 'Ultrapoly 30 bílá 001', 141.000, 'ks', 'SKL'),
('NIT00009', 'Ultrapoly 30 modrá podšívka 658', 87.000, 'ks', 'DIL'),
('NIT00009', 'Ultrapoly 30 modrá podšívka 658', 96.000, 'ks', 'SKL'),
('NIT00010', 'Ultrapoly 30 fialová 458', 48.000, 'ks', 'DIL'),
('NIT00010', 'Ultrapoly 30 fialová 458', 111.000, 'ks', 'SKL'),
('NIT00011', 'Ultrapoly 30 přírodní 710', 74.000, 'ks', 'DIL'),
('NIT00011', 'Ultrapoly 30 přírodní 710', 72.000, 'ks', 'SKL'),
('NIT00012', 'Ultrapoly 30 vínová 344', 137.000, 'ks', 'DIL'),
('NIT00012', 'Ultrapoly 30 vínová 344', 42.000, 'ks', 'SKL'),
('NIT00013', 'Ultrapoly 30 červená 337', 47.000, 'ks', 'DIL'),
('NIT00013', 'Ultrapoly 30 červená 337', 155.000, 'ks', 'SKL'),
('NIT00014', 'Ultrapoly 30 tmavě šedá 888', 77.000, 'ks', 'DIL'),
('NIT00014', 'Ultrapoly 30 tmavě šedá 888', 183.000, 'ks', 'SKL'),
('NIT00015', 'Ultrapoly 30 desertní 1222', 104.000, 'ks', 'DIL'),
('NIT00015', 'Ultrapoly 30 desertní 1222', 120.000, 'ks', 'SKL'),
('NIT00016', 'Ultrapoly 30 neon žlutá 115', 83.000, 'ks', 'DIL'),
('NIT00016', 'Ultrapoly 30 neon žlutá 115', 26.000, 'ks', 'SKL'),
('NIT00017', 'Ultrapoly 30 foxy 273', 106.000, 'ks', 'DIL'),
('NIT00017', 'Ultrapoly 30 foxy 273', 192.000, 'ks', 'SKL'),
('POP00001', 'poporuh černý PAD 10 mm', 192.000, 'm', 'DIL'),
('POP00001', 'poporuh černý PAD 10 mm', 113.000, 'm', 'SKL'),
('POP00002', 'popruh černý PAD 16 mm', 83.000, 'm', 'DIL'),
('POP00002', 'popruh černý PAD 16 mm', 161.000, 'm', 'SKL'),
('POP00003', 'popruh černý PAD 20 mm', 128.000, 'm', 'DIL'),
('POP00003', 'popruh černý PAD 20 mm', 58.000, 'm', 'SKL'),
('POP00004', 'popruh černý PAD 25 mm', 188.000, 'm', 'DIL'),
('POP00004', 'popruh černý PAD 25 mm', 181.000, 'm', 'SKL'),
('POP00005', 'popruh černý PAD 40 mm', 7.000, 'm', 'DIL'),
('POP00005', 'popruh černý PAD 40 mm', 180.000, 'm', 'SKL'),
('POP00006', 'lemovka černá PAD 25 mm', 31.000, 'm', 'DIL'),
('POP00006', 'lemovka černá PAD 25 mm', 186.000, 'm', 'SKL'),
('POP00007', 'lemovka černá PES 25 mm', 109.000, 'm', 'DIL'),
('POP00007', 'lemovka černá PES 25 mm', 88.000, 'm', 'SKL'),
('POP00008', 'pruženka černá 25 mm', 138.000, 'm', 'DIL'),
('POP00008', 'pruženka černá 25 mm', 5.000, 'm', 'SKL'),
('POP00009', 'popruh černý PES 10 mm', 159.000, 'm', 'DIL'),
('POP00009', 'popruh černý PES 10 mm', 68.000, 'm', 'SKL'),
('POP00010', 'popruh černý PES 16 mm', 78.000, 'm', 'DIL'),
('POP00010', 'popruh černý PES 16 mm', 158.000, 'm', 'SKL'),
('POP00011', 'popruh černý PES 20 mm', 133.000, 'm', 'DIL'),
('POP00011', 'popruh černý PES 20 mm', 113.000, 'm', 'SKL'),
('POP00012', 'popruh černý PES 25 mm', 36.000, 'm', 'DIL'),
('POP00012', 'popruh černý PES 25 mm', 196.000, 'm', 'SKL'),
('POP00013', 'popruh černý PES 55 mm', 2.000, 'm', 'DIL'),
('POP00013', 'popruh černý PES 55 mm', 53.000, 'm', 'SKL'),
('POP00014', 'popruh černý bavlna 20 mm', 141.000, 'm', 'DIL'),
('POP00014', 'popruh černý bavlna 20 mm', 48.000, 'm', 'SKL'),
('POP00015', 'popruh bílý PAD 10 mm', 142.000, 'm', 'DIL'),
('POP00015', 'popruh bílý PAD 10 mm', 179.000, 'm', 'SKL'),
('POP00016', 'popruh bílý PAD 20 mm', 45.000, 'm', 'DIL'),
('POP00016', 'popruh bílý PAD 20 mm', 145.000, 'm', 'SKL'),
('POP00017', 'popruh bílý PAD 25 mm', 114.000, 'm', 'DIL'),
('POP00017', 'popruh bílý PAD 25 mm', 127.000, 'm', 'SKL'),
('POP00018', 'popruh přírodní bavlna 20 mm', 14.000, 'm', 'DIL'),
('POP00018', 'popruh přírodní bavlna 20 mm', 126.000, 'm', 'SKL'),
('POP00019', 'popruh přírodní bavlna 30 mm', 195.000, 'm', 'DIL'),
('POP00019', 'popruh přírodní bavlna 30 mm', 35.000, 'm', 'SKL'),
('POP00020', 'popruh modrý PAD 10 mm', 67.000, 'm', 'DIL'),
('POP00020', 'popruh modrý PAD 10 mm', 121.000, 'm', 'SKL'),
('POP00021', 'popruh modrý PAD 20 mm', 186.000, 'm', 'DIL'),
('POP00021', 'popruh modrý PAD 20 mm', 3.000, 'm', 'SKL'),
('POP00022', 'popruh modrý PAD 25 mm', 156.000, 'm', 'DIL'),
('POP00022', 'popruh modrý PAD 25 mm', 146.000, 'm', 'SKL'),
('POP00023', 'popruh modrý bavlna 40 mm', 29.000, 'm', 'DIL'),
('POP00023', 'popruh modrý bavlna 40 mm', 19.000, 'm', 'SKL'),
('POP00024', 'popruh oranžový reflexní PAD 16 mm', 50.000, 'm', 'DIL'),
('POP00024', 'popruh oranžový reflexní PAD 16 mm', 34.000, 'm', 'SKL'),
('POP00025', 'popruh oranžový reflexní PAD 20 mm', 23.000, 'm', 'DIL'),
('POP00025', 'popruh oranžový reflexní PAD 20 mm', 132.000, 'm', 'SKL'),
('POP00026', 'popruh oranžový tmavě PAD 20 mm', 98.000, 'm', 'DIL'),
('POP00026', 'popruh oranžový tmavě PAD 20 mm', 41.000, 'm', 'SKL'),
('POP00027', 'popruh červený PAD 10 mm', 93.000, 'm', 'DIL'),
('POP00027', 'popruh červený PAD 10 mm', 65.000, 'm', 'SKL'),
('POP00028', 'popruh červený PAD 20 mm', 23.000, 'm', 'DIL'),
('POP00028', 'popruh červený PAD 20 mm', 125.000, 'm', 'SKL'),
('POP00029', 'popruh červený PAD 25 mm', 122.000, 'm', 'DIL'),
('POP00029', 'popruh červený PAD 25 mm', 73.000, 'm', 'SKL'),
('POP00030', 'popruh zelený reflexní PAD 10 mm', 70.000, 'm', 'DIL'),
('POP00030', 'popruh zelený reflexní PAD 10 mm', 131.000, 'm', 'SKL'),
('POP00031', 'popruh žlutý PAD 10 mm', 21.000, 'm', 'DIL'),
('POP00031', 'popruh žlutý PAD 10 mm', 114.000, 'm', 'SKL'),
('POP00032', 'popruh šedý PAD 10 mm', 167.000, 'm', 'DIL'),
('POP00032', 'popruh šedý PAD 10 mm', 21.000, 'm', 'SKL'),
('POP00033', 'popruh béžový PAD 20 mm', 156.000, 'm', 'DIL'),
('POP00033', 'popruh béžový PAD 20 mm', 110.000, 'm', 'SKL'),
('POP00034', 'popruh fialový PAD 20 mm', 180.000, 'm', 'DIL'),
('POP00034', 'popruh fialový PAD 20 mm', 41.000, 'm', 'SKL'),
('POP00035', 'popruh kaki bavlna 34 mm', 199.000, 'm', 'DIL'),
('POP00035', 'popruh kaki bavlna 34 mm', 143.000, 'm', 'SKL'),
('POP00036', 'popruh pruhovaný č,o,z,m,ž 25 mm', 159.000, 'm', 'DIL'),
('POP00036', 'popruh pruhovaný č,o,z,m,ž 25 mm', 19.000, 'm', 'SKL'),
('POP00037', 'popruh pruhovaný š,f,š 30 mm', 166.000, 'm', 'DIL'),
('POP00037', 'popruh pruhovaný š,f,š 30 mm', 189.000, 'm', 'SKL'),
('POP00038', 'pryžové vlákno černá PES', 42.000, 'm', 'DIL'),
('POP00038', 'pryžové vlákno černá PES', 165.000, 'm', 'SKL'),
('POP00039', 'gumolano červené 4mm', 90.000, 'm', 'DIL'),
('POP00039', 'gumolano červené 4mm', 110.000, 'm', 'SKL'),
('POP00040', 'oděvní vázačka bílý PES 3,5mm', 83.000, 'm', 'DIL'),
('POP00040', 'oděvní vázačka bílý PES 3,5mm', 185.000, 'm', 'SKL'),
('POP00041', 'oděvní vázačka černý PES 3,5 mm', 185.000, 'm', 'DIL'),
('POP00041', 'oděvní vázačka černý PES 3,5 mm', 66.000, 'm', 'SKL'),
('POP00042', 'oděvní vázačka žlutý PES 3,5 mm', 196.000, 'm', 'DIL'),
('POP00042', 'oděvní vázačka žlutý PES 3,5 mm', 80.000, 'm', 'SKL'),
('POP00043', 'paracorde modrá  3,5 mm', 23.000, 'm', 'DIL'),
('POP00043', 'paracorde modrá  3,5 mm', 116.000, 'm', 'SKL'),
('POP00044', 'paracorde červený 3,5 mm', 171.000, 'm', 'DIL'),
('POP00044', 'paracorde červený 3,5 mm', 60.000, 'm', 'SKL'),
('POP00045', 'paracorde černý 3,5 mm', 49.000, 'm', 'DIL'),
('POP00045', 'paracorde černý 3,5 mm', 48.000, 'm', 'SKL'),
('POP00046', 'automobilové pásy 45mm', 14.000, 'm', 'DIL'),
('POP00046', 'automobilové pásy 45mm', 67.000, 'm', 'SKL'),
('POP00047', 'dutinka zlatá 20 mm', 126.000, 'm', 'DIL'),
('POP00047', 'dutinka zlatá 20 mm', 48.000, 'm', 'SKL'),
('POP00048', 'suché zipy 10 mm háček', 16.000, 'm', 'DIL'),
('POP00048', 'suché zipy 10 mm háček', 70.000, 'm', 'SKL'),
('POP00049', 'suché zipy 10 mm plyš', 112.000, 'm', 'DIL'),
('POP00049', 'suché zipy 10 mm plyš', 112.000, 'm', 'SKL'),
('POP00050', 'suché zipy 25 mm háček', 155.000, 'm', 'DIL'),
('POP00050', 'suché zipy 25 mm háček', 78.000, 'm', 'SKL'),
('POP00051', 'suché zipy 25 mm plyš', 57.000, 'm', 'DIL'),
('POP00051', 'suché zipy 25 mm plyš', 25.000, 'm', 'SKL'),
('POP00052', 'suché zipy 30 mm háček', 98.000, 'm', 'DIL'),
('POP00052', 'suché zipy 30 mm háček', 24.000, 'm', 'SKL'),
('POP00053', 'suché zipy 30 mm plyš', 93.000, 'ks', 'DIL'),
('POP00053', 'suché zipy 30 mm plyš', 15.000, 'ks', 'SKL'),
('POP00054', 'prsní zavírání pytel 20mm*600mm', 20.000, 'ks', 'DIL'),
('POP00054', 'prsní zavírání pytel 20mm*600mm', 181.000, 'ks', 'SKL'),
('POP00055', 'horní lem pytel 20mm*930mm', 10.000, 'ks', 'DIL'),
('POP00055', 'horní lem pytel 20mm*930mm', 176.000, 'ks', 'SKL'),
('VYP00001', 'Molitan 2 cm', 150.000, 'm', 'DIL'),
('VYP00001', 'Molitan 2 cm', 61.000, 'm', 'SKL'),
('VYP00002', 'EVA pěna 10 mm', 77.000, 'm', 'DIL'),
('VYP00002', 'EVA pěna 10 mm', 9.000, 'm', 'SKL'),
('VYP00003', 'Eva pěna 6 mm', 174.000, 'm', 'DIL'),
('VYP00003', 'Eva pěna 6 mm', 152.000, 'm', 'SKL'),
('VYP00004', 'Eva pěna 2 mm', 177.000, 'm', 'DIL'),
('VYP00004', 'Eva pěna 2 mm', 56.000, 'm', 'SKL');

-- --------------------------------------------------------

--
-- Struktura tabulky `subcommodities`
--

CREATE TABLE `subcommodities` (
  `subcom_code` varchar(5) NOT NULL,
  `subcom_name` varchar(25) NOT NULL,
  `com_code` varchar(5) NOT NULL
) ENGINE=InnoDB DEFAULT CHARSET=utf8mb4 COLLATE=utf8mb4_czech_ci;

--
-- Vypisuji data pro tabulku `subcommodities`
--

INSERT INTO `subcommodities` (`subcom_code`, `subcom_name`, `com_code`) VALUES
('', 'Not defined', 'LAT'),
('AME', 'Amerika', 'LAT'),
('ASI', 'Latky Asie', 'LAT'),
('BAV', 'Bavlna', 'LAT'),
('COR', 'Cordura', 'LAT'),
('FUN', 'Funkcni latky', 'LAT'),
('KUZ', 'Kuze', 'LAT'),
('new', 'new', 'LAT'),
('new2', 'new2', 'BRA'),
('PAD', 'Padakovina', 'LAT'),
('PES', 'Potiskly PES', 'LAT'),
('PODK', 'Podklad', 'LAT'),
('PODS', 'Podsivkovina', 'LAT');

-- --------------------------------------------------------

--
-- Struktura tabulky `units`
--

CREATE TABLE `units` (
  `unit_code` varchar(5) NOT NULL,
  `unit_name` varchar(25) NOT NULL
) ENGINE=InnoDB DEFAULT CHARSET=utf8mb4 COLLATE=utf8mb4_czech_ci;

--
-- Vypisuji data pro tabulku `units`
--

INSERT INTO `units` (`unit_code`, `unit_name`) VALUES
('aaa', 'aaa'),
('abc', 'sssd'),
('cod', 'codigo'),
('ert', 'ert'),
('km', 'kilometr'),
('km10', 'ssss'),
('km2', 'kilometr2'),
('km3', 'kilometr3'),
('km4', 'kilometr3'),
('km5', 'kilometr5'),
('km6', 'kilometr5'),
('km7', 'ksks'),
('ks', 'kus'),
('m', 'metr'),
('new', 'newaa'),
('qqq', 'qqq'),
('roll', 'role'),
('sss', 'sss'),
('uuu', 'uuu');

--
-- Indexy pro exportované tabulky
--

--
-- Indexy pro tabulku `commodities`
--
ALTER TABLE `commodities`
  ADD PRIMARY KEY (`com_code`);

--
-- Indexy pro tabulku `locations`
--
ALTER TABLE `locations`
  ADD PRIMARY KEY (`location_code`);

--
-- Indexy pro tabulku `material_list`
--
ALTER TABLE `material_list`
  ADD PRIMARY KEY (`part_number`),
  ADD UNIQUE KEY `description` (`description`),
  ADD KEY `fk_com_code_material_list` (`com_code`),
  ADD KEY `fk_subcom_code_material_list` (`subcom_code`),
  ADD KEY `fk_unit_code_material_list` (`unit_code`);

--
-- Indexy pro tabulku `stock_on_hand`
--
ALTER TABLE `stock_on_hand`
  ADD PRIMARY KEY (`part_number`,`location_code`),
  ADD KEY `fk_unit_code_soh` (`unit_code`),
  ADD KEY `fk_location_code_soh` (`location_code`),
  ADD KEY `fk_description_soh` (`description`);

--
-- Indexy pro tabulku `subcommodities`
--
ALTER TABLE `subcommodities`
  ADD PRIMARY KEY (`subcom_code`),
  ADD KEY `fk_com_code_subcommodities` (`com_code`);

--
-- Indexy pro tabulku `units`
--
ALTER TABLE `units`
  ADD PRIMARY KEY (`unit_code`);

--
-- Omezení pro exportované tabulky
--

--
-- Omezení pro tabulku `material_list`
--
ALTER TABLE `material_list`
  ADD CONSTRAINT `fk_com_code_material_list` FOREIGN KEY (`com_code`) REFERENCES `commodities` (`com_code`) ON UPDATE CASCADE,
  ADD CONSTRAINT `fk_subcom_code_material_list` FOREIGN KEY (`subcom_code`) REFERENCES `subcommodities` (`subcom_code`) ON UPDATE CASCADE,
  ADD CONSTRAINT `fk_unit_code_material_list` FOREIGN KEY (`unit_code`) REFERENCES `units` (`unit_code`) ON UPDATE CASCADE;

--
-- Omezení pro tabulku `stock_on_hand`
--
ALTER TABLE `stock_on_hand`
  ADD CONSTRAINT `fk_description_soh` FOREIGN KEY (`description`) REFERENCES `material_list` (`description`) ON UPDATE CASCADE,
  ADD CONSTRAINT `fk_location_code_soh` FOREIGN KEY (`location_code`) REFERENCES `locations` (`location_code`) ON UPDATE CASCADE,
  ADD CONSTRAINT `fk_part_number_soh` FOREIGN KEY (`part_number`) REFERENCES `material_list` (`part_number`) ON UPDATE CASCADE,
  ADD CONSTRAINT `fk_unit_code_soh` FOREIGN KEY (`unit_code`) REFERENCES `units` (`unit_code`) ON UPDATE CASCADE;

--
-- Omezení pro tabulku `subcommodities`
--
ALTER TABLE `subcommodities`
  ADD CONSTRAINT `fk_com_code_subcommodities` FOREIGN KEY (`com_code`) REFERENCES `commodities` (`com_code`) ON UPDATE CASCADE;
COMMIT;

/*!40101 SET CHARACTER_SET_CLIENT=@OLD_CHARACTER_SET_CLIENT */;
/*!40101 SET CHARACTER_SET_RESULTS=@OLD_CHARACTER_SET_RESULTS */;
/*!40101 SET COLLATION_CONNECTION=@OLD_COLLATION_CONNECTION */;
