-- phpMyAdmin SQL Dump
-- version 5.2.1
-- https://www.phpmyadmin.net/
--
-- Počítač: 127.0.0.1
-- Vytvořeno: Pon 27. kvě 2024, 16:41
-- Verze serveru: 10.4.32-MariaDB
-- Verze PHP: 8.2.12

SET SQL_MODE = "NO_AUTO_VALUE_ON_ZERO";
START TRANSACTION;
SET time_zone = "+00:00";


/*!40101 SET @OLD_CHARACTER_SET_CLIENT=@@CHARACTER_SET_CLIENT */;
/*!40101 SET @OLD_CHARACTER_SET_RESULTS=@@CHARACTER_SET_RESULTS */;
/*!40101 SET @OLD_COLLATION_CONNECTION=@@COLLATION_CONNECTION */;
/*!40101 SET NAMES utf8mb4 */;

--
-- Databáze: `braasi_inventory`
--

-- --------------------------------------------------------

--
-- Struktura tabulky `bom`
--

CREATE TABLE `bom` (
  `product_code` varchar(10) NOT NULL,
  `part_number` varchar(10) NOT NULL,
  `usage` decimal(10,3) NOT NULL
) ENGINE=InnoDB DEFAULT CHARSET=utf8mb4 COLLATE=utf8mb4_czech_ci;

--
-- Vypisuji data pro tabulku `bom`
--

INSERT INTO `bom` (`product_code`, `part_number`, `usage`) VALUES
('ACSR000001', 'BRND000003', 1.000),
('ACSR000001', 'HRDW000038', 1.000),
('ACSR000001', 'PCKG000001', 1.000),
('ACSR000001', 'PCKG000002', 1.000),
('ACSR000001', 'PCKG000003', 1.000),
('ACSR000001', 'PCKG000004', 1.000),
('ACSR000001', 'PCKG000005', 1.000),
('ACSR000001', 'PCKG000006', 1.000),
('ACSR000001', 'STRP000004', 0.000),
('ACSR000001', 'STRP000005', 1.000),
('ACSR000001', 'STRP000040', 0.000),
('ACSR000002', 'BRND000003', 1.000),
('ACSR000002', 'HRDW000038', 1.000),
('ACSR000002', 'PCKG000001', 1.000),
('ACSR000002', 'PCKG000002', 1.000),
('ACSR000002', 'PCKG000003', 1.000),
('ACSR000002', 'PCKG000004', 1.000),
('ACSR000002', 'PCKG000005', 1.000),
('ACSR000002', 'PCKG000006', 1.000),
('ACSR000002', 'STRP000004', 0.000),
('ACSR000002', 'STRP000005', 1.000),
('ACSR000002', 'STRP000040', 0.000),
('ACSR000003', 'BRND000001', 1.000),
('ACSR000003', 'BRND000003', 1.000),
('ACSR000003', 'HRDW000021', 1.000),
('ACSR000003', 'HRDW000061', 8.000),
('ACSR000003', 'PCKG000002', 1.000),
('ACSR000003', 'PCKG000004', 1.000),
('ACSR000003', 'PCKG000005', 1.000),
('ACSR000003', 'PCKG000006', 1.000),
('ACSR000003', 'STRP000001', 0.000),
('ACSR000003', 'STRP000006', 0.000),
('ACSR000003', 'STRP000015', 2.000),
('ACSR000004', 'BRND000001', 1.000),
('ACSR000004', 'BRND000003', 1.000),
('ACSR000004', 'HRDW000021', 1.000),
('ACSR000004', 'HRDW000061', 8.000),
('ACSR000004', 'PCKG000002', 1.000),
('ACSR000004', 'STRP000001', 0.000),
('ACSR000004', 'STRP000015', 2.000),
('ACSR000005', 'BRND000001', 1.000),
('ACSR000005', 'BRND000003', 1.000),
('ACSR000005', 'HRDW000088', 1.000),
('ACSR000005', 'PCKG000002', 1.000),
('ACSR000005', 'PCKG000004', 1.000),
('ACSR000005', 'PCKG000005', 1.000),
('ACSR000005', 'PCKG000006', 1.000),
('ACSR000005', 'STRP000005', 3.000),
('ACSR000006', 'BRND000001', 1.000),
('ACSR000006', 'BRND000003', 1.000),
('ACSR000006', 'HRDW000088', 1.000),
('ACSR000006', 'PCKG000002', 1.000),
('ACSR000006', 'PCKG000004', 1.000),
('ACSR000006', 'PCKG000005', 1.000),
('ACSR000006', 'PCKG000006', 1.000),
('ACSR000006', 'STRP000005', 3.000),
('ACSR000007', 'HRDW000018', 0.000),
('ACSR000007', 'HRDW000019', 1.000),
('ACSR000007', 'PCKG000002', 1.000),
('ACSR000007', 'PCKG000004', 1.000),
('ACSR000007', 'PCKG000005', 1.000),
('ACSR000007', 'PCKG000006', 1.000),
('ACSR000007', 'STRP000004', 0.000),
('ACSR000007', 'STRP000006', 0.000),
('ACSR000008', 'HRDW000018', 0.000),
('ACSR000008', 'HRDW000019', 1.000),
('ACSR000008', 'PCKG000002', 1.000),
('ACSR000008', 'PCKG000004', 1.000),
('ACSR000008', 'PCKG000005', 1.000),
('ACSR000008', 'PCKG000006', 1.000),
('ACSR000008', 'STRP000004', 0.000),
('ACSR000008', 'STRP000006', 0.000),
('ACSR000009', 'BRND000001', 1.000),
('ACSR000009', 'HRDW000018', 0.000),
('ACSR000009', 'HRDW000019', 2.000),
('ACSR000009', 'HRDW000021', 1.000),
('ACSR000009', 'HRDW000029', 1.000),
('ACSR000009', 'PCKG000002', 1.000),
('ACSR000009', 'PCKG000004', 1.000),
('ACSR000009', 'PCKG000005', 1.000),
('ACSR000009', 'PCKG000006', 1.000),
('ACSR000009', 'STRP000001', 0.000),
('ACSR000009', 'STRP000002', 0.000),
('ACSR000009', 'STRP000005', 1.000),
('ACSR000009', 'STRP000009', 0.000),
('ACSR000009', 'STRP000046', 0.000),
('ACSR000010', 'BRND000001', 1.000),
('ACSR000010', 'HRDW000018', 0.000),
('ACSR000010', 'HRDW000019', 2.000),
('ACSR000010', 'HRDW000021', 1.000),
('ACSR000010', 'HRDW000029', 1.000),
('ACSR000010', 'PCKG000002', 1.000),
('ACSR000010', 'PCKG000004', 1.000),
('ACSR000010', 'PCKG000005', 1.000),
('ACSR000010', 'PCKG000006', 1.000),
('ACSR000010', 'STRP000001', 0.000),
('ACSR000010', 'STRP000002', 0.000),
('ACSR000010', 'STRP000005', 1.000),
('ACSR000010', 'STRP000009', 0.000),
('ACSR000010', 'STRP000046', 0.000),
('ACSR000011', 'BRND000001', 1.000),
('ACSR000011', 'HRDW000018', 0.000),
('ACSR000011', 'HRDW000019', 2.000),
('ACSR000011', 'HRDW000021', 1.000),
('ACSR000011', 'HRDW000029', 1.000),
('ACSR000011', 'PCKG000002', 1.000),
('ACSR000011', 'PCKG000004', 1.000),
('ACSR000011', 'PCKG000005', 1.000),
('ACSR000011', 'PCKG000006', 1.000),
('ACSR000011', 'STRP000001', 0.000),
('ACSR000011', 'STRP000002', 0.000),
('ACSR000011', 'STRP000005', 1.000),
('ACSR000011', 'STRP000009', 0.000),
('ACSR000011', 'STRP000046', 0.000),
('ACSR000012', 'BRND000001', 1.000),
('ACSR000012', 'HRDW000018', 0.000),
('ACSR000012', 'HRDW000019', 2.000),
('ACSR000012', 'HRDW000021', 1.000),
('ACSR000012', 'HRDW000029', 1.000),
('ACSR000012', 'PCKG000002', 1.000),
('ACSR000012', 'PCKG000004', 1.000),
('ACSR000012', 'PCKG000005', 1.000),
('ACSR000012', 'PCKG000006', 1.000),
('ACSR000012', 'STRP000001', 0.000),
('ACSR000012', 'STRP000002', 0.000),
('ACSR000012', 'STRP000005', 1.000),
('ACSR000012', 'STRP000009', 0.000),
('ACSR000012', 'STRP000046', 0.000),
('ACSR000013', 'BRND000001', 1.000),
('ACSR000013', 'HRDW000018', 0.000),
('ACSR000013', 'HRDW000019', 2.000),
('ACSR000013', 'HRDW000021', 1.000),
('ACSR000013', 'HRDW000029', 1.000),
('ACSR000013', 'PCKG000002', 1.000),
('ACSR000013', 'PCKG000004', 1.000),
('ACSR000013', 'PCKG000005', 1.000),
('ACSR000013', 'PCKG000006', 1.000),
('ACSR000013', 'STRP000001', 0.000),
('ACSR000013', 'STRP000002', 0.000),
('ACSR000013', 'STRP000005', 1.000),
('ACSR000013', 'STRP000009', 0.000),
('ACSR000013', 'STRP000046', 0.000),
('ACSR000014', 'BRND000001', 1.000),
('ACSR000014', 'HRDW000018', 0.000),
('ACSR000014', 'HRDW000019', 2.000),
('ACSR000014', 'HRDW000021', 1.000),
('ACSR000014', 'HRDW000029', 1.000),
('ACSR000014', 'PCKG000002', 1.000),
('ACSR000014', 'PCKG000004', 1.000),
('ACSR000014', 'PCKG000005', 1.000),
('ACSR000014', 'PCKG000006', 1.000),
('ACSR000014', 'STRP000001', 0.000),
('ACSR000014', 'STRP000002', 0.000),
('ACSR000014', 'STRP000005', 1.000),
('ACSR000014', 'STRP000009', 0.000),
('ACSR000014', 'STRP000046', 0.000),
('ACSR000015', 'BRND000001', 1.000),
('ACSR000015', 'HRDW000018', 0.000),
('ACSR000015', 'HRDW000019', 2.000),
('ACSR000015', 'HRDW000021', 1.000),
('ACSR000015', 'HRDW000029', 1.000),
('ACSR000015', 'PCKG000002', 1.000),
('ACSR000015', 'STRP000001', 0.000),
('ACSR000015', 'STRP000002', 0.000),
('ACSR000015', 'STRP000005', 1.000),
('ACSR000015', 'STRP000006', 0.000),
('ACSR000015', 'STRP000008', 0.000),
('ACSR000015', 'STRP000046', 0.000),
('ACSR000016', 'BRND000001', 1.000),
('ACSR000016', 'HRDW000018', 0.000),
('ACSR000016', 'HRDW000019', 2.000),
('ACSR000016', 'HRDW000021', 1.000),
('ACSR000016', 'HRDW000029', 1.000),
('ACSR000016', 'PCKG000002', 1.000),
('ACSR000016', 'STRP000001', 0.000),
('ACSR000016', 'STRP000002', 0.000),
('ACSR000016', 'STRP000005', 1.000),
('ACSR000016', 'STRP000006', 0.000),
('ACSR000016', 'STRP000008', 0.000),
('ACSR000016', 'STRP000046', 0.000),
('ACSR000017', 'BRND000001', 1.000),
('ACSR000017', 'HRDW000018', 0.000),
('ACSR000017', 'HRDW000019', 2.000),
('ACSR000017', 'HRDW000021', 1.000),
('ACSR000017', 'HRDW000029', 1.000),
('ACSR000017', 'PCKG000002', 1.000),
('ACSR000017', 'STRP000001', 0.000),
('ACSR000017', 'STRP000002', 0.000),
('ACSR000017', 'STRP000005', 1.000),
('ACSR000017', 'STRP000006', 0.000),
('ACSR000017', 'STRP000008', 0.000),
('ACSR000017', 'STRP000046', 0.000),
('ACSR000018', 'BRND000001', 1.000),
('ACSR000018', 'HRDW000018', 0.000),
('ACSR000018', 'HRDW000019', 2.000),
('ACSR000018', 'HRDW000021', 1.000),
('ACSR000018', 'HRDW000029', 1.000),
('ACSR000018', 'PCKG000002', 1.000),
('ACSR000018', 'PCKG000004', 1.000),
('ACSR000018', 'PCKG000005', 1.000),
('ACSR000018', 'PCKG000006', 1.000),
('ACSR000018', 'STRP000001', 0.000),
('ACSR000018', 'STRP000002', 0.000),
('ACSR000018', 'STRP000005', 1.000),
('ACSR000018', 'STRP000009', 0.000),
('ACSR000018', 'STRP000046', 0.000),
('ACSR000019', 'BRND000003', 2.000),
('ACSR000019', 'HRDW000010', 1.000),
('ACSR000019', 'PCKG000002', 1.000),
('ACSR000019', 'PCKG000004', 1.000),
('ACSR000019', 'PCKG000005', 1.000),
('ACSR000019', 'PCKG000006', 1.000),
('ACSR000019', 'STRP000003', 9.000),
('ACSR000020', 'BRND000003', 2.000),
('ACSR000020', 'HRDW000010', 1.000),
('ACSR000020', 'PCKG000002', 1.000),
('ACSR000020', 'PCKG000004', 1.000),
('ACSR000020', 'PCKG000005', 1.000),
('ACSR000020', 'PCKG000006', 1.000),
('ACSR000020', 'STRP000003', 9.000),
('ACSR000021', 'BRND000003', 2.000),
('ACSR000021', 'HRDW000010', 1.000),
('ACSR000021', 'PCKG000001', 1.000),
('ACSR000021', 'PCKG000002', 1.000),
('ACSR000021', 'PCKG000003', 1.000),
('ACSR000021', 'PCKG000004', 0.350),
('ACSR000021', 'PCKG000006', 1.000),
('ACSR000021', 'STRP000003', 9.000),
('ACSR000022', 'BRND000003', 2.000),
('ACSR000022', 'HRDW000010', 1.000),
('ACSR000022', 'PCKG000002', 1.000),
('ACSR000022', 'PCKG000004', 1.000),
('ACSR000022', 'PCKG000005', 1.000),
('ACSR000022', 'PCKG000006', 1.000),
('ACSR000022', 'STRP000003', 9.000),
('ACSR000023', 'BRND000003', 2.000),
('ACSR000023', 'HRDW000010', 1.000),
('ACSR000023', 'PCKG000002', 1.000),
('ACSR000023', 'PCKG000004', 1.000),
('ACSR000023', 'PCKG000005', 1.000),
('ACSR000023', 'PCKG000006', 1.000),
('ACSR000023', 'STRP000003', 9.000),
('ACSR000024', 'BRND000003', 2.000),
('ACSR000024', 'PCKG000002', 1.000),
('ACSR000024', 'PCKG000004', 1.000),
('ACSR000024', 'PCKG000005', 1.000),
('ACSR000024', 'PCKG000006', 1.000),
('ACSR000024', 'STRP000003', 9.000),
('ACSR000025', 'BRND000001', 1.000),
('ACSR000025', 'HRDW000001', 1.000),
('ACSR000025', 'HRDW000002', 1.000),
('ACSR000025', 'HRDW000018', 0.000),
('ACSR000025', 'HRDW000019', 1.000),
('ACSR000025', 'PCKG000001', 1.000),
('ACSR000025', 'PCKG000002', 1.000),
('ACSR000025', 'STRP000004', 0.000),
('ACSR000025', 'STRP000006', 0.000),
('ACSR000025', 'STRP000032', 0.000),
('ACSR000025', 'STRP000046', 0.000),
('ACSR000026', 'BRND000001', 1.000),
('ACSR000026', 'HRDW000001', 1.000),
('ACSR000026', 'HRDW000002', 1.000),
('ACSR000026', 'HRDW000018', 0.000),
('ACSR000026', 'HRDW000019', 1.000),
('ACSR000026', 'PCKG000001', 1.000),
('ACSR000026', 'PCKG000002', 1.000),
('ACSR000026', 'STRP000004', 0.000),
('ACSR000026', 'STRP000006', 0.000),
('ACSR000026', 'STRP000032', 0.000),
('ACSR000026', 'STRP000046', 0.000),
('ACSR000027', 'BRND000001', 1.000),
('ACSR000027', 'HRDW000001', 1.000),
('ACSR000027', 'HRDW000002', 1.000),
('ACSR000027', 'HRDW000018', 0.000),
('ACSR000027', 'HRDW000019', 1.000),
('ACSR000027', 'PCKG000001', 1.000),
('ACSR000027', 'PCKG000002', 1.000),
('ACSR000027', 'STRP000004', 0.000),
('ACSR000027', 'STRP000006', 0.000),
('ACSR000027', 'STRP000032', 0.000),
('ACSR000027', 'STRP000046', 0.000),
('ACSR000028', 'BRND000001', 1.000),
('ACSR000028', 'FBRK000015', 0.000),
('ACSR000028', 'FBRK000069', 0.000),
('ACSR000028', 'HRDW000018', 0.000),
('ACSR000028', 'HRDW000019', 1.000),
('ACSR000028', 'PCKG000001', 1.000),
('ACSR000028', 'PCKG000002', 1.000),
('ACSR000028', 'PCKG000003', 1.000),
('ACSR000028', 'PCKG000004', 1.000),
('ACSR000028', 'PCKG000005', 1.000),
('ACSR000028', 'PCKG000006', 1.000),
('ACSR000028', 'STRP000004', 1.000),
('ACSR000028', 'STRP000006', 0.000),
('ACSR000028', 'STRP000032', 0.000),
('ACSR000028', 'THRD000001', 100.000),
('ACSR000028', 'THRD000008', 20.000),
('ACSR000029', 'BRND000001', 1.000),
('ACSR000029', 'FBRK000015', 0.000),
('ACSR000029', 'FBRK000069', 0.000),
('ACSR000029', 'HRDW000018', 0.000),
('ACSR000029', 'HRDW000019', 1.000),
('ACSR000029', 'PCKG000001', 1.000),
('ACSR000029', 'PCKG000002', 1.000),
('ACSR000029', 'PCKG000003', 1.000),
('ACSR000029', 'PCKG000004', 1.000),
('ACSR000029', 'PCKG000005', 1.000),
('ACSR000029', 'PCKG000006', 1.000),
('ACSR000029', 'STRP000004', 1.000),
('ACSR000029', 'STRP000006', 0.000),
('ACSR000029', 'STRP000032', 0.000),
('ACSR000029', 'THRD000001', 100.000),
('ACSR000029', 'THRD000008', 20.000),
('ACSR000030', 'BRND000001', 1.000),
('ACSR000030', 'FBRK000015', 0.000),
('ACSR000030', 'FBRK000069', 0.000),
('ACSR000030', 'HRDW000018', 0.000),
('ACSR000030', 'HRDW000019', 1.000),
('ACSR000030', 'PCKG000001', 1.000),
('ACSR000030', 'PCKG000002', 1.000),
('ACSR000030', 'PCKG000003', 1.000),
('ACSR000030', 'PCKG000004', 1.000),
('ACSR000030', 'PCKG000005', 1.000),
('ACSR000030', 'PCKG000006', 1.000),
('ACSR000030', 'STRP000004', 1.000),
('ACSR000030', 'STRP000006', 0.000),
('ACSR000030', 'STRP000032', 0.000),
('ACSR000030', 'THRD000001', 100.000),
('ACSR000030', 'THRD000008', 20.000),
('ACSR000031', 'BRND000001', 1.000),
('ACSR000031', 'FBRK000015', 0.000),
('ACSR000031', 'FBRK000069', 0.000),
('ACSR000031', 'HRDW000018', 0.000),
('ACSR000031', 'HRDW000019', 1.000),
('ACSR000031', 'PCKG000001', 1.000),
('ACSR000031', 'PCKG000002', 1.000),
('ACSR000031', 'PCKG000003', 1.000),
('ACSR000031', 'PCKG000004', 1.000),
('ACSR000031', 'PCKG000005', 1.000),
('ACSR000031', 'PCKG000006', 1.000),
('ACSR000031', 'STRP000004', 1.000),
('ACSR000031', 'STRP000006', 0.000),
('ACSR000031', 'STRP000032', 0.000),
('ACSR000031', 'THRD000001', 100.000),
('ACSR000031', 'THRD000008', 20.000),
('ACSR000032', 'BRND000001', 1.000),
('ACSR000032', 'FBRK000015', 0.000),
('ACSR000032', 'FBRK000069', 0.000),
('ACSR000032', 'HRDW000018', 0.000),
('ACSR000032', 'HRDW000019', 1.000),
('ACSR000032', 'PCKG000001', 1.000),
('ACSR000032', 'PCKG000002', 1.000),
('ACSR000032', 'PCKG000003', 1.000),
('ACSR000032', 'PCKG000004', 1.000),
('ACSR000032', 'PCKG000005', 1.000),
('ACSR000032', 'PCKG000006', 1.000),
('ACSR000032', 'STRP000004', 1.000),
('ACSR000032', 'STRP000006', 0.000),
('ACSR000032', 'STRP000032', 0.000),
('ACSR000032', 'THRD000001', 100.000),
('ACSR000032', 'THRD000008', 20.000),
('ACSR000033', 'BRND000001', 1.000),
('ACSR000033', 'FBRK000015', 0.000),
('ACSR000033', 'FBRK000069', 0.000),
('ACSR000033', 'HRDW000018', 0.000),
('ACSR000033', 'HRDW000019', 1.000),
('ACSR000033', 'PCKG000001', 1.000),
('ACSR000033', 'PCKG000002', 1.000),
('ACSR000033', 'PCKG000003', 1.000),
('ACSR000033', 'PCKG000004', 1.000),
('ACSR000033', 'PCKG000005', 1.000),
('ACSR000033', 'PCKG000006', 1.000),
('ACSR000033', 'STRP000004', 1.000),
('ACSR000033', 'STRP000006', 0.000),
('ACSR000033', 'STRP000032', 0.000),
('ACSR000033', 'THRD000001', 100.000),
('ACSR000033', 'THRD000008', 20.000),
('ACSR000034', 'BRND000001', 1.000),
('ACSR000034', 'BRND000003', 1.000),
('ACSR000034', 'FBRK000015', 0.000),
('ACSR000034', 'FBRK000069', 0.000),
('ACSR000034', 'HRDW000018', 0.000),
('ACSR000034', 'HRDW000019', 2.000),
('ACSR000034', 'HRDW000055', 0.000),
('ACSR000034', 'PCKG000001', 1.000),
('ACSR000034', 'PCKG000002', 1.000),
('ACSR000034', 'PCKG000003', 1.000),
('ACSR000034', 'PCKG000004', 1.000),
('ACSR000034', 'PCKG000005', 1.000),
('ACSR000034', 'PCKG000006', 1.000),
('ACSR000034', 'STRP000002', 0.000),
('ACSR000034', 'STRP000004', 0.000),
('ACSR000034', 'STRP000047', 0.000),
('ACSR000035', 'BRND000002', 1.000),
('ACSR000035', 'HRDW000018', 0.000),
('ACSR000035', 'HRDW000019', 1.000),
('ACSR000035', 'PCKG000001', 1.000),
('ACSR000035', 'PCKG000002', 1.000),
('ACSR000035', 'PCKG000003', 1.000),
('ACSR000035', 'PCKG000004', 1.000),
('ACSR000035', 'PCKG000005', 1.000),
('ACSR000035', 'PCKG000006', 1.000),
('ACSR000035', 'STRP000026', 0.000),
('ACSR000036', 'BRND000002', 1.000),
('ACSR000036', 'HRDW000018', 0.000),
('ACSR000036', 'HRDW000019', 1.000),
('ACSR000036', 'PCKG000001', 1.000),
('ACSR000036', 'PCKG000002', 1.000),
('ACSR000036', 'PCKG000003', 1.000),
('ACSR000036', 'PCKG000004', 1.000),
('ACSR000036', 'PCKG000005', 1.000),
('ACSR000036', 'PCKG000006', 1.000),
('ACSR000036', 'STRP000026', 0.000),
('ACSR000037', 'BRND000002', 1.000),
('ACSR000037', 'HRDW000018', 0.000),
('ACSR000037', 'HRDW000019', 1.000),
('ACSR000037', 'PCKG000001', 1.000),
('ACSR000037', 'PCKG000002', 1.000),
('ACSR000037', 'PCKG000003', 1.000),
('ACSR000037', 'PCKG000004', 1.000),
('ACSR000037', 'PCKG000005', 1.000),
('ACSR000037', 'PCKG000006', 1.000),
('ACSR000037', 'STRP000026', 0.000),
('ACSR000038', 'BRND000002', 1.000),
('ACSR000038', 'HRDW000018', 0.000),
('ACSR000038', 'HRDW000019', 1.000),
('ACSR000038', 'PCKG000001', 1.000),
('ACSR000038', 'PCKG000002', 1.000),
('ACSR000038', 'PCKG000003', 1.000),
('ACSR000038', 'PCKG000004', 0.000),
('ACSR000038', 'PCKG000005', 1.000),
('ACSR000038', 'PCKG000006', 1.000),
('ACSR000038', 'STRP000026', 0.000),
('BGPK000001', 'BRND000001', 1.000),
('BGPK000001', 'BRND000003', 1.000),
('BGPK000001', 'BRND000006', 1.000),
('BGPK000001', 'BRND000007', 1.000),
('BGPK000001', 'FBRK000011', 0.000),
('BGPK000001', 'FBRK000017', 0.000),
('BGPK000001', 'FBRK000069', 0.000),
('BGPK000001', 'FBRK000086', 1.000),
('BGPK000001', 'FLNG000003', 0.000),
('BGPK000001', 'HRDW000017', 0.000),
('BGPK000001', 'HRDW000018', 0.000),
('BGPK000001', 'HRDW000020', 3.000),
('BGPK000001', 'HRDW000051', 2.000),
('BGPK000001', 'HRDW000052', 1.000),
('BGPK000001', 'HRDW000055', 2.000),
('BGPK000001', 'HRDW000056', 1.000),
('BGPK000001', 'HRDW000058', 1.000),
('BGPK000001', 'HRDW000088', 2.000),
('BGPK000001', 'PCKG000001', 1.000),
('BGPK000001', 'PCKG000002', 1.000),
('BGPK000001', 'STRP000003', 1.000),
('BGPK000001', 'STRP000004', 2.000),
('BGPK000001', 'STRP000005', 1.000),
('BGPK000001', 'STRP000006', 8.000),
('BGPK000001', 'STRP000046', 0.000),
('BGPK000001', 'STRP000047', 2.000),
('BGPK000001', 'STRP000054', 0.000),
('BGPK000001', 'STRP000055', 0.000),
('BGPK000001', 'STRP000056', 0.000),
('BGPK000001', 'THRD000001', 200.000),
('BGPK000001', 'THRD000007', 30.000),
('BGPK000002', 'BRND000001', 1.000),
('BGPK000002', 'BRND000003', 1.000),
('BGPK000002', 'BRND000006', 1.000),
('BGPK000002', 'BRND000007', 1.000),
('BGPK000002', 'FBRK000011', 0.000),
('BGPK000002', 'FBRK000017', 0.000),
('BGPK000002', 'FBRK000069', 0.000),
('BGPK000002', 'FBRK000096', 1.000),
('BGPK000002', 'FLNG000003', 0.000),
('BGPK000002', 'HRDW000017', 0.000),
('BGPK000002', 'HRDW000018', 0.000),
('BGPK000002', 'HRDW000020', 3.000),
('BGPK000002', 'HRDW000051', 2.000),
('BGPK000002', 'HRDW000052', 1.000),
('BGPK000002', 'HRDW000055', 2.000),
('BGPK000002', 'HRDW000056', 1.000),
('BGPK000002', 'HRDW000058', 1.000),
('BGPK000002', 'HRDW000088', 2.000),
('BGPK000002', 'PCKG000001', 1.000),
('BGPK000002', 'PCKG000002', 1.000),
('BGPK000002', 'STRP000003', 1.000),
('BGPK000002', 'STRP000004', 2.000),
('BGPK000002', 'STRP000005', 1.000),
('BGPK000002', 'STRP000006', 8.000),
('BGPK000002', 'STRP000046', 0.000),
('BGPK000002', 'STRP000047', 2.000),
('BGPK000002', 'STRP000054', 0.000),
('BGPK000002', 'STRP000055', 0.000),
('BGPK000002', 'STRP000056', 0.000),
('BGPK000002', 'THRD000001', 10.000),
('BGPK000002', 'THRD000003', 200.000),
('BGPK000002', 'THRD000007', 30.000),
('BGPK000003', 'BRND000001', 1.000),
('BGPK000003', 'BRND000003', 1.000),
('BGPK000003', 'BRND000006', 1.000),
('BGPK000003', 'BRND000007', 1.000),
('BGPK000003', 'FBRK000011', 0.000),
('BGPK000003', 'FBRK000017', 0.000),
('BGPK000003', 'FBRK000069', 0.000),
('BGPK000003', 'FBRK000086', 1.000),
('BGPK000003', 'FLNG000003', 0.000),
('BGPK000003', 'HRDW000017', 1.000),
('BGPK000003', 'HRDW000018', 0.000),
('BGPK000003', 'HRDW000020', 4.000),
('BGPK000003', 'HRDW000051', 2.000),
('BGPK000003', 'HRDW000052', 1.000),
('BGPK000003', 'HRDW000055', 2.000),
('BGPK000003', 'HRDW000056', 1.000),
('BGPK000003', 'HRDW000058', 1.000),
('BGPK000003', 'HRDW000088', 2.000),
('BGPK000003', 'PCKG000001', 1.000),
('BGPK000003', 'PCKG000002', 1.000),
('BGPK000003', 'STRP000003', 1.000),
('BGPK000003', 'STRP000004', 2.000),
('BGPK000003', 'STRP000005', 1.000),
('BGPK000003', 'STRP000006', 8.000),
('BGPK000003', 'STRP000046', 0.000),
('BGPK000003', 'STRP000047', 2.000),
('BGPK000003', 'STRP000054', 0.000),
('BGPK000003', 'STRP000055', 0.000),
('BGPK000003', 'STRP000056', 0.000),
('BGPK000003', 'THRD000001', 200.000),
('BGPK000003', 'THRD000007', 30.000),
('BGPK000004', 'BRND000001', 1.000),
('BGPK000004', 'BRND000003', 1.000),
('BGPK000004', 'BRND000006', 1.000),
('BGPK000004', 'BRND000007', 1.000),
('BGPK000004', 'FBRK000011', 0.000),
('BGPK000004', 'FBRK000017', 0.000),
('BGPK000004', 'FBRK000069', 0.000),
('BGPK000004', 'FBRK000096', 1.000),
('BGPK000004', 'FLNG000003', 0.000),
('BGPK000004', 'HRDW000017', 0.000),
('BGPK000004', 'HRDW000018', 0.000),
('BGPK000004', 'HRDW000020', 3.000),
('BGPK000004', 'HRDW000051', 2.000),
('BGPK000004', 'HRDW000052', 1.000),
('BGPK000004', 'HRDW000055', 2.000),
('BGPK000004', 'HRDW000056', 1.000),
('BGPK000004', 'HRDW000058', 1.000),
('BGPK000004', 'HRDW000088', 2.000),
('BGPK000004', 'PCKG000001', 1.000),
('BGPK000004', 'PCKG000002', 1.000),
('BGPK000004', 'STRP000003', 1.000),
('BGPK000004', 'STRP000004', 2.000),
('BGPK000004', 'STRP000005', 1.000),
('BGPK000004', 'STRP000006', 8.000),
('BGPK000004', 'STRP000046', 0.000),
('BGPK000004', 'STRP000047', 2.000),
('BGPK000004', 'STRP000054', 0.000),
('BGPK000004', 'STRP000055', 0.000),
('BGPK000004', 'STRP000056', 0.000),
('BGPK000004', 'THRD000001', 30.000),
('BGPK000004', 'THRD000003', 100.000),
('BGPK000004', 'THRD000007', 30.000),
('BGPK000005', 'BRND000001', 1.000),
('BGPK000005', 'BRND000003', 1.000),
('BGPK000005', 'BRND000006', 1.000),
('BGPK000005', 'BRND000007', 1.000),
('BGPK000005', 'FBRK000011', 0.000),
('BGPK000005', 'FBRK000017', 0.000),
('BGPK000005', 'FBRK000069', 0.000),
('BGPK000005', 'FBRK000087', 1.000),
('BGPK000005', 'FLNG000003', 0.000),
('BGPK000005', 'HRDW000017', 1.000),
('BGPK000005', 'HRDW000018', 0.000),
('BGPK000005', 'HRDW000020', 4.000),
('BGPK000005', 'HRDW000051', 2.000),
('BGPK000005', 'HRDW000052', 1.000),
('BGPK000005', 'HRDW000055', 2.000),
('BGPK000005', 'HRDW000056', 1.000),
('BGPK000005', 'HRDW000058', 1.000),
('BGPK000005', 'HRDW000088', 2.000),
('BGPK000005', 'PCKG000001', 1.000),
('BGPK000005', 'PCKG000002', 1.000),
('BGPK000005', 'STRP000003', 1.000),
('BGPK000005', 'STRP000004', 2.000),
('BGPK000005', 'STRP000005', 1.000),
('BGPK000005', 'STRP000006', 8.000),
('BGPK000005', 'STRP000047', 0.000),
('BGPK000005', 'STRP000054', 0.000),
('BGPK000005', 'STRP000055', 0.000),
('BGPK000005', 'STRP000056', 0.000),
('BGPK000005', 'THRD000001', 10.000),
('BGPK000005', 'THRD000007', 30.000),
('BGPK000005', 'THRD000010', 200.000),
('BGPK000006', 'BRND000001', 1.000),
('BGPK000006', 'BRND000003', 1.000),
('BGPK000006', 'BRND000006', 1.000),
('BGPK000006', 'BRND000007', 1.000),
('BGPK000006', 'FBRK000011', 0.000),
('BGPK000006', 'FBRK000015', 0.000),
('BGPK000006', 'FBRK000069', 0.000),
('BGPK000006', 'FBRK000089', 1.000),
('BGPK000006', 'FLNG000003', 0.000),
('BGPK000006', 'HRDW000017', 0.000),
('BGPK000006', 'HRDW000018', 0.000),
('BGPK000006', 'HRDW000020', 3.000),
('BGPK000006', 'HRDW000051', 2.000),
('BGPK000006', 'HRDW000052', 1.000),
('BGPK000006', 'HRDW000055', 2.000),
('BGPK000006', 'HRDW000056', 1.000),
('BGPK000006', 'HRDW000058', 1.000),
('BGPK000006', 'HRDW000088', 2.000),
('BGPK000006', 'PCKG000001', 1.000),
('BGPK000006', 'PCKG000002', 1.000),
('BGPK000006', 'STRP000003', 1.000),
('BGPK000006', 'STRP000004', 2.000),
('BGPK000006', 'STRP000005', 1.000),
('BGPK000006', 'STRP000006', 8.000),
('BGPK000006', 'STRP000047', 3.000),
('BGPK000006', 'STRP000054', 0.000),
('BGPK000006', 'STRP000055', 0.000),
('BGPK000006', 'STRP000056', 0.000),
('BGPK000006', 'THRD000001', 30.000),
('BGPK000006', 'THRD000008', 200.000),
('BGPK000007', 'BRND000001', 1.000),
('BGPK000007', 'BRND000003', 1.000),
('BGPK000007', 'BRND000006', 1.000),
('BGPK000007', 'BRND000007', 1.000),
('BGPK000007', 'FBRK000011', 0.000),
('BGPK000007', 'FBRK000012', 0.000),
('BGPK000007', 'FBRK000069', 0.000),
('BGPK000007', 'FBRK000088', 1.000),
('BGPK000007', 'FLNG000003', 0.000),
('BGPK000007', 'HRDW000017', 0.000),
('BGPK000007', 'HRDW000018', 0.000),
('BGPK000007', 'HRDW000020', 3.000),
('BGPK000007', 'HRDW000051', 2.000),
('BGPK000007', 'HRDW000052', 1.000),
('BGPK000007', 'HRDW000055', 2.000),
('BGPK000007', 'HRDW000056', 1.000),
('BGPK000007', 'HRDW000058', 1.000),
('BGPK000007', 'HRDW000088', 2.000),
('BGPK000007', 'PCKG000001', 1.000),
('BGPK000007', 'PCKG000002', 1.000),
('BGPK000007', 'STRP000003', 1.000),
('BGPK000007', 'STRP000004', 2.000),
('BGPK000007', 'STRP000005', 1.000),
('BGPK000007', 'STRP000006', 8.000),
('BGPK000007', 'STRP000047', 3.000),
('BGPK000007', 'STRP000054', 0.000),
('BGPK000007', 'STRP000055', 0.000),
('BGPK000007', 'STRP000056', 0.000),
('BGPK000007', 'THRD000001', 50.000),
('BGPK000007', 'THRD000004', 200.000),
('BGPK000008', 'BRND000001', 1.000),
('BGPK000008', 'BRND000003', 1.000),
('BGPK000008', 'BRND000006', 1.000),
('BGPK000008', 'BRND000007', 1.000),
('BGPK000008', 'FBRK000011', 0.000),
('BGPK000008', 'FBRK000017', 0.000),
('BGPK000008', 'FBRK000069', 0.000),
('BGPK000008', 'FBRK000087', 1.000),
('BGPK000008', 'FLNG000003', 0.000),
('BGPK000008', 'HRDW000017', 0.000),
('BGPK000008', 'HRDW000018', 0.000),
('BGPK000008', 'HRDW000020', 3.000),
('BGPK000008', 'HRDW000051', 2.000),
('BGPK000008', 'HRDW000052', 1.000),
('BGPK000008', 'HRDW000055', 2.000),
('BGPK000008', 'HRDW000056', 1.000),
('BGPK000008', 'HRDW000058', 1.000),
('BGPK000008', 'HRDW000088', 2.000),
('BGPK000008', 'PCKG000001', 1.000),
('BGPK000008', 'PCKG000002', 1.000),
('BGPK000008', 'STRP000003', 1.000),
('BGPK000008', 'STRP000004', 2.000),
('BGPK000008', 'STRP000005', 1.000),
('BGPK000008', 'STRP000006', 8.000),
('BGPK000008', 'STRP000047', 3.000),
('BGPK000008', 'STRP000054', 0.000),
('BGPK000008', 'STRP000055', 0.000),
('BGPK000008', 'STRP000056', 0.000),
('BGPK000008', 'THRD000001', 10.000),
('BGPK000008', 'THRD000007', 30.000),
('BGPK000008', 'THRD000010', 200.000),
('BGPK000009', 'BRND000001', 1.000),
('BGPK000009', 'BRND000003', 1.000),
('BGPK000009', 'BRND000006', 1.000),
('BGPK000009', 'BRND000007', 1.000),
('BGPK000009', 'FBRK000011', 0.000),
('BGPK000009', 'FBRK000015', 0.000),
('BGPK000009', 'FBRK000069', 0.000),
('BGPK000009', 'FBRK000089', 1.000),
('BGPK000009', 'FLNG000003', 0.000),
('BGPK000009', 'HRDW000017', 0.000),
('BGPK000009', 'HRDW000018', 0.000),
('BGPK000009', 'HRDW000020', 3.000),
('BGPK000009', 'HRDW000051', 2.000),
('BGPK000009', 'HRDW000052', 1.000),
('BGPK000009', 'HRDW000055', 2.000),
('BGPK000009', 'HRDW000056', 1.000),
('BGPK000009', 'HRDW000058', 1.000),
('BGPK000009', 'HRDW000088', 2.000),
('BGPK000009', 'PCKG000001', 1.000),
('BGPK000009', 'PCKG000002', 1.000),
('BGPK000009', 'STRP000003', 1.000),
('BGPK000009', 'STRP000004', 2.000),
('BGPK000009', 'STRP000005', 1.000),
('BGPK000009', 'STRP000006', 8.000),
('BGPK000009', 'STRP000047', 3.000),
('BGPK000009', 'STRP000054', 0.000),
('BGPK000009', 'STRP000055', 0.000),
('BGPK000009', 'STRP000056', 0.000),
('BGPK000009', 'THRD000001', 10.000),
('BGPK000009', 'THRD000008', 200.000),
('BGPK000010', 'BRND000001', 1.000),
('BGPK000010', 'BRND000003', 1.000),
('BGPK000010', 'BRND000006', 1.000),
('BGPK000010', 'BRND000007', 1.000),
('BGPK000010', 'FBRK000011', 0.000),
('BGPK000010', 'FBRK000012', 0.000),
('BGPK000010', 'FBRK000069', 0.000),
('BGPK000010', 'FBRK000088', 1.000),
('BGPK000010', 'FLNG000003', 0.000),
('BGPK000010', 'HRDW000017', 0.000),
('BGPK000010', 'HRDW000018', 0.000),
('BGPK000010', 'HRDW000020', 3.000),
('BGPK000010', 'HRDW000051', 2.000),
('BGPK000010', 'HRDW000052', 1.000),
('BGPK000010', 'HRDW000055', 2.000),
('BGPK000010', 'HRDW000056', 1.000),
('BGPK000010', 'HRDW000058', 1.000),
('BGPK000010', 'HRDW000088', 2.000),
('BGPK000010', 'PCKG000001', 1.000),
('BGPK000010', 'PCKG000002', 1.000),
('BGPK000010', 'STRP000003', 1.000),
('BGPK000010', 'STRP000004', 2.000),
('BGPK000010', 'STRP000005', 1.000),
('BGPK000010', 'STRP000006', 8.000),
('BGPK000010', 'STRP000047', 3.000),
('BGPK000010', 'STRP000054', 0.000),
('BGPK000010', 'STRP000055', 0.000),
('BGPK000010', 'STRP000056', 0.000),
('BGPK000010', 'THRD000001', 10.000),
('BGPK000010', 'THRD000004', 200.000),
('BGPK000011', 'BRND000003', 2.000),
('BGPK000011', 'FBRK000001', 0.000),
('BGPK000011', 'FBRK000069', 0.000),
('BGPK000011', 'FBRK000114', 0.000),
('BGPK000011', 'FLNG000001', 0.000),
('BGPK000011', 'FLNG000003', 0.000),
('BGPK000011', 'HRDW000005', 2.000),
('BGPK000011', 'HRDW000006', 2.000),
('BGPK000011', 'HRDW000010', 2.000),
('BGPK000011', 'HRDW000018', 1.000),
('BGPK000011', 'HRDW000019', 3.000),
('BGPK000011', 'PCKG000001', 1.000),
('BGPK000011', 'PCKG000002', 1.000),
('BGPK000011', 'PCKG000003', 1.000),
('BGPK000011', 'PCKG000004', 1.000),
('BGPK000011', 'PCKG000005', 1.000),
('BGPK000011', 'PCKG000006', 1.000),
('BGPK000011', 'STRP000003', 2.000),
('BGPK000011', 'THRD000001', 100.000),
('BGPK000011', 'THRD000003', 20.000),
('BGPK000012', 'BRND000003', 2.000),
('BGPK000012', 'FBRK000001', 0.000),
('BGPK000012', 'FBRK000114', 0.000),
('BGPK000012', 'FLNG000001', 0.000),
('BGPK000012', 'FLNG000003', 0.000),
('BGPK000012', 'HRDW000005', 2.000),
('BGPK000012', 'HRDW000006', 2.000),
('BGPK000012', 'HRDW000010', 2.000),
('BGPK000012', 'HRDW000018', 1.000),
('BGPK000012', 'HRDW000019', 3.000),
('BGPK000012', 'PCKG000001', 1.000),
('BGPK000012', 'PCKG000002', 1.000),
('BGPK000012', 'PCKG000003', 1.000),
('BGPK000012', 'PCKG000004', 1.000),
('BGPK000012', 'PCKG000005', 1.000),
('BGPK000012', 'PCKG000006', 1.000),
('BGPK000012', 'STRP000003', 2.000),
('BGPK000012', 'STRP000004', 0.000),
('BGPK000012', 'THRD000001', 100.000),
('BGPK000012', 'THRD000003', 20.000),
('BGPK000013', 'BRND000003', 2.000),
('BGPK000013', 'FBRK000001', 0.000),
('BGPK000013', 'FBRK000114', 0.000),
('BGPK000013', 'FLNG000001', 0.000),
('BGPK000013', 'FLNG000003', 0.000),
('BGPK000013', 'HRDW000005', 2.000),
('BGPK000013', 'HRDW000006', 2.000),
('BGPK000013', 'HRDW000010', 2.000),
('BGPK000013', 'HRDW000018', 1.000),
('BGPK000013', 'HRDW000019', 3.000),
('BGPK000013', 'PCKG000001', 1.000),
('BGPK000013', 'PCKG000002', 1.000),
('BGPK000013', 'PCKG000003', 1.000),
('BGPK000013', 'PCKG000004', 1.000),
('BGPK000013', 'PCKG000005', 1.000),
('BGPK000013', 'PCKG000006', 1.000),
('BGPK000013', 'STRP000003', 2.000),
('BGPK000013', 'STRP000004', 0.000),
('BGPK000013', 'THRD000003', 20.000),
('BGPK000014', 'BRND000003', 2.000),
('BGPK000014', 'FBRK000001', 0.000),
('BGPK000014', 'FBRK000114', 0.000),
('BGPK000014', 'FLNG000001', 0.000),
('BGPK000014', 'FLNG000003', 0.000),
('BGPK000014', 'HRDW000005', 2.000),
('BGPK000014', 'HRDW000006', 2.000),
('BGPK000014', 'HRDW000010', 2.000),
('BGPK000014', 'HRDW000018', 1.000),
('BGPK000014', 'HRDW000019', 3.000),
('BGPK000014', 'PCKG000001', 1.000),
('BGPK000014', 'PCKG000002', 1.000),
('BGPK000014', 'PCKG000003', 1.000),
('BGPK000014', 'PCKG000004', 1.000),
('BGPK000014', 'PCKG000005', 1.000),
('BGPK000014', 'PCKG000006', 1.000),
('BGPK000014', 'STRP000003', 2.000),
('BGPK000014', 'STRP000004', 0.000),
('BGPK000014', 'THRD000003', 20.000),
('BGPK000015', 'BRND000003', 2.000),
('BGPK000015', 'FBRK000001', 0.000),
('BGPK000015', 'FBRK000114', 0.000),
('BGPK000015', 'FLNG000001', 0.000),
('BGPK000015', 'FLNG000003', 0.000),
('BGPK000015', 'HRDW000005', 2.000),
('BGPK000015', 'HRDW000006', 2.000),
('BGPK000015', 'HRDW000010', 2.000),
('BGPK000015', 'HRDW000018', 1.000),
('BGPK000015', 'HRDW000019', 3.000),
('BGPK000015', 'PCKG000001', 1.000),
('BGPK000015', 'PCKG000002', 1.000),
('BGPK000015', 'PCKG000003', 1.000),
('BGPK000015', 'PCKG000004', 1.000),
('BGPK000015', 'PCKG000005', 1.000),
('BGPK000015', 'PCKG000006', 1.000),
('BGPK000015', 'STRP000003', 2.000),
('BGPK000015', 'STRP000004', 0.000),
('BGPK000015', 'THRD000003', 20.000),
('BGPK000016', 'BRND000003', 2.000),
('BGPK000016', 'FBRK000001', 0.000),
('BGPK000016', 'FBRK000114', 0.000),
('BGPK000016', 'FLNG000001', 0.000),
('BGPK000016', 'FLNG000003', 0.000),
('BGPK000016', 'HRDW000005', 2.000),
('BGPK000016', 'HRDW000006', 2.000),
('BGPK000016', 'HRDW000010', 2.000),
('BGPK000016', 'HRDW000018', 1.000),
('BGPK000016', 'HRDW000019', 3.000),
('BGPK000016', 'PCKG000001', 1.000),
('BGPK000016', 'PCKG000002', 1.000),
('BGPK000016', 'PCKG000003', 1.000),
('BGPK000016', 'PCKG000004', 1.000),
('BGPK000016', 'PCKG000005', 1.000),
('BGPK000016', 'PCKG000006', 1.000),
('BGPK000016', 'STRP000003', 2.000),
('BGPK000016', 'STRP000004', 0.000),
('BGPK000016', 'THRD000003', 20.000),
('BGPK000017', 'BRND000003', 2.000),
('BGPK000017', 'FBRK000069', 0.000),
('BGPK000017', 'FLNG000003', 0.000),
('BGPK000017', 'HRDW000005', 2.000),
('BGPK000017', 'HRDW000006', 2.000),
('BGPK000017', 'HRDW000010', 2.000),
('BGPK000017', 'HRDW000018', 1.000),
('BGPK000017', 'HRDW000019', 3.000),
('BGPK000017', 'PCKG000001', 1.000),
('BGPK000017', 'PCKG000002', 1.000),
('BGPK000017', 'PCKG000003', 1.000),
('BGPK000017', 'PCKG000004', 1.000),
('BGPK000017', 'PCKG000005', 1.000),
('BGPK000017', 'PCKG000006', 1.000),
('BGPK000017', 'STRP000003', 2.000),
('BGPK000017', 'THRD000001', 100.000),
('BGPK000017', 'THRD000003', 20.000),
('BGPK000018', 'BRND000001', 1.000),
('BGPK000018', 'BRND000003', 2.000),
('BGPK000018', 'FBRK000002', 0.000),
('BGPK000018', 'HRDW000003', 1.000),
('BGPK000018', 'HRDW000004', 1.000),
('BGPK000018', 'HRDW000005', 3.000),
('BGPK000018', 'HRDW000006', 3.000),
('BGPK000018', 'HRDW000012', 2.000),
('BGPK000018', 'HRDW000014', 16.000),
('BGPK000018', 'HRDW000018', 0.000),
('BGPK000018', 'HRDW000019', 2.000),
('BGPK000018', 'LTHR000004', 0.000),
('BGPK000018', 'PCKG000001', 1.000),
('BGPK000018', 'PCKG000002', 1.000),
('BGPK000018', 'PCKG000003', 1.000),
('BGPK000018', 'PCKG000004', 0.350),
('BGPK000018', 'PCKG000005', 1.000),
('BGPK000018', 'PCKG000006', 1.000),
('BGPK000018', 'STRP000003', 7.000),
('BGPK000018', 'STRP000004', 4.000),
('BGPK000018', 'STRP000005', 0.000),
('BGPK000018', 'STRP000006', 0.000),
('BGPK000018', 'STRP000046', 0.000),
('BGPK000018', 'THRD000001', 250.000),
('BGPK000018', 'THRD000004', 30.000),
('BGPK000019', 'BRND000001', 1.000),
('BGPK000019', 'BRND000003', 2.000),
('BGPK000019', 'HRDW000003', 1.000),
('BGPK000019', 'HRDW000004', 1.000),
('BGPK000019', 'HRDW000005', 1.000),
('BGPK000019', 'HRDW000006', 1.000),
('BGPK000019', 'HRDW000012', 2.000),
('BGPK000019', 'HRDW000014', 16.000),
('BGPK000019', 'HRDW000018', 0.000),
('BGPK000019', 'HRDW000019', 2.000),
('BGPK000019', 'HRDW000036', 2.000),
('BGPK000019', 'LTHR000004', 0.000),
('BGPK000019', 'PCKG000001', 1.000),
('BGPK000019', 'PCKG000002', 1.000),
('BGPK000019', 'PCKG000003', 1.000),
('BGPK000019', 'PCKG000004', 1.000),
('BGPK000019', 'PCKG000005', 1.000),
('BGPK000019', 'PCKG000006', 1.000),
('BGPK000019', 'STRP000003', 7.000),
('BGPK000019', 'STRP000004', 4.000),
('BGPK000019', 'STRP000005', 0.000),
('BGPK000019', 'STRP000006', 0.000),
('BGPK000019', 'STRP000046', 0.000),
('BGPK000020', 'BRND000001', 1.000),
('BGPK000020', 'BRND000003', 2.000),
('BGPK000020', 'HRDW000003', 1.000),
('BGPK000020', 'HRDW000004', 1.000),
('BGPK000020', 'HRDW000005', 3.000),
('BGPK000020', 'HRDW000006', 3.000),
('BGPK000020', 'HRDW000012', 2.000),
('BGPK000020', 'HRDW000014', 16.000),
('BGPK000020', 'HRDW000018', 0.000),
('BGPK000020', 'HRDW000019', 2.000),
('BGPK000020', 'LTHR000004', 0.000),
('BGPK000020', 'PCKG000001', 1.000),
('BGPK000020', 'PCKG000002', 1.000),
('BGPK000020', 'PCKG000003', 1.000),
('BGPK000020', 'PCKG000004', 0.350),
('BGPK000020', 'PCKG000005', 1.000),
('BGPK000020', 'PCKG000006', 1.000),
('BGPK000020', 'STRP000003', 7.000),
('BGPK000020', 'STRP000004', 4.000),
('BGPK000020', 'STRP000005', 0.000),
('BGPK000020', 'STRP000006', 0.000),
('BGPK000020', 'STRP000046', 0.000),
('BGPK000020', 'THRD000003', 30.000),
('BGPK000021', 'BRND000001', 1.000),
('BGPK000021', 'BRND000003', 2.000),
('BGPK000021', 'HRDW000003', 1.000),
('BGPK000021', 'HRDW000004', 1.000),
('BGPK000021', 'HRDW000005', 3.000),
('BGPK000021', 'HRDW000006', 3.000),
('BGPK000021', 'HRDW000012', 2.000),
('BGPK000021', 'HRDW000014', 16.000),
('BGPK000021', 'HRDW000018', 0.000),
('BGPK000021', 'HRDW000019', 2.000),
('BGPK000021', 'LTHR000004', 0.000),
('BGPK000021', 'PCKG000001', 1.000),
('BGPK000021', 'PCKG000002', 1.000),
('BGPK000021', 'PCKG000003', 1.000),
('BGPK000021', 'PCKG000004', 0.350),
('BGPK000021', 'PCKG000005', 1.000),
('BGPK000021', 'PCKG000006', 1.000),
('BGPK000021', 'STRP000003', 7.000),
('BGPK000021', 'STRP000004', 4.000),
('BGPK000021', 'STRP000005', 0.000),
('BGPK000021', 'STRP000006', 0.000),
('BGPK000021', 'STRP000046', 0.000),
('BGPK000021', 'THRD000003', 30.000),
('BGPK000022', 'BRND000001', 1.000),
('BGPK000022', 'BRND000003', 2.000),
('BGPK000022', 'HRDW000003', 1.000),
('BGPK000022', 'HRDW000004', 1.000),
('BGPK000022', 'HRDW000005', 3.000),
('BGPK000022', 'HRDW000006', 3.000),
('BGPK000022', 'HRDW000012', 2.000),
('BGPK000022', 'HRDW000014', 16.000),
('BGPK000022', 'HRDW000018', 0.000),
('BGPK000022', 'HRDW000019', 2.000),
('BGPK000022', 'LTHR000004', 0.000),
('BGPK000022', 'PCKG000001', 1.000),
('BGPK000022', 'PCKG000002', 1.000),
('BGPK000022', 'PCKG000003', 1.000),
('BGPK000022', 'PCKG000004', 1.000),
('BGPK000022', 'PCKG000005', 1.000),
('BGPK000022', 'PCKG000006', 1.000),
('BGPK000022', 'STRP000003', 7.000),
('BGPK000022', 'STRP000004', 4.000),
('BGPK000022', 'STRP000005', 0.000),
('BGPK000022', 'STRP000006', 0.000),
('BGPK000022', 'STRP000046', 0.000),
('BGPK000023', 'BRND000001', 1.000),
('BGPK000023', 'BRND000003', 2.000),
('BGPK000023', 'HRDW000003', 1.000),
('BGPK000023', 'HRDW000004', 1.000),
('BGPK000023', 'HRDW000005', 3.000),
('BGPK000023', 'HRDW000006', 3.000),
('BGPK000023', 'HRDW000012', 2.000),
('BGPK000023', 'HRDW000014', 16.000),
('BGPK000023', 'HRDW000018', 0.000),
('BGPK000023', 'HRDW000019', 2.000),
('BGPK000023', 'LTHR000004', 0.000),
('BGPK000023', 'PCKG000001', 1.000),
('BGPK000023', 'PCKG000002', 1.000),
('BGPK000023', 'PCKG000003', 1.000),
('BGPK000023', 'PCKG000004', 0.350),
('BGPK000023', 'PCKG000005', 1.000),
('BGPK000023', 'PCKG000006', 1.000),
('BGPK000023', 'STRP000003', 7.000),
('BGPK000023', 'STRP000004', 4.000),
('BGPK000023', 'STRP000005', 0.000),
('BGPK000023', 'STRP000006', 0.000),
('BGPK000023', 'STRP000046', 0.000),
('BGPK000023', 'THRD000003', 30.000),
('BGPK000024', 'BRND000001', 1.000),
('BGPK000024', 'BRND000003', 2.000),
('BGPK000024', 'HRDW000003', 1.000),
('BGPK000024', 'HRDW000004', 1.000),
('BGPK000024', 'HRDW000005', 3.000),
('BGPK000024', 'HRDW000006', 3.000),
('BGPK000024', 'HRDW000012', 2.000),
('BGPK000024', 'HRDW000014', 16.000),
('BGPK000024', 'HRDW000018', 0.000),
('BGPK000024', 'HRDW000019', 2.000),
('BGPK000024', 'LTHR000004', 0.000),
('BGPK000024', 'PCKG000001', 1.000),
('BGPK000024', 'PCKG000002', 1.000),
('BGPK000024', 'PCKG000003', 1.000),
('BGPK000024', 'PCKG000004', 1.000),
('BGPK000024', 'PCKG000005', 1.000),
('BGPK000024', 'PCKG000006', 1.000),
('BGPK000024', 'STRP000003', 7.000),
('BGPK000024', 'STRP000004', 4.000),
('BGPK000024', 'STRP000005', 0.000),
('BGPK000024', 'STRP000006', 0.000),
('BGPK000024', 'STRP000046', 0.000),
('BGPK000025', 'BRND000001', 1.000),
('BGPK000025', 'BRND000003', 2.000),
('BGPK000025', 'HRDW000003', 1.000),
('BGPK000025', 'HRDW000004', 1.000),
('BGPK000025', 'HRDW000005', 3.000),
('BGPK000025', 'HRDW000006', 3.000),
('BGPK000025', 'HRDW000012', 2.000),
('BGPK000025', 'HRDW000014', 16.000),
('BGPK000025', 'HRDW000018', 0.000),
('BGPK000025', 'HRDW000019', 2.000),
('BGPK000025', 'LTHR000004', 0.000),
('BGPK000025', 'PCKG000001', 1.000),
('BGPK000025', 'PCKG000002', 1.000),
('BGPK000025', 'PCKG000003', 1.000),
('BGPK000025', 'PCKG000004', 1.000),
('BGPK000025', 'PCKG000005', 1.000),
('BGPK000025', 'PCKG000006', 1.000),
('BGPK000025', 'STRP000003', 7.000),
('BGPK000025', 'STRP000004', 4.000),
('BGPK000025', 'STRP000005', 0.000),
('BGPK000025', 'STRP000006', 0.000),
('BGPK000025', 'STRP000046', 0.000),
('BGPK000026', 'BRND000001', 1.000),
('BGPK000026', 'BRND000003', 1.000),
('BGPK000026', 'FBRK000001', 0.000),
('BGPK000026', 'FBRK000013', 0.000),
('BGPK000026', 'FBRK000069', 0.000),
('BGPK000026', 'FBRK000102', 0.000),
('BGPK000026', 'FBRK000114', 0.000),
('BGPK000026', 'FLNG000001', 0.000),
('BGPK000026', 'FLNG000003', 0.000),
('BGPK000026', 'HRDW000005', 1.000),
('BGPK000026', 'HRDW000006', 1.000),
('BGPK000026', 'HRDW000010', 2.000),
('BGPK000026', 'HRDW000018', 0.000),
('BGPK000026', 'HRDW000019', 1.000),
('BGPK000026', 'LTHR000001', 0.000),
('BGPK000026', 'PCKG000001', 1.000),
('BGPK000026', 'PCKG000002', 1.000),
('BGPK000026', 'STRP000003', 2.000),
('BGPK000026', 'THRD000003', 20.000),
('BGPK000026', 'THRD000017', 100.000),
('BGPK000027', 'BRND000003', 1.000),
('BGPK000027', 'FBRK000001', 0.000),
('BGPK000027', 'FBRK000021', 0.000),
('BGPK000027', 'FBRK000033', 0.000),
('BGPK000027', 'FBRK000069', 0.000),
('BGPK000027', 'FBRK000103', 0.000),
('BGPK000027', 'FBRK000114', 0.000),
('BGPK000027', 'FLNG000001', 0.000),
('BGPK000027', 'FLNG000003', 0.000),
('BGPK000027', 'HRDW000005', 1.000),
('BGPK000027', 'HRDW000006', 1.000),
('BGPK000027', 'HRDW000010', 2.000),
('BGPK000027', 'HRDW000018', 0.000),
('BGPK000027', 'HRDW000019', 2.000),
('BGPK000027', 'LTHR000002', 0.000),
('BGPK000027', 'PCKG000001', 1.000),
('BGPK000027', 'PCKG000002', 1.000),
('BGPK000027', 'STRP000003', 2.000),
('BGPK000027', 'STRP000004', 0.000),
('BGPK000027', 'THRD000018', 120.000),
('BGPK000028', 'BRND000001', 1.000),
('BGPK000028', 'BRND000003', 1.000),
('BGPK000028', 'FBRK000001', 0.000),
('BGPK000028', 'FBRK000013', 1.000),
('BGPK000028', 'FBRK000033', 0.000),
('BGPK000028', 'FBRK000046', 0.000),
('BGPK000028', 'FBRK000070', 0.000),
('BGPK000028', 'FBRK000114', 0.000),
('BGPK000028', 'FLNG000001', 0.000),
('BGPK000028', 'FLNG000003', 0.000),
('BGPK000028', 'HRDW000005', 1.000),
('BGPK000028', 'HRDW000006', 1.000),
('BGPK000028', 'HRDW000010', 2.000),
('BGPK000028', 'HRDW000018', 0.000),
('BGPK000028', 'HRDW000019', 2.000),
('BGPK000028', 'LTHR000004', 0.000),
('BGPK000028', 'PCKG000001', 1.000),
('BGPK000028', 'PCKG000002', 1.000),
('BGPK000028', 'STRP000003', 2.000),
('BGPK000028', 'STRP000004', 2.000),
('BGPK000028', 'THRD000001', 150.000),
('BGPK000028', 'THRD000003', 20.000),
('BGPK000029', 'BRND000001', 1.000),
('BGPK000029', 'BRND000003', 1.000),
('BGPK000029', 'FBRK000001', 0.000),
('BGPK000029', 'FBRK000013', 1.000),
('BGPK000029', 'FBRK000033', 0.000),
('BGPK000029', 'FBRK000046', 0.000),
('BGPK000029', 'FBRK000070', 0.000),
('BGPK000029', 'FBRK000114', 0.000),
('BGPK000029', 'FLNG000001', 0.000),
('BGPK000029', 'FLNG000003', 0.000),
('BGPK000029', 'HRDW000005', 1.000),
('BGPK000029', 'HRDW000006', 1.000),
('BGPK000029', 'HRDW000010', 2.000),
('BGPK000029', 'HRDW000018', 0.000),
('BGPK000029', 'HRDW000019', 2.000),
('BGPK000029', 'HRDW000064', 1.000),
('BGPK000029', 'LTHR000004', 0.000),
('BGPK000029', 'PCKG000001', 1.000),
('BGPK000029', 'PCKG000002', 1.000),
('BGPK000029', 'STRP000003', 2.000),
('BGPK000029', 'STRP000004', 2.000),
('BGPK000029', 'THRD000001', 150.000),
('BGPK000029', 'THRD000003', 20.000),
('BGPK000030', 'BRND000001', 1.000),
('BGPK000030', 'BRND000003', 1.000),
('BGPK000030', 'FBRK000001', 0.000),
('BGPK000030', 'FBRK000013', 1.000),
('BGPK000030', 'FBRK000033', 0.000),
('BGPK000030', 'FBRK000046', 0.000),
('BGPK000030', 'FBRK000069', 0.000),
('BGPK000030', 'FBRK000114', 0.000),
('BGPK000030', 'FLNG000001', 0.000),
('BGPK000030', 'FLNG000003', 0.000),
('BGPK000030', 'HRDW000010', 2.000),
('BGPK000030', 'HRDW000018', 0.000),
('BGPK000030', 'HRDW000019', 2.000),
('BGPK000030', 'HRDW000036', 1.000),
('BGPK000030', 'LTHR000004', 0.000),
('BGPK000030', 'PCKG000001', 1.000),
('BGPK000030', 'PCKG000002', 1.000),
('BGPK000030', 'STRP000003', 2.000),
('BGPK000030', 'STRP000004', 2.000),
('BGPK000030', 'STRP000005', 0.000),
('BGPK000030', 'STRP000054', 0.000),
('BGPK000030', 'STRP000055', 0.000),
('BGPK000030', 'THRD000001', 150.000),
('BGPK000030', 'THRD000003', 20.000),
('BGPK000031', 'BRND000001', 1.000),
('BGPK000031', 'BRND000003', 1.000),
('BGPK000031', 'FBRK000001', 0.000),
('BGPK000031', 'FBRK000015', 1.000),
('BGPK000031', 'FBRK000033', 0.000),
('BGPK000031', 'FBRK000069', 0.000),
('BGPK000031', 'FBRK000101', 0.000),
('BGPK000031', 'FBRK000114', 0.000),
('BGPK000031', 'FLNG000001', 0.000),
('BGPK000031', 'FLNG000003', 0.000),
('BGPK000031', 'HRDW000010', 2.000),
('BGPK000031', 'HRDW000018', 0.000),
('BGPK000031', 'HRDW000019', 2.000),
('BGPK000031', 'HRDW000052', 1.000),
('BGPK000031', 'LTHR000001', 0.000),
('BGPK000031', 'PCKG000001', 1.000),
('BGPK000031', 'PCKG000002', 1.000),
('BGPK000031', 'STRP000003', 2.000),
('BGPK000031', 'STRP000004', 0.000),
('BGPK000031', 'STRP000015', 2.000),
('BGPK000031', 'THRD000001', 100.000),
('BGPK000031', 'THRD000008', 20.000),
('BGPK000032', 'BRND000001', 1.000),
('BGPK000032', 'BRND000003', 1.000),
('BGPK000032', 'FBRK000001', 0.000),
('BGPK000032', 'FBRK000015', 1.000),
('BGPK000032', 'FBRK000033', 0.000),
('BGPK000032', 'FBRK000069', 0.000),
('BGPK000032', 'FBRK000104', 0.000),
('BGPK000032', 'FBRK000114', 0.000),
('BGPK000032', 'FLNG000001', 0.000),
('BGPK000032', 'FLNG000003', 0.000),
('BGPK000032', 'HRDW000010', 2.000),
('BGPK000032', 'HRDW000018', 0.000),
('BGPK000032', 'HRDW000019', 2.000),
('BGPK000032', 'HRDW000052', 1.000),
('BGPK000032', 'LTHR000003', 0.000),
('BGPK000032', 'PCKG000001', 1.000),
('BGPK000032', 'PCKG000002', 1.000),
('BGPK000032', 'STRP000003', 2.000),
('BGPK000032', 'STRP000004', 0.000),
('BGPK000032', 'STRP000015', 2.000),
('BGPK000032', 'THRD000001', 100.000),
('BGPK000032', 'THRD000008', 20.000),
('BGPK000032', 'THRD000011', 20.000),
('BGPK000033', 'BRND000001', 1.000),
('BGPK000033', 'BRND000003', 1.000),
('BGPK000033', 'FBRK000001', 0.000),
('BGPK000033', 'FBRK000013', 1.000),
('BGPK000033', 'FBRK000033', 0.000),
('BGPK000033', 'FBRK000046', 0.000),
('BGPK000033', 'FBRK000053', 0.000),
('BGPK000033', 'FBRK000069', 0.000),
('BGPK000033', 'FBRK000114', 0.000),
('BGPK000033', 'FLNG000001', 0.000),
('BGPK000033', 'FLNG000003', 0.000),
('BGPK000033', 'HRDW000005', 1.000),
('BGPK000033', 'HRDW000006', 1.000),
('BGPK000033', 'HRDW000010', 2.000),
('BGPK000033', 'HRDW000018', 0.000),
('BGPK000033', 'HRDW000019', 2.000),
('BGPK000033', 'LTHR000004', 0.000),
('BGPK000033', 'PCKG000001', 1.000),
('BGPK000033', 'PCKG000002', 1.000),
('BGPK000033', 'STRP000003', 2.000),
('BGPK000033', 'STRP000004', 2.000),
('BGPK000033', 'THRD000001', 20.000),
('BGPK000033', 'THRD000003', 20.000),
('BGPK000033', 'THRD000014', 100.000),
('BGPK000034', 'BRND000001', 1.000),
('BGPK000034', 'BRND000003', 1.000),
('BGPK000034', 'FBRK000001', 0.000),
('BGPK000034', 'FBRK000013', 1.000),
('BGPK000034', 'FBRK000033', 0.000),
('BGPK000034', 'FBRK000046', 0.000),
('BGPK000034', 'FBRK000054', 0.000),
('BGPK000034', 'FBRK000069', 0.000),
('BGPK000034', 'FBRK000114', 0.000),
('BGPK000034', 'FLNG000001', 0.000),
('BGPK000034', 'FLNG000003', 0.000),
('BGPK000034', 'HRDW000005', 1.000),
('BGPK000034', 'HRDW000006', 1.000),
('BGPK000034', 'HRDW000010', 2.000),
('BGPK000034', 'HRDW000018', 0.000),
('BGPK000034', 'HRDW000019', 2.000),
('BGPK000034', 'LTHR000004', 0.000),
('BGPK000034', 'PCKG000001', 1.000),
('BGPK000034', 'PCKG000002', 1.000),
('BGPK000034', 'STRP000003', 2.000),
('BGPK000034', 'STRP000004', 2.000),
('BGPK000034', 'THRD000001', 20.000),
('BGPK000034', 'THRD000003', 20.000),
('BGPK000034', 'THRD000018', 100.000),
('BGPK000035', 'BRND000001', 1.000),
('BGPK000035', 'BRND000003', 1.000),
('BGPK000035', 'FBRK000001', 0.000),
('BGPK000035', 'FBRK000013', 1.000),
('BGPK000035', 'FBRK000033', 0.000),
('BGPK000035', 'FBRK000046', 0.000),
('BGPK000035', 'FBRK000048', 0.000),
('BGPK000035', 'FBRK000069', 0.000),
('BGPK000035', 'FBRK000114', 0.000),
('BGPK000035', 'FLNG000001', 0.000),
('BGPK000035', 'FLNG000003', 0.000),
('BGPK000035', 'HRDW000005', 1.000),
('BGPK000035', 'HRDW000006', 1.000),
('BGPK000035', 'HRDW000010', 2.000),
('BGPK000035', 'HRDW000018', 0.000),
('BGPK000035', 'HRDW000019', 2.000),
('BGPK000035', 'LTHR000004', 0.000),
('BGPK000035', 'PCKG000001', 1.000),
('BGPK000035', 'PCKG000002', 1.000),
('BGPK000035', 'STRP000003', 2.000),
('BGPK000035', 'STRP000004', 2.000),
('BGPK000035', 'THRD000001', 20.000),
('BGPK000035', 'THRD000003', 20.000),
('BGPK000035', 'THRD000017', 100.000),
('BGPK000036', 'BRND000001', 1.000),
('BGPK000036', 'BRND000003', 1.000),
('BGPK000036', 'FBRK000001', 0.000),
('BGPK000036', 'FBRK000013', 1.000),
('BGPK000036', 'FBRK000033', 0.000),
('BGPK000036', 'FBRK000046', 0.000),
('BGPK000036', 'FBRK000059', 0.000),
('BGPK000036', 'FBRK000069', 0.000),
('BGPK000036', 'FBRK000114', 0.000),
('BGPK000036', 'FLNG000001', 0.000),
('BGPK000036', 'FLNG000003', 0.000),
('BGPK000036', 'HRDW000005', 1.000),
('BGPK000036', 'HRDW000006', 1.000),
('BGPK000036', 'HRDW000010', 2.000),
('BGPK000036', 'HRDW000018', 0.000),
('BGPK000036', 'HRDW000019', 2.000),
('BGPK000036', 'LTHR000004', 0.000),
('BGPK000036', 'PCKG000001', 1.000),
('BGPK000036', 'PCKG000002', 1.000),
('BGPK000036', 'STRP000003', 2.000),
('BGPK000036', 'STRP000004', 2.000),
('BGPK000036', 'THRD000001', 20.000),
('BGPK000036', 'THRD000003', 20.000),
('BGPK000036', 'THRD000015', 100.000),
('BGPK000037', 'BRND000001', 1.000),
('BGPK000037', 'BRND000003', 2.000),
('BGPK000037', 'FBRK000001', 0.000),
('BGPK000037', 'FBRK000010', 0.000),
('BGPK000037', 'FBRK000014', 1.000),
('BGPK000037', 'FBRK000033', 0.000),
('BGPK000037', 'FBRK000046', 1.000),
('BGPK000037', 'FBRK000069', 0.000),
('BGPK000037', 'FBRK000114', 0.000),
('BGPK000037', 'FLNG000001', 0.000),
('BGPK000037', 'FLNG000002', 0.000),
('BGPK000037', 'HRDW000005', 3.000),
('BGPK000037', 'HRDW000006', 3.000),
('BGPK000037', 'HRDW000012', 2.000),
('BGPK000037', 'HRDW000014', 4.000),
('BGPK000037', 'HRDW000019', 2.000),
('BGPK000037', 'LTHR000004', 0.000),
('BGPK000037', 'PCKG000001', 1.000),
('BGPK000037', 'PCKG000002', 1.000),
('BGPK000037', 'STRP000003', 5.000),
('BGPK000037', 'STRP000004', 2.000),
('BGPK000037', 'STRP000005', 0.000),
('BGPK000037', 'STRP000047', 0.000),
('BGPK000037', 'THRD000001', 250.000),
('BGPK000037', 'THRD000009', 40.000),
('BGPK000038', 'BRND000001', 1.000),
('BGPK000038', 'BRND000003', 2.000),
('BGPK000038', 'FBRK000001', 0.000),
('BGPK000038', 'FBRK000010', 0.000),
('BGPK000038', 'FBRK000014', 1.000),
('BGPK000038', 'FBRK000033', 0.000),
('BGPK000038', 'FBRK000046', 0.000),
('BGPK000038', 'FBRK000054', 0.000),
('BGPK000038', 'FBRK000069', 0.000),
('BGPK000038', 'FBRK000114', 0.000),
('BGPK000038', 'FLNG000001', 0.000),
('BGPK000038', 'FLNG000002', 0.000),
('BGPK000038', 'HRDW000005', 3.000),
('BGPK000038', 'HRDW000006', 3.000),
('BGPK000038', 'HRDW000012', 2.000),
('BGPK000038', 'HRDW000014', 4.000),
('BGPK000038', 'HRDW000019', 2.000),
('BGPK000038', 'LTHR000004', 0.000),
('BGPK000038', 'PCKG000001', 1.000),
('BGPK000038', 'PCKG000002', 1.000),
('BGPK000038', 'STRP000003', 5.000),
('BGPK000038', 'STRP000004', 2.000),
('BGPK000038', 'STRP000005', 0.000),
('BGPK000038', 'STRP000047', 0.000),
('BGPK000038', 'THRD000001', 250.000),
('BGPK000038', 'THRD000009', 40.000),
('BGPK000038', 'THRD000018', 30.000),
('BGPK000039', 'BRND000001', 1.000),
('BGPK000039', 'BRND000003', 2.000),
('BGPK000039', 'FBRK000001', 0.000),
('BGPK000039', 'FBRK000010', 0.000),
('BGPK000039', 'FBRK000014', 1.000),
('BGPK000039', 'FBRK000033', 0.000),
('BGPK000039', 'FBRK000046', 0.000),
('BGPK000039', 'FBRK000047', 0.000),
('BGPK000039', 'FBRK000069', 0.000),
('BGPK000039', 'FBRK000114', 0.000),
('BGPK000039', 'FLNG000001', 0.000),
('BGPK000039', 'FLNG000002', 0.000),
('BGPK000039', 'HRDW000005', 3.000),
('BGPK000039', 'HRDW000006', 3.000),
('BGPK000039', 'HRDW000012', 2.000),
('BGPK000039', 'HRDW000014', 4.000),
('BGPK000039', 'HRDW000019', 2.000),
('BGPK000039', 'LTHR000004', 0.000),
('BGPK000039', 'PCKG000001', 1.000),
('BGPK000039', 'PCKG000002', 1.000),
('BGPK000039', 'STRP000003', 5.000),
('BGPK000039', 'STRP000004', 2.000),
('BGPK000039', 'STRP000005', 0.000),
('BGPK000039', 'STRP000046', 0.000),
('BGPK000039', 'THRD000001', 250.000),
('BGPK000039', 'THRD000002', 30.000),
('BGPK000039', 'THRD000009', 40.000),
('BGPK000040', 'BRND000001', 1.000),
('BGPK000040', 'BRND000003', 2.000),
('BGPK000040', 'FBRK000001', 0.000),
('BGPK000040', 'FBRK000010', 0.000),
('BGPK000040', 'FBRK000012', 1.000),
('BGPK000040', 'FBRK000033', 0.000),
('BGPK000040', 'FBRK000114', 0.000),
('BGPK000040', 'FLNG000001', 0.000),
('BGPK000040', 'FLNG000002', 0.000),
('BGPK000040', 'HRDW000005', 3.000),
('BGPK000040', 'HRDW000006', 3.000),
('BGPK000040', 'HRDW000012', 2.000),
('BGPK000040', 'HRDW000014', 4.000),
('BGPK000040', 'HRDW000019', 2.000),
('BGPK000040', 'LTHR000004', 0.000),
('BGPK000040', 'PCKG000001', 1.000),
('BGPK000040', 'PCKG000002', 1.000),
('BGPK000040', 'STRP000003', 5.000),
('BGPK000040', 'STRP000004', 2.000),
('BGPK000040', 'STRP000005', 0.000),
('BGPK000040', 'STRP000047', 0.000),
('BGPK000040', 'THRD000001', 250.000),
('BGPK000040', 'THRD000004', 40.000),
('BGPK000041', 'BRND000001', 1.000),
('BGPK000041', 'BRND000003', 2.000),
('BGPK000041', 'FBRK000001', 0.000),
('BGPK000041', 'FBRK000010', 0.000),
('BGPK000041', 'FBRK000017', 1.000),
('BGPK000041', 'FBRK000033', 0.000),
('BGPK000041', 'FBRK000114', 0.000),
('BGPK000041', 'FLNG000001', 0.000),
('BGPK000041', 'FLNG000002', 0.000),
('BGPK000041', 'HRDW000005', 3.000),
('BGPK000041', 'HRDW000006', 3.000),
('BGPK000041', 'HRDW000012', 2.000),
('BGPK000041', 'HRDW000014', 4.000);
INSERT INTO `bom` (`product_code`, `part_number`, `usage`) VALUES
('BGPK000041', 'HRDW000019', 2.000),
('BGPK000041', 'LTHR000004', 0.000),
('BGPK000041', 'PCKG000001', 1.000),
('BGPK000041', 'PCKG000002', 1.000),
('BGPK000041', 'STRP000003', 5.000),
('BGPK000041', 'STRP000004', 2.000),
('BGPK000041', 'STRP000005', 0.000),
('BGPK000041', 'STRP000047', 0.000),
('BGPK000041', 'THRD000001', 250.000),
('BGPK000041', 'THRD000007', 40.000),
('BGPK000042', 'BRND000001', 1.000),
('BGPK000042', 'BRND000003', 2.000),
('BGPK000042', 'FBRK000001', 0.000),
('BGPK000042', 'FBRK000010', 0.000),
('BGPK000042', 'FBRK000012', 1.000),
('BGPK000042', 'FBRK000033', 0.000),
('BGPK000042', 'FBRK000114', 0.000),
('BGPK000042', 'FLNG000001', 0.000),
('BGPK000042', 'FLNG000002', 0.000),
('BGPK000042', 'HRDW000005', 3.000),
('BGPK000042', 'HRDW000006', 3.000),
('BGPK000042', 'HRDW000012', 2.000),
('BGPK000042', 'HRDW000014', 4.000),
('BGPK000042', 'HRDW000019', 2.000),
('BGPK000042', 'LTHR000004', 0.000),
('BGPK000042', 'PCKG000001', 1.000),
('BGPK000042', 'PCKG000002', 1.000),
('BGPK000042', 'STRP000003', 5.000),
('BGPK000042', 'STRP000004', 2.000),
('BGPK000042', 'STRP000005', 0.000),
('BGPK000042', 'STRP000047', 0.000),
('BGPK000042', 'THRD000001', 250.000),
('BGPK000042', 'THRD000004', 40.000),
('BGPK000043', 'BRND000001', 1.000),
('BGPK000043', 'BRND000003', 1.000),
('BGPK000043', 'FBRK000001', 0.000),
('BGPK000043', 'FBRK000114', 0.000),
('BGPK000043', 'FLNG000001', 0.000),
('BGPK000043', 'FLNG000003', 0.000),
('BGPK000043', 'HRDW000005', 2.000),
('BGPK000043', 'HRDW000006', 2.000),
('BGPK000043', 'HRDW000010', 2.000),
('BGPK000043', 'HRDW000018', 0.000),
('BGPK000043', 'HRDW000019', 2.000),
('BGPK000043', 'LTHR000004', 0.000),
('BGPK000043', 'PCKG000001', 1.000),
('BGPK000043', 'PCKG000002', 1.000),
('BGPK000043', 'PCKG000003', 1.000),
('BGPK000043', 'PCKG000004', 0.350),
('BGPK000043', 'PCKG000005', 1.000),
('BGPK000043', 'PCKG000006', 1.000),
('BGPK000043', 'STRP000003', 5.000),
('BGPK000043', 'STRP000004', 0.000),
('BGPK000044', 'BRND000001', 1.000),
('BGPK000044', 'BRND000003', 1.000),
('BGPK000044', 'FBRK000001', 0.000),
('BGPK000044', 'FBRK000114', 0.000),
('BGPK000044', 'FLNG000001', 0.000),
('BGPK000044', 'HRDW000005', 2.000),
('BGPK000044', 'HRDW000006', 2.000),
('BGPK000044', 'HRDW000010', 2.000),
('BGPK000044', 'HRDW000018', 0.000),
('BGPK000044', 'HRDW000019', 2.000),
('BGPK000044', 'LTHR000004', 0.000),
('BGPK000044', 'PCKG000001', 1.000),
('BGPK000044', 'PCKG000002', 1.000),
('BGPK000044', 'PCKG000003', 1.000),
('BGPK000044', 'PCKG000004', 0.350),
('BGPK000044', 'PCKG000005', 1.000),
('BGPK000044', 'PCKG000006', 1.000),
('BGPK000044', 'STRP000003', 5.000),
('BGPK000044', 'STRP000004', 0.000),
('BGPK000045', 'BRND000001', 1.000),
('BGPK000045', 'BRND000003', 1.000),
('BGPK000045', 'FBRK000001', 0.000),
('BGPK000045', 'FBRK000114', 0.000),
('BGPK000045', 'FLNG000001', 0.000),
('BGPK000045', 'HRDW000005', 2.000),
('BGPK000045', 'HRDW000006', 2.000),
('BGPK000045', 'HRDW000010', 2.000),
('BGPK000045', 'HRDW000018', 0.000),
('BGPK000045', 'HRDW000019', 2.000),
('BGPK000045', 'LTHR000004', 0.000),
('BGPK000045', 'PCKG000001', 1.000),
('BGPK000045', 'PCKG000002', 1.000),
('BGPK000045', 'PCKG000003', 1.000),
('BGPK000045', 'PCKG000004', 0.350),
('BGPK000045', 'PCKG000005', 1.000),
('BGPK000045', 'PCKG000006', 1.000),
('BGPK000045', 'STRP000003', 5.000),
('BGPK000045', 'STRP000004', 0.000),
('BGPK000046', 'BRND000001', 1.000),
('BGPK000046', 'BRND000003', 1.000),
('BGPK000046', 'FBRK000001', 0.000),
('BGPK000046', 'FBRK000114', 0.000),
('BGPK000046', 'FLNG000001', 0.000),
('BGPK000046', 'HRDW000005', 2.000),
('BGPK000046', 'HRDW000006', 2.000),
('BGPK000046', 'HRDW000010', 2.000),
('BGPK000046', 'HRDW000018', 0.000),
('BGPK000046', 'HRDW000019', 2.000),
('BGPK000046', 'LTHR000004', 0.000),
('BGPK000046', 'PCKG000001', 1.000),
('BGPK000046', 'PCKG000002', 1.000),
('BGPK000046', 'PCKG000003', 1.000),
('BGPK000046', 'PCKG000004', 0.350),
('BGPK000046', 'PCKG000005', 1.000),
('BGPK000046', 'PCKG000006', 1.000),
('BGPK000046', 'STRP000003', 5.000),
('BGPK000046', 'STRP000004', 0.000),
('BGPK000047', 'BRND000001', 1.000),
('BGPK000047', 'BRND000003', 1.000),
('BGPK000047', 'FBRK000001', 0.000),
('BGPK000047', 'FBRK000114', 0.000),
('BGPK000047', 'FLNG000001', 0.000),
('BGPK000047', 'HRDW000005', 2.000),
('BGPK000047', 'HRDW000006', 2.000),
('BGPK000047', 'HRDW000010', 2.000),
('BGPK000047', 'HRDW000018', 0.000),
('BGPK000047', 'HRDW000019', 2.000),
('BGPK000047', 'LTHR000004', 0.000),
('BGPK000047', 'PCKG000001', 1.000),
('BGPK000047', 'PCKG000002', 1.000),
('BGPK000047', 'PCKG000003', 1.000),
('BGPK000047', 'PCKG000004', 0.350),
('BGPK000047', 'PCKG000005', 1.000),
('BGPK000047', 'PCKG000006', 1.000),
('BGPK000047', 'STRP000003', 5.000),
('BGPK000047', 'STRP000004', 0.000),
('BGPK000048', 'BRND000001', 1.000),
('BGPK000048', 'BRND000003', 2.000),
('BGPK000048', 'HRDW000005', 2.000),
('BGPK000048', 'HRDW000006', 2.000),
('BGPK000048', 'HRDW000009', 2.000),
('BGPK000048', 'HRDW000011', 4.000),
('BGPK000048', 'HRDW000013', 8.000),
('BGPK000048', 'HRDW000014', 4.000),
('BGPK000048', 'HRDW000018', 1.000),
('BGPK000048', 'HRDW000019', 3.000),
('BGPK000048', 'HRDW000037', 2.000),
('BGPK000048', 'LTHR000004', 0.000),
('BGPK000048', 'PCKG000001', 1.000),
('BGPK000048', 'PCKG000002', 1.000),
('BGPK000048', 'STRP000002', 3.000),
('BGPK000048', 'STRP000003', 1.000),
('BGPK000048', 'STRP000004', 4.000),
('BGPK000048', 'STRP000046', 0.000),
('BGPK000049', 'BRND000001', 1.000),
('BGPK000049', 'BRND000003', 2.000),
('BGPK000049', 'HRDW000005', 2.000),
('BGPK000049', 'HRDW000006', 2.000),
('BGPK000049', 'HRDW000009', 2.000),
('BGPK000049', 'HRDW000011', 4.000),
('BGPK000049', 'HRDW000013', 8.000),
('BGPK000049', 'HRDW000014', 4.000),
('BGPK000049', 'HRDW000018', 1.000),
('BGPK000049', 'HRDW000019', 3.000),
('BGPK000049', 'HRDW000037', 2.000),
('BGPK000049', 'LTHR000004', 0.000),
('BGPK000049', 'PCKG000001', 1.000),
('BGPK000049', 'PCKG000002', 1.000),
('BGPK000049', 'STRP000002', 3.000),
('BGPK000049', 'STRP000003', 1.000),
('BGPK000049', 'STRP000004', 4.000),
('BGPK000049', 'STRP000046', 0.000),
('BGPK000050', 'BRND000001', 1.000),
('BGPK000050', 'BRND000003', 1.000),
('BGPK000050', 'FLNG000001', 2.000),
('BGPK000050', 'HRDW000011', 2.000),
('BGPK000050', 'HRDW000018', 0.000),
('BGPK000050', 'HRDW000019', 2.000),
('BGPK000050', 'HRDW000052', 1.000),
('BGPK000050', 'LTHR000004', 0.000),
('BGPK000050', 'PCKG000001', 1.000),
('BGPK000050', 'PCKG000002', 1.000),
('BGPK000050', 'STRP000003', 0.000),
('BGPK000050', 'STRP000004', 1.000),
('BGPK000051', 'BRND000001', 1.000),
('BGPK000051', 'BRND000003', 1.000),
('BGPK000051', 'FLNG000001', 2.000),
('BGPK000051', 'HRDW000011', 2.000),
('BGPK000051', 'HRDW000018', 0.000),
('BGPK000051', 'HRDW000019', 2.000),
('BGPK000051', 'HRDW000052', 1.000),
('BGPK000051', 'LTHR000004', 0.000),
('BGPK000051', 'PCKG000002', 1.000),
('BGPK000051', 'STRP000003', 0.000),
('BGPK000051', 'STRP000004', 1.000),
('BGPK000052', 'BRND000001', 1.000),
('BGPK000052', 'BRND000003', 1.000),
('BGPK000052', 'FLNG000001', 2.000),
('BGPK000052', 'HRDW000011', 2.000),
('BGPK000052', 'HRDW000018', 0.000),
('BGPK000052', 'HRDW000019', 2.000),
('BGPK000052', 'HRDW000052', 1.000),
('BGPK000052', 'LTHR000004', 0.000),
('BGPK000052', 'PCKG000002', 1.000),
('BGPK000052', 'STRP000003', 0.000),
('BGPK000052', 'STRP000004', 1.000),
('BGPK000053', 'BRND000001', 1.000),
('BGPK000053', 'BRND000003', 1.000),
('BGPK000053', 'FLNG000001', 2.000),
('BGPK000053', 'HRDW000011', 2.000),
('BGPK000053', 'HRDW000018', 0.000),
('BGPK000053', 'HRDW000019', 2.000),
('BGPK000053', 'HRDW000052', 1.000),
('BGPK000053', 'LTHR000004', 0.000),
('BGPK000053', 'PCKG000002', 1.000),
('BGPK000053', 'STRP000003', 0.000),
('BGPK000053', 'STRP000004', 1.000),
('BGPK000054', 'BRND000001', 1.000),
('BGPK000054', 'BRND000003', 1.000),
('BGPK000054', 'FBRK000001', 0.000),
('BGPK000054', 'FBRK000070', 0.000),
('BGPK000054', 'FBRK000101', 0.000),
('BGPK000054', 'FBRK000114', 0.000),
('BGPK000054', 'FLNG000001', 0.000),
('BGPK000054', 'FLNG000003', 0.000),
('BGPK000054', 'HRDW000005', 1.000),
('BGPK000054', 'HRDW000006', 1.000),
('BGPK000054', 'HRDW000010', 2.000),
('BGPK000054', 'HRDW000018', 0.000),
('BGPK000054', 'HRDW000019', 1.000),
('BGPK000054', 'LTHR000002', 0.000),
('BGPK000054', 'PCKG000001', 1.000),
('BGPK000054', 'PCKG000002', 1.000),
('BGPK000054', 'STRP000003', 2.000),
('BGPK000054', 'THRD000001', 100.000),
('BGPK000054', 'THRD000008', 20.000),
('BGPK000055', 'BRND000001', 1.000),
('BGPK000055', 'BRND000003', 1.000),
('BGPK000055', 'FBRK000001', 0.000),
('BGPK000055', 'FBRK000015', 0.000),
('BGPK000055', 'FBRK000069', 0.000),
('BGPK000055', 'FBRK000101', 0.000),
('BGPK000055', 'FBRK000114', 0.000),
('BGPK000055', 'FLNG000001', 0.000),
('BGPK000055', 'FLNG000003', 0.000),
('BGPK000055', 'HRDW000005', 1.000),
('BGPK000055', 'HRDW000006', 1.000),
('BGPK000055', 'HRDW000010', 2.000),
('BGPK000055', 'HRDW000018', 0.000),
('BGPK000055', 'HRDW000019', 1.000),
('BGPK000055', 'LTHR000001', 0.000),
('BGPK000055', 'PCKG000001', 1.000),
('BGPK000055', 'PCKG000002', 1.000),
('BGPK000055', 'STRP000003', 2.000),
('BGPK000055', 'THRD000001', 100.000),
('BGPK000055', 'THRD000008', 20.000),
('BGPK000056', 'BRND000001', 1.000),
('BGPK000056', 'BRND000003', 1.000),
('BGPK000056', 'FBRK000001', 0.000),
('BGPK000056', 'FBRK000029', 0.000),
('BGPK000056', 'FBRK000070', 0.000),
('BGPK000056', 'FBRK000104', 0.000),
('BGPK000056', 'FBRK000114', 0.000),
('BGPK000056', 'FLNG000001', 0.000),
('BGPK000056', 'FLNG000003', 0.000),
('BGPK000056', 'HRDW000005', 1.000),
('BGPK000056', 'HRDW000006', 1.000),
('BGPK000056', 'HRDW000010', 2.000),
('BGPK000056', 'HRDW000018', 0.000),
('BGPK000056', 'HRDW000019', 1.000),
('BGPK000056', 'LTHR000001', 0.000),
('BGPK000056', 'PCKG000001', 1.000),
('BGPK000056', 'PCKG000002', 1.000),
('BGPK000056', 'STRP000003', 2.000),
('BGPK000056', 'THRD000001', 20.000),
('BGPK000056', 'THRD000011', 100.000),
('BGPK000056', 'THRD000013', 80.000),
('BGPK000057', 'BRND000001', 1.000),
('BGPK000057', 'BRND000003', 1.000),
('BGPK000057', 'FBRK000001', 0.000),
('BGPK000057', 'FBRK000070', 0.000),
('BGPK000057', 'FBRK000104', 0.000),
('BGPK000057', 'FBRK000114', 0.000),
('BGPK000057', 'FLNG000001', 0.000),
('BGPK000057', 'FLNG000003', 0.000),
('BGPK000057', 'HRDW000005', 1.000),
('BGPK000057', 'HRDW000006', 1.000),
('BGPK000057', 'HRDW000010', 2.000),
('BGPK000057', 'HRDW000018', 0.000),
('BGPK000057', 'HRDW000019', 1.000),
('BGPK000057', 'LTHR000003', 0.000),
('BGPK000057', 'PCKG000001', 1.000),
('BGPK000057', 'PCKG000002', 1.000),
('BGPK000057', 'STRP000003', 2.000),
('BGPK000057', 'THRD000001', 20.000),
('BGPK000057', 'THRD000008', 80.000),
('BGPK000057', 'THRD000011', 100.000),
('BGPK000058', 'BRND000001', 1.000),
('BGPK000058', 'BRND000003', 2.000),
('BGPK000058', 'FLNG000002', 0.000),
('BGPK000058', 'HRDW000005', 2.000),
('BGPK000058', 'HRDW000006', 2.000),
('BGPK000058', 'HRDW000009', 2.000),
('BGPK000058', 'HRDW000011', 4.000),
('BGPK000058', 'HRDW000013', 8.000),
('BGPK000058', 'HRDW000014', 4.000),
('BGPK000058', 'HRDW000018', 0.000),
('BGPK000058', 'HRDW000019', 2.000),
('BGPK000058', 'HRDW000088', 1.000),
('BGPK000058', 'LTHR000004', 0.000),
('BGPK000058', 'PCKG000001', 1.000),
('BGPK000058', 'PCKG000002', 1.000),
('BGPK000058', 'PCKG000003', 1.000),
('BGPK000058', 'PCKG000004', 0.350),
('BGPK000058', 'PCKG000005', 1.000),
('BGPK000058', 'PCKG000006', 1.000),
('BGPK000058', 'STRP000002', 3.000),
('BGPK000058', 'STRP000003', 1.000),
('BGPK000058', 'STRP000004', 3.000),
('BGPK000058', 'STRP000005', 0.000),
('BGPK000058', 'STRP000046', 1.000),
('BGPK000059', 'BRND000001', 1.000),
('BGPK000059', 'BRND000003', 2.000),
('BGPK000059', 'FLNG000002', 0.000),
('BGPK000059', 'HRDW000005', 2.000),
('BGPK000059', 'HRDW000006', 2.000),
('BGPK000059', 'HRDW000009', 2.000),
('BGPK000059', 'HRDW000011', 4.000),
('BGPK000059', 'HRDW000013', 8.000),
('BGPK000059', 'HRDW000014', 4.000),
('BGPK000059', 'HRDW000018', 0.000),
('BGPK000059', 'HRDW000019', 2.000),
('BGPK000059', 'HRDW000088', 1.000),
('BGPK000059', 'LTHR000004', 0.000),
('BGPK000059', 'PCKG000001', 1.000),
('BGPK000059', 'PCKG000002', 1.000),
('BGPK000059', 'PCKG000003', 1.000),
('BGPK000059', 'PCKG000004', 0.350),
('BGPK000059', 'PCKG000005', 1.000),
('BGPK000059', 'PCKG000006', 1.000),
('BGPK000059', 'STRP000002', 3.000),
('BGPK000059', 'STRP000003', 1.000),
('BGPK000059', 'STRP000004', 3.000),
('BGPK000059', 'STRP000005', 0.000),
('BGPK000059', 'STRP000046', 1.000),
('BGPK000060', 'BRND000001', 1.000),
('BGPK000060', 'BRND000003', 1.000),
('BGPK000060', 'FBRK000002', 1.000),
('BGPK000060', 'FBRK000046', 0.000),
('BGPK000060', 'FBRK000069', 0.000),
('BGPK000060', 'FBRK000114', 0.000),
('BGPK000060', 'FLNG000001', 0.000),
('BGPK000060', 'FLNG000003', 0.000),
('BGPK000060', 'HRDW000005', 1.000),
('BGPK000060', 'HRDW000006', 1.000),
('BGPK000060', 'HRDW000011', 2.000),
('BGPK000060', 'HRDW000018', 0.000),
('BGPK000060', 'HRDW000019', 1.000),
('BGPK000060', 'LTHR000004', 0.000),
('BGPK000060', 'PCKG000001', 1.000),
('BGPK000060', 'PCKG000002', 1.000),
('BGPK000060', 'STRP000003', 1.000),
('BGPK000060', 'STRP000004', 2.000),
('BGPK000060', 'STRP000007', 1.000),
('BGPK000060', 'THRD000001', 100.000),
('BGPK000060', 'THRD000004', 20.000),
('BGPK000061', 'BRND000001', 1.000),
('BGPK000061', 'BRND000003', 1.000),
('BGPK000061', 'FBRK000002', 1.000),
('BGPK000061', 'FBRK000046', 0.000),
('BGPK000061', 'FBRK000069', 0.000),
('BGPK000061', 'FBRK000114', 0.000),
('BGPK000061', 'FLNG000001', 0.000),
('BGPK000061', 'FLNG000003', 0.000),
('BGPK000061', 'HRDW000005', 1.000),
('BGPK000061', 'HRDW000006', 1.000),
('BGPK000061', 'HRDW000011', 2.000),
('BGPK000061', 'HRDW000018', 0.000),
('BGPK000061', 'HRDW000019', 1.000),
('BGPK000061', 'LTHR000004', 0.000),
('BGPK000061', 'PCKG000001', 1.000),
('BGPK000061', 'PCKG000002', 1.000),
('BGPK000061', 'STRP000003', 1.000),
('BGPK000061', 'STRP000004', 2.000),
('BGPK000061', 'STRP000007', 1.000),
('BGPK000061', 'THRD000001', 100.000),
('BGPK000061', 'THRD000004', 20.000),
('BGPK000061', 'THRD000014', 80.000),
('BGPK000062', 'BRND000001', 1.000),
('BGPK000062', 'BRND000003', 1.000),
('BGPK000062', 'FBRK000001', 0.000),
('BGPK000062', 'FBRK000014', 0.000),
('BGPK000062', 'FBRK000046', 0.000),
('BGPK000062', 'FBRK000069', 0.000),
('BGPK000062', 'FBRK000114', 0.000),
('BGPK000062', 'FLNG000001', 0.000),
('BGPK000062', 'FLNG000003', 0.000),
('BGPK000062', 'HRDW000005', 2.000),
('BGPK000062', 'HRDW000006', 2.000),
('BGPK000062', 'HRDW000011', 2.000),
('BGPK000062', 'HRDW000018', 0.000),
('BGPK000062', 'HRDW000019', 1.000),
('BGPK000062', 'LTHR000004', 0.000),
('BGPK000062', 'PCKG000001', 1.000),
('BGPK000062', 'PCKG000002', 1.000),
('BGPK000062', 'STRP000003', 2.000),
('BGPK000062', 'STRP000004', 2.000),
('BGPK000062', 'STRP000007', 1.000),
('BGPK000062', 'THRD000001', 100.000),
('BGPK000062', 'THRD000009', 20.000),
('BGPK000063', 'BRND000001', 1.000),
('BGPK000063', 'BRND000003', 1.000),
('BGPK000063', 'FBRK000002', 1.000),
('BGPK000063', 'FBRK000046', 0.000),
('BGPK000063', 'FBRK000069', 0.000),
('BGPK000063', 'FBRK000114', 0.000),
('BGPK000063', 'FLNG000001', 0.000),
('BGPK000063', 'FLNG000003', 0.000),
('BGPK000063', 'HRDW000005', 2.000),
('BGPK000063', 'HRDW000006', 2.000),
('BGPK000063', 'HRDW000011', 2.000),
('BGPK000063', 'HRDW000018', 0.000),
('BGPK000063', 'HRDW000019', 1.000),
('BGPK000063', 'LTHR000004', 0.000),
('BGPK000063', 'PCKG000001', 1.000),
('BGPK000063', 'PCKG000002', 1.000),
('BGPK000063', 'STRP000003', 2.000),
('BGPK000063', 'STRP000004', 2.000),
('BGPK000063', 'STRP000007', 1.000),
('BGPK000063', 'THRD000001', 100.000),
('BGPK000063', 'THRD000004', 20.000),
('BGPK000063', 'THRD000014', 80.000),
('BGPK000064', 'BRND000001', 1.000),
('BGPK000064', 'BRND000003', 1.000),
('BGPK000064', 'FBRK000008', 0.000),
('BGPK000064', 'FBRK000013', 0.000),
('BGPK000064', 'FBRK000069', 0.000),
('BGPK000064', 'FBRK000101', 0.000),
('BGPK000064', 'FBRK000114', 0.000),
('BGPK000064', 'FLNG000001', 0.000),
('BGPK000064', 'FLNG000003', 0.000),
('BGPK000064', 'HRDW000005', 1.000),
('BGPK000064', 'HRDW000006', 1.000),
('BGPK000064', 'HRDW000010', 2.000),
('BGPK000064', 'HRDW000018', 0.000),
('BGPK000064', 'HRDW000019', 1.000),
('BGPK000064', 'LTHR000003', 0.000),
('BGPK000064', 'PCKG000001', 1.000),
('BGPK000064', 'PCKG000002', 1.000),
('BGPK000064', 'STRP000003', 2.000),
('BGPK000064', 'THRD000001', 100.000),
('BGPK000064', 'THRD000003', 20.000),
('BGPK000064', 'THRD000011', 20.000),
('BGPK000065', 'BRND000001', 1.000),
('BGPK000065', 'BRND000003', 1.000),
('BGPK000065', 'FBRK000008', 0.000),
('BGPK000065', 'FBRK000013', 0.000),
('BGPK000065', 'FBRK000069', 0.000),
('BGPK000065', 'FBRK000110', 0.000),
('BGPK000065', 'FBRK000114', 0.000),
('BGPK000065', 'FLNG000001', 0.000),
('BGPK000065', 'FLNG000003', 0.000),
('BGPK000065', 'HRDW000005', 1.000),
('BGPK000065', 'HRDW000006', 1.000),
('BGPK000065', 'HRDW000010', 2.000),
('BGPK000065', 'HRDW000018', 0.000),
('BGPK000065', 'HRDW000019', 1.000),
('BGPK000065', 'LTHR000003', 0.000),
('BGPK000065', 'PCKG000001', 1.000),
('BGPK000065', 'PCKG000002', 1.000),
('BGPK000065', 'STRP000003', 2.000),
('BGPK000065', 'THRD000001', 10.000),
('BGPK000065', 'THRD000003', 20.000),
('BGPK000065', 'THRD000005', 100.000),
('BGPK000065', 'THRD000011', 20.000),
('BGPK000066', 'BRND000001', 1.000),
('BGPK000066', 'BRND000003', 1.000),
('BGPK000066', 'FBRK000008', 0.000),
('BGPK000066', 'FBRK000013', 0.000),
('BGPK000066', 'FBRK000069', 0.000),
('BGPK000066', 'FBRK000108', 0.000),
('BGPK000066', 'FBRK000114', 0.000),
('BGPK000066', 'FLNG000001', 0.000),
('BGPK000066', 'FLNG000003', 0.000),
('BGPK000066', 'HRDW000005', 1.000),
('BGPK000066', 'HRDW000006', 1.000),
('BGPK000066', 'HRDW000010', 2.000),
('BGPK000066', 'HRDW000018', 0.000),
('BGPK000066', 'HRDW000019', 1.000),
('BGPK000066', 'LTHR000001', 0.000),
('BGPK000066', 'PCKG000001', 1.000),
('BGPK000066', 'PCKG000002', 1.000),
('BGPK000066', 'STRP000003', 2.000),
('BGPK000066', 'THRD000001', 20.000),
('BGPK000066', 'THRD000003', 120.000),
('BGPK000067', 'BRND000001', 1.000),
('BGPK000067', 'BRND000003', 1.000),
('BGPK000067', 'FBRK000008', 0.000),
('BGPK000067', 'FBRK000013', 0.000),
('BGPK000067', 'FBRK000069', 0.000),
('BGPK000067', 'FBRK000113', 0.000),
('BGPK000067', 'FBRK000114', 0.000),
('BGPK000067', 'FLNG000001', 0.000),
('BGPK000067', 'FLNG000003', 0.000),
('BGPK000067', 'HRDW000005', 1.000),
('BGPK000067', 'HRDW000006', 1.000),
('BGPK000067', 'HRDW000010', 2.000),
('BGPK000067', 'HRDW000018', 0.000),
('BGPK000067', 'HRDW000019', 1.000),
('BGPK000067', 'LTHR000003', 0.000),
('BGPK000067', 'PCKG000001', 1.000),
('BGPK000067', 'PCKG000002', 1.000),
('BGPK000067', 'STRP000003', 2.000),
('BGPK000067', 'THRD000001', 10.000),
('BGPK000067', 'THRD000003', 20.000),
('BGPK000067', 'THRD000011', 100.000),
('BGPK000068', 'BRND000001', 1.000),
('BGPK000068', 'BRND000003', 1.000),
('BGPK000068', 'FBRK000008', 0.000),
('BGPK000068', 'FBRK000013', 0.000),
('BGPK000068', 'FBRK000069', 0.000),
('BGPK000068', 'FBRK000103', 0.000),
('BGPK000068', 'FBRK000114', 0.000),
('BGPK000068', 'FLNG000001', 0.000),
('BGPK000068', 'FLNG000003', 0.000),
('BGPK000068', 'HRDW000005', 1.000),
('BGPK000068', 'HRDW000006', 1.000),
('BGPK000068', 'HRDW000010', 2.000),
('BGPK000068', 'HRDW000018', 0.000),
('BGPK000068', 'HRDW000019', 1.000),
('BGPK000068', 'LTHR000001', 0.000),
('BGPK000068', 'PCKG000001', 1.000),
('BGPK000068', 'PCKG000002', 1.000),
('BGPK000068', 'STRP000003', 2.000),
('BGPK000068', 'THRD000001', 20.000),
('BGPK000068', 'THRD000003', 20.000),
('BGPK000068', 'THRD000018', 100.000),
('BGPK000069', 'BRND000001', 1.000),
('BGPK000069', 'BRND000003', 1.000),
('BGPK000069', 'FBRK000008', 0.000),
('BGPK000069', 'FBRK000013', 0.000),
('BGPK000069', 'FBRK000069', 0.000),
('BGPK000069', 'FBRK000103', 0.000),
('BGPK000069', 'FBRK000114', 0.000),
('BGPK000069', 'FLNG000001', 0.000),
('BGPK000069', 'FLNG000003', 0.000),
('BGPK000069', 'HRDW000005', 1.000),
('BGPK000069', 'HRDW000006', 1.000),
('BGPK000069', 'HRDW000010', 2.000),
('BGPK000069', 'HRDW000018', 0.000),
('BGPK000069', 'HRDW000019', 1.000),
('BGPK000069', 'LTHR000003', 0.000),
('BGPK000069', 'PCKG000001', 1.000),
('BGPK000069', 'PCKG000002', 1.000),
('BGPK000069', 'STRP000003', 2.000),
('BGPK000069', 'THRD000001', 10.000),
('BGPK000069', 'THRD000003', 20.000),
('BGPK000069', 'THRD000011', 20.000),
('BGPK000069', 'THRD000018', 100.000),
('BGPK000070', 'BRND000001', 1.000),
('BGPK000070', 'BRND000003', 1.000),
('BGPK000070', 'FBRK000008', 0.000),
('BGPK000070', 'FBRK000013', 0.000),
('BGPK000070', 'FBRK000069', 0.000),
('BGPK000070', 'FBRK000108', 0.000),
('BGPK000070', 'FBRK000114', 0.000),
('BGPK000070', 'FLNG000001', 0.000),
('BGPK000070', 'FLNG000003', 0.000),
('BGPK000070', 'HRDW000005', 1.000),
('BGPK000070', 'HRDW000006', 1.000),
('BGPK000070', 'HRDW000010', 2.000),
('BGPK000070', 'HRDW000018', 0.000),
('BGPK000070', 'HRDW000019', 1.000),
('BGPK000070', 'LTHR000001', 0.000),
('BGPK000070', 'PCKG000001', 1.000),
('BGPK000070', 'PCKG000002', 1.000),
('BGPK000070', 'STRP000003', 2.000),
('BGPK000070', 'THRD000001', 20.000),
('BGPK000070', 'THRD000003', 20.000),
('BGPK000070', 'THRD000012', 100.000),
('BGPK000071', 'BRND000001', 1.000),
('BGPK000071', 'BRND000003', 1.000),
('BGPK000071', 'FBRK000008', 0.000),
('BGPK000071', 'FBRK000013', 0.000),
('BGPK000071', 'FBRK000069', 0.000),
('BGPK000071', 'FBRK000108', 0.000),
('BGPK000071', 'FBRK000114', 0.000),
('BGPK000071', 'FLNG000001', 0.000),
('BGPK000071', 'FLNG000003', 0.000),
('BGPK000071', 'HRDW000005', 1.000),
('BGPK000071', 'HRDW000006', 1.000),
('BGPK000071', 'HRDW000010', 2.000),
('BGPK000071', 'HRDW000018', 0.000),
('BGPK000071', 'HRDW000019', 1.000),
('BGPK000071', 'LTHR000003', 0.000),
('BGPK000071', 'PCKG000001', 1.000),
('BGPK000071', 'PCKG000002', 1.000),
('BGPK000071', 'STRP000003', 2.000),
('BGPK000071', 'THRD000001', 10.000),
('BGPK000071', 'THRD000003', 20.000),
('BGPK000071', 'THRD000011', 20.000),
('BGPK000071', 'THRD000012', 100.000),
('BGPK000072', 'BRND000001', 1.000),
('BGPK000072', 'BRND000003', 1.000),
('BGPK000072', 'FBRK000008', 0.000),
('BGPK000072', 'FBRK000013', 0.000),
('BGPK000072', 'FBRK000069', 0.000),
('BGPK000072', 'FBRK000109', 0.000),
('BGPK000072', 'FBRK000114', 0.000),
('BGPK000072', 'FLNG000001', 0.000),
('BGPK000072', 'FLNG000003', 0.000),
('BGPK000072', 'HRDW000005', 1.000),
('BGPK000072', 'HRDW000006', 1.000),
('BGPK000072', 'HRDW000010', 2.000),
('BGPK000072', 'HRDW000018', 0.000),
('BGPK000072', 'HRDW000019', 1.000),
('BGPK000072', 'LTHR000001', 0.000),
('BGPK000072', 'PCKG000001', 1.000),
('BGPK000072', 'PCKG000002', 1.000),
('BGPK000072', 'STRP000003', 2.000),
('BGPK000072', 'THRD000001', 20.000),
('BGPK000072', 'THRD000003', 20.000),
('BGPK000072', 'THRD000013', 100.000),
('BGPK000073', 'BRND000001', 1.000),
('BGPK000073', 'BRND000003', 1.000),
('BGPK000073', 'FBRK000008', 0.000),
('BGPK000073', 'FBRK000013', 0.000),
('BGPK000073', 'FBRK000069', 0.000),
('BGPK000073', 'FBRK000106', 0.000),
('BGPK000073', 'FBRK000114', 0.000),
('BGPK000073', 'FLNG000001', 0.000),
('BGPK000073', 'FLNG000003', 0.000),
('BGPK000073', 'HRDW000005', 1.000),
('BGPK000073', 'HRDW000006', 1.000),
('BGPK000073', 'HRDW000010', 2.000),
('BGPK000073', 'HRDW000018', 0.000),
('BGPK000073', 'HRDW000019', 1.000),
('BGPK000073', 'LTHR000003', 0.000),
('BGPK000073', 'PCKG000001', 1.000),
('BGPK000073', 'PCKG000002', 1.000),
('BGPK000073', 'STRP000003', 2.000),
('BGPK000073', 'THRD000001', 10.000),
('BGPK000073', 'THRD000003', 20.000),
('BGPK000073', 'THRD000004', 100.000),
('BGPK000073', 'THRD000011', 20.000),
('BGPK000074', 'BRND000001', 1.000),
('BGPK000074', 'BRND000003', 1.000),
('BGPK000074', 'FBRK000001', 0.000),
('BGPK000074', 'FBRK000114', 0.000),
('BGPK000074', 'FLNG000001', 0.000),
('BGPK000074', 'FLNG000003', 0.000),
('BGPK000074', 'HRDW000005', 1.000),
('BGPK000074', 'HRDW000006', 1.000),
('BGPK000074', 'HRDW000010', 2.000),
('BGPK000074', 'HRDW000018', 0.000),
('BGPK000074', 'HRDW000019', 1.000),
('BGPK000074', 'LTHR000001', 0.000),
('BGPK000074', 'PCKG000001', 1.000),
('BGPK000074', 'PCKG000002', 1.000),
('BGPK000074', 'PCKG000003', 1.000),
('BGPK000074', 'PCKG000004', 1.000),
('BGPK000074', 'PCKG000005', 1.000),
('BGPK000074', 'PCKG000006', 1.000),
('BGPK000074', 'STRP000003', 2.000),
('BGPK000074', 'THRD000003', 20.000),
('BGPK000075', 'BRND000001', 1.000),
('BGPK000075', 'BRND000003', 1.000),
('BGPK000075', 'FBRK000001', 0.000),
('BGPK000075', 'FBRK000114', 0.000),
('BGPK000075', 'FLNG000001', 0.000),
('BGPK000075', 'FLNG000003', 0.000),
('BGPK000075', 'HRDW000005', 1.000),
('BGPK000075', 'HRDW000006', 1.000),
('BGPK000075', 'HRDW000010', 2.000),
('BGPK000075', 'HRDW000018', 0.000),
('BGPK000075', 'HRDW000019', 1.000),
('BGPK000075', 'PCKG000001', 1.000),
('BGPK000075', 'PCKG000002', 1.000),
('BGPK000075', 'PCKG000003', 1.000),
('BGPK000075', 'PCKG000004', 1.000),
('BGPK000075', 'PCKG000005', 1.000),
('BGPK000075', 'PCKG000006', 1.000),
('BGPK000075', 'STRP000003', 2.000),
('BGPK000075', 'THRD000003', 20.000),
('BGPK000076', 'BRND000001', 1.000),
('BGPK000076', 'BRND000003', 1.000),
('BGPK000076', 'FBRK000001', 0.000),
('BGPK000076', 'FBRK000114', 0.000),
('BGPK000076', 'FLNG000001', 0.000),
('BGPK000076', 'FLNG000003', 0.000),
('BGPK000076', 'HRDW000005', 1.000),
('BGPK000076', 'HRDW000006', 1.000),
('BGPK000076', 'HRDW000010', 2.000),
('BGPK000076', 'HRDW000018', 0.000),
('BGPK000076', 'HRDW000019', 1.000),
('BGPK000076', 'LTHR000001', 0.000),
('BGPK000076', 'PCKG000001', 1.000),
('BGPK000076', 'PCKG000002', 1.000),
('BGPK000076', 'PCKG000003', 1.000),
('BGPK000076', 'PCKG000004', 1.000),
('BGPK000076', 'PCKG000005', 1.000),
('BGPK000076', 'PCKG000006', 1.000),
('BGPK000076', 'STRP000003', 2.000),
('BGPK000076', 'THRD000003', 20.000),
('BGPK000077', 'BRND000001', 1.000),
('BGPK000077', 'BRND000003', 1.000),
('BGPK000077', 'FBRK000001', 0.000),
('BGPK000077', 'FBRK000114', 0.000),
('BGPK000077', 'FLNG000001', 0.000),
('BGPK000077', 'FLNG000003', 0.000),
('BGPK000077', 'HRDW000005', 1.000),
('BGPK000077', 'HRDW000006', 1.000),
('BGPK000077', 'HRDW000010', 2.000),
('BGPK000077', 'HRDW000018', 0.000),
('BGPK000077', 'HRDW000019', 1.000),
('BGPK000077', 'LTHR000001', 0.000),
('BGPK000077', 'PCKG000001', 1.000),
('BGPK000077', 'PCKG000002', 1.000),
('BGPK000077', 'PCKG000003', 1.000),
('BGPK000077', 'PCKG000004', 1.000),
('BGPK000077', 'PCKG000005', 1.000),
('BGPK000077', 'PCKG000006', 1.000),
('BGPK000077', 'STRP000003', 2.000),
('BGPK000077', 'THRD000003', 20.000),
('BGPK000078', 'BRND000001', 1.000),
('BGPK000078', 'BRND000003', 1.000),
('BGPK000078', 'FBRK000001', 0.000),
('BGPK000078', 'FBRK000114', 0.000),
('BGPK000078', 'FLNG000001', 0.000),
('BGPK000078', 'FLNG000003', 0.000),
('BGPK000078', 'HRDW000005', 1.000),
('BGPK000078', 'HRDW000006', 1.000),
('BGPK000078', 'HRDW000010', 2.000),
('BGPK000078', 'HRDW000018', 0.000),
('BGPK000078', 'HRDW000019', 1.000),
('BGPK000078', 'LTHR000001', 0.000),
('BGPK000078', 'PCKG000001', 1.000),
('BGPK000078', 'PCKG000002', 1.000),
('BGPK000078', 'PCKG000003', 1.000),
('BGPK000078', 'PCKG000004', 1.000),
('BGPK000078', 'PCKG000005', 1.000),
('BGPK000078', 'PCKG000006', 1.000),
('BGPK000078', 'STRP000003', 2.000),
('BGPK000078', 'THRD000003', 20.000),
('BGPK000079', 'BRND000001', 1.000),
('BGPK000079', 'BRND000003', 1.000),
('BGPK000079', 'FBRK000001', 0.000),
('BGPK000079', 'FBRK000114', 0.000),
('BGPK000079', 'FLNG000001', 0.000),
('BGPK000079', 'FLNG000003', 0.000),
('BGPK000079', 'HRDW000005', 1.000),
('BGPK000079', 'HRDW000006', 1.000),
('BGPK000079', 'HRDW000010', 2.000),
('BGPK000079', 'HRDW000018', 0.000),
('BGPK000079', 'HRDW000019', 1.000),
('BGPK000079', 'LTHR000001', 0.000),
('BGPK000079', 'PCKG000001', 1.000),
('BGPK000079', 'PCKG000002', 1.000),
('BGPK000079', 'PCKG000003', 1.000),
('BGPK000079', 'PCKG000004', 1.000),
('BGPK000079', 'PCKG000005', 1.000),
('BGPK000079', 'PCKG000006', 1.000),
('BGPK000079', 'STRP000003', 2.000),
('BGPK000079', 'THRD000003', 20.000),
('BGPK000080', 'BRND000001', 1.000),
('BGPK000080', 'BRND000003', 1.000),
('BGPK000080', 'FBRK000001', 0.000),
('BGPK000080', 'FBRK000114', 0.000),
('BGPK000080', 'FLNG000001', 0.000),
('BGPK000080', 'FLNG000003', 0.000),
('BGPK000080', 'HRDW000005', 1.000),
('BGPK000080', 'HRDW000006', 1.000),
('BGPK000080', 'HRDW000010', 2.000),
('BGPK000080', 'HRDW000018', 0.000),
('BGPK000080', 'HRDW000019', 1.000),
('BGPK000080', 'LTHR000001', 0.000),
('BGPK000080', 'PCKG000001', 1.000),
('BGPK000080', 'PCKG000002', 1.000),
('BGPK000080', 'PCKG000003', 1.000),
('BGPK000080', 'PCKG000004', 1.000),
('BGPK000080', 'PCKG000005', 1.000),
('BGPK000080', 'PCKG000006', 1.000),
('BGPK000080', 'STRP000003', 2.000),
('BGPK000080', 'THRD000003', 20.000),
('BGPK000081', 'BRND000001', 1.000),
('BGPK000081', 'BRND000003', 1.000),
('BGPK000081', 'FBRK000001', 0.000),
('BGPK000081', 'FBRK000013', 0.000),
('BGPK000081', 'FBRK000114', 0.000),
('BGPK000081', 'FLNG000001', 0.000),
('BGPK000081', 'FLNG000003', 0.000),
('BGPK000081', 'HRDW000005', 1.000),
('BGPK000081', 'HRDW000006', 1.000),
('BGPK000081', 'HRDW000010', 2.000),
('BGPK000081', 'HRDW000018', 0.000),
('BGPK000081', 'HRDW000019', 1.000),
('BGPK000081', 'LTHR000001', 0.000),
('BGPK000081', 'PCKG000001', 1.000),
('BGPK000081', 'PCKG000002', 1.000),
('BGPK000081', 'PCKG000003', 1.000),
('BGPK000081', 'PCKG000004', 1.000),
('BGPK000081', 'PCKG000005', 1.000),
('BGPK000081', 'PCKG000006', 1.000),
('BGPK000081', 'STRP000003', 2.000),
('BGPK000081', 'THRD000002', 20.000),
('BGPK000081', 'THRD000003', 20.000),
('BGPK000081', 'THRD000015', 80.000),
('BGPK000082', 'BRND000001', 1.000),
('BGPK000082', 'BRND000003', 1.000),
('BGPK000082', 'FBRK000001', 0.000),
('BGPK000082', 'FBRK000114', 0.000),
('BGPK000082', 'FLNG000001', 0.000),
('BGPK000082', 'FLNG000003', 0.000),
('BGPK000082', 'HRDW000005', 1.000),
('BGPK000082', 'HRDW000006', 1.000),
('BGPK000082', 'HRDW000010', 2.000),
('BGPK000082', 'HRDW000018', 0.000),
('BGPK000082', 'HRDW000019', 1.000),
('BGPK000082', 'LTHR000001', 0.000),
('BGPK000082', 'PCKG000001', 1.000),
('BGPK000082', 'PCKG000002', 1.000),
('BGPK000082', 'PCKG000003', 1.000),
('BGPK000082', 'PCKG000004', 1.000),
('BGPK000082', 'PCKG000005', 1.000),
('BGPK000082', 'PCKG000006', 1.000),
('BGPK000082', 'STRP000003', 2.000),
('BGPK000082', 'THRD000003', 20.000),
('BGPK000083', 'BRND000001', 1.000),
('BGPK000083', 'BRND000003', 1.000),
('BGPK000083', 'FBRK000001', 0.000),
('BGPK000083', 'FBRK000114', 0.000),
('BGPK000083', 'FLNG000001', 0.000),
('BGPK000083', 'FLNG000003', 0.000),
('BGPK000083', 'HRDW000005', 1.000),
('BGPK000083', 'HRDW000006', 1.000),
('BGPK000083', 'HRDW000010', 2.000),
('BGPK000083', 'HRDW000018', 0.000),
('BGPK000083', 'HRDW000019', 1.000),
('BGPK000083', 'PCKG000001', 1.000),
('BGPK000083', 'PCKG000002', 1.000),
('BGPK000083', 'PCKG000003', 1.000),
('BGPK000083', 'PCKG000004', 1.000),
('BGPK000083', 'PCKG000005', 1.000),
('BGPK000083', 'PCKG000006', 1.000),
('BGPK000083', 'STRP000003', 2.000),
('BGPK000083', 'THRD000003', 20.000),
('BGPK000084', 'BRND000001', 1.000),
('BGPK000084', 'BRND000003', 1.000),
('BGPK000084', 'FBRK000001', 1.000),
('BGPK000084', 'FBRK000012', 0.000),
('BGPK000084', 'FBRK000069', 0.000),
('BGPK000084', 'FBRK000086', 1.000),
('BGPK000084', 'FBRK000114', 0.000),
('BGPK000084', 'FLNG000001', 0.000),
('BGPK000084', 'FLNG000003', 0.000),
('BGPK000084', 'HRDW000011', 2.000),
('BGPK000084', 'HRDW000018', 0.000),
('BGPK000084', 'HRDW000019', 1.000),
('BGPK000084', 'HRDW000056', 1.000),
('BGPK000084', 'HRDW000057', 1.000),
('BGPK000084', 'HRDW000061', 1.000),
('BGPK000084', 'LTHR000004', 0.000),
('BGPK000084', 'PCKG000001', 1.000),
('BGPK000084', 'PCKG000002', 1.000),
('BGPK000084', 'STRP000003', 1.000),
('BGPK000084', 'STRP000004', 2.000),
('BGPK000084', 'STRP000006', 1.000),
('BGPK000084', 'THRD000001', 100.000),
('BGPK000084', 'THRD000004', 20.000),
('BGPK000085', 'BRND000001', 1.000),
('BGPK000085', 'BRND000003', 1.000),
('BGPK000085', 'FBRK000001', 0.000),
('BGPK000085', 'FBRK000017', 0.000),
('BGPK000085', 'FBRK000069', 0.000),
('BGPK000085', 'FBRK000086', 0.000),
('BGPK000085', 'FBRK000087', 0.000),
('BGPK000085', 'FBRK000114', 0.000),
('BGPK000085', 'FLNG000001', 0.000),
('BGPK000085', 'FLNG000003', 0.000),
('BGPK000085', 'HRDW000011', 2.000),
('BGPK000085', 'HRDW000018', 0.000),
('BGPK000085', 'HRDW000019', 1.000),
('BGPK000085', 'HRDW000056', 1.000),
('BGPK000085', 'HRDW000057', 1.000),
('BGPK000085', 'HRDW000061', 1.000),
('BGPK000085', 'LTHR000004', 0.000),
('BGPK000085', 'PCKG000001', 1.000),
('BGPK000085', 'PCKG000002', 1.000),
('BGPK000085', 'STRP000003', 1.000),
('BGPK000085', 'STRP000004', 2.000),
('BGPK000085', 'STRP000006', 1.000),
('BGPK000085', 'THRD000001', 100.000),
('BGPK000085', 'THRD000007', 20.000),
('BGPK000085', 'THRD000010', 20.000),
('BGPK000086', 'BRND000001', 1.000),
('BGPK000086', 'BRND000003', 1.000),
('BGPK000086', 'FBRK000002', 0.000),
('BGPK000086', 'FBRK000012', 0.000),
('BGPK000086', 'FBRK000069', 0.000),
('BGPK000086', 'FBRK000086', 0.000),
('BGPK000086', 'FBRK000088', 0.000),
('BGPK000086', 'FBRK000114', 0.000),
('BGPK000086', 'FLNG000001', 0.000),
('BGPK000086', 'FLNG000003', 0.000),
('BGPK000086', 'HRDW000011', 2.000),
('BGPK000086', 'HRDW000018', 0.000),
('BGPK000086', 'HRDW000019', 1.000),
('BGPK000086', 'HRDW000056', 1.000),
('BGPK000086', 'HRDW000057', 1.000),
('BGPK000086', 'HRDW000061', 1.000),
('BGPK000086', 'LTHR000004', 0.000),
('BGPK000086', 'PCKG000001', 1.000),
('BGPK000086', 'PCKG000002', 1.000),
('BGPK000086', 'STRP000003', 1.000),
('BGPK000086', 'STRP000004', 2.000),
('BGPK000086', 'STRP000006', 1.000),
('BGPK000086', 'THRD000001', 100.000),
('BGPK000086', 'THRD000004', 20.000),
('BGPK000087', 'BRND000003', 2.000),
('BGPK000087', 'FBRK000002', 1.000),
('BGPK000087', 'FBRK000033', 0.000),
('BGPK000087', 'FBRK000046', 0.000),
('BGPK000087', 'FBRK000070', 0.000),
('BGPK000087', 'FBRK000114', 0.000),
('BGPK000087', 'FLNG000001', 0.000),
('BGPK000087', 'FLNG000003', 0.000),
('BGPK000087', 'HRDW000005', 2.000),
('BGPK000087', 'HRDW000006', 2.000),
('BGPK000087', 'HRDW000011', 2.000),
('BGPK000087', 'HRDW000014', 16.000),
('BGPK000087', 'HRDW000018', 0.000),
('BGPK000087', 'HRDW000019', 1.000),
('BGPK000087', 'LTHR000004', 0.000),
('BGPK000087', 'PCKG000001', 1.000),
('BGPK000087', 'PCKG000002', 1.000),
('BGPK000087', 'STRP000003', 7.000),
('BGPK000087', 'STRP000004', 2.000),
('BGPK000087', 'THRD000001', 200.000),
('BGPK000087', 'THRD000004', 20.000),
('BGPK000088', 'BRND000003', 2.000),
('BGPK000088', 'FBRK000001', 1.000),
('BGPK000088', 'FBRK000013', 1.000),
('BGPK000088', 'FBRK000033', 0.000),
('BGPK000088', 'FBRK000046', 0.000),
('BGPK000088', 'FBRK000053', 0.000),
('BGPK000088', 'FBRK000069', 0.000),
('BGPK000088', 'FBRK000114', 0.000),
('BGPK000088', 'FLNG000001', 0.000),
('BGPK000088', 'FLNG000003', 0.000),
('BGPK000088', 'HRDW000005', 2.000),
('BGPK000088', 'HRDW000006', 2.000),
('BGPK000088', 'HRDW000011', 2.000),
('BGPK000088', 'HRDW000014', 16.000),
('BGPK000088', 'HRDW000018', 0.000),
('BGPK000088', 'HRDW000019', 1.000),
('BGPK000088', 'LTHR000004', 0.000),
('BGPK000088', 'PCKG000001', 1.000),
('BGPK000088', 'PCKG000002', 1.000),
('BGPK000088', 'STRP000003', 7.000),
('BGPK000088', 'STRP000004', 2.000),
('BGPK000088', 'THRD000001', 20.000),
('BGPK000088', 'THRD000003', 20.000),
('BGPK000088', 'THRD000014', 100.000),
('BGPK000089', 'BRND000003', 2.000),
('BGPK000089', 'FBRK000001', 1.000),
('BGPK000089', 'FBRK000013', 1.000),
('BGPK000089', 'FBRK000033', 0.000),
('BGPK000089', 'FBRK000046', 0.000),
('BGPK000089', 'FBRK000062', 0.000),
('BGPK000089', 'FBRK000069', 0.000),
('BGPK000089', 'FBRK000114', 0.000),
('BGPK000089', 'FLNG000001', 0.000),
('BGPK000089', 'FLNG000003', 0.000),
('BGPK000089', 'HRDW000005', 2.000),
('BGPK000089', 'HRDW000006', 2.000),
('BGPK000089', 'HRDW000011', 2.000),
('BGPK000089', 'HRDW000014', 16.000),
('BGPK000089', 'HRDW000018', 0.000),
('BGPK000089', 'HRDW000019', 1.000),
('BGPK000089', 'LTHR000004', 0.000),
('BGPK000089', 'PCKG000001', 1.000),
('BGPK000089', 'PCKG000002', 1.000),
('BGPK000089', 'STRP000003', 7.000),
('BGPK000089', 'STRP000004', 2.000),
('BGPK000089', 'THRD000001', 200.000),
('BGPK000089', 'THRD000003', 20.000),
('BGPK000090', 'BRND000003', 2.000),
('BGPK000090', 'FBRK000001', 1.000),
('BGPK000090', 'FBRK000013', 1.000),
('BGPK000090', 'FBRK000033', 0.000),
('BGPK000090', 'FBRK000046', 0.000),
('BGPK000090', 'FBRK000054', 0.000),
('BGPK000090', 'FBRK000069', 0.000),
('BGPK000090', 'FBRK000114', 0.000),
('BGPK000090', 'FLNG000001', 0.000),
('BGPK000090', 'FLNG000003', 0.000),
('BGPK000090', 'HRDW000005', 2.000),
('BGPK000090', 'HRDW000006', 2.000),
('BGPK000090', 'HRDW000011', 2.000),
('BGPK000090', 'HRDW000014', 16.000),
('BGPK000090', 'HRDW000018', 0.000),
('BGPK000090', 'HRDW000019', 1.000),
('BGPK000090', 'LTHR000004', 0.000),
('BGPK000090', 'PCKG000001', 1.000),
('BGPK000090', 'PCKG000002', 1.000),
('BGPK000090', 'STRP000003', 7.000),
('BGPK000090', 'STRP000004', 2.000),
('BGPK000090', 'THRD000001', 20.000),
('BGPK000090', 'THRD000003', 20.000),
('BGPK000090', 'THRD000018', 100.000),
('BGPK000091', 'BRND000003', 2.000),
('BGPK000091', 'FBRK000001', 1.000),
('BGPK000091', 'FBRK000013', 1.000),
('BGPK000091', 'FBRK000033', 0.000),
('BGPK000091', 'FBRK000046', 0.000),
('BGPK000091', 'FBRK000047', 0.000),
('BGPK000091', 'FBRK000069', 0.000),
('BGPK000091', 'FBRK000114', 0.000),
('BGPK000091', 'FLNG000001', 0.000),
('BGPK000091', 'FLNG000003', 0.000),
('BGPK000091', 'HRDW000005', 2.000),
('BGPK000091', 'HRDW000006', 2.000),
('BGPK000091', 'HRDW000011', 2.000),
('BGPK000091', 'HRDW000014', 16.000),
('BGPK000091', 'HRDW000018', 0.000),
('BGPK000091', 'HRDW000019', 1.000),
('BGPK000091', 'LTHR000004', 0.000),
('BGPK000091', 'PCKG000001', 1.000),
('BGPK000091', 'PCKG000002', 1.000),
('BGPK000091', 'STRP000003', 7.000),
('BGPK000091', 'STRP000004', 2.000),
('BGPK000091', 'THRD000001', 20.000),
('BGPK000091', 'THRD000002', 100.000),
('BGPK000091', 'THRD000003', 20.000),
('BGPK000092', 'BRND000003', 2.000),
('BGPK000092', 'FBRK000001', 1.000),
('BGPK000092', 'FBRK000013', 1.000),
('BGPK000092', 'FBRK000033', 0.000),
('BGPK000092', 'FBRK000046', 0.000),
('BGPK000092', 'FBRK000048', 0.000),
('BGPK000092', 'FBRK000069', 0.000),
('BGPK000092', 'FBRK000114', 0.000),
('BGPK000092', 'FLNG000001', 0.000),
('BGPK000092', 'FLNG000003', 0.000),
('BGPK000092', 'HRDW000005', 2.000),
('BGPK000092', 'HRDW000006', 2.000),
('BGPK000092', 'HRDW000011', 2.000),
('BGPK000092', 'HRDW000014', 16.000),
('BGPK000092', 'HRDW000018', 0.000),
('BGPK000092', 'HRDW000019', 1.000),
('BGPK000092', 'LTHR000004', 0.000),
('BGPK000092', 'PCKG000001', 1.000),
('BGPK000092', 'PCKG000002', 1.000),
('BGPK000092', 'STRP000003', 7.000),
('BGPK000092', 'STRP000004', 2.000),
('BGPK000092', 'THRD000001', 20.000),
('BGPK000092', 'THRD000003', 20.000),
('BGPK000092', 'THRD000017', 100.000),
('BGPK000093', 'BRND000003', 2.000),
('BGPK000093', 'FBRK000001', 1.000),
('BGPK000093', 'FBRK000013', 1.000),
('BGPK000093', 'FBRK000033', 0.000),
('BGPK000093', 'FBRK000046', 0.000),
('BGPK000093', 'FBRK000059', 0.000),
('BGPK000093', 'FBRK000069', 0.000),
('BGPK000093', 'FBRK000114', 0.000),
('BGPK000093', 'FLNG000001', 0.000),
('BGPK000093', 'FLNG000003', 0.000),
('BGPK000093', 'HRDW000005', 2.000),
('BGPK000093', 'HRDW000006', 2.000),
('BGPK000093', 'HRDW000011', 2.000),
('BGPK000093', 'HRDW000014', 16.000),
('BGPK000093', 'HRDW000018', 0.000),
('BGPK000093', 'HRDW000019', 1.000),
('BGPK000093', 'LTHR000004', 0.000),
('BGPK000093', 'PCKG000001', 1.000),
('BGPK000093', 'PCKG000002', 1.000),
('BGPK000093', 'STRP000003', 7.000),
('BGPK000093', 'STRP000004', 2.000),
('BGPK000093', 'THRD000001', 20.000),
('BGPK000093', 'THRD000003', 20.000),
('BGPK000093', 'THRD000015', 100.000),
('BGPK000094', 'BRND000001', 1.000),
('BGPK000094', 'BRND000003', 2.000),
('BGPK000094', 'FBRK000002', 0.000),
('BGPK000094', 'FBRK000010', 0.000),
('BGPK000094', 'FBRK000012', 1.000),
('BGPK000094', 'FBRK000033', 0.000),
('BGPK000094', 'FBRK000046', 1.000),
('BGPK000094', 'FBRK000069', 0.000),
('BGPK000094', 'FBRK000114', 0.000),
('BGPK000094', 'FLNG000001', 0.000),
('BGPK000094', 'FLNG000002', 0.000),
('BGPK000094', 'FLNG000003', 0.000),
('BGPK000094', 'HRDW000001', 2.000),
('BGPK000094', 'HRDW000002', 2.000),
('BGPK000094', 'HRDW000005', 1.000),
('BGPK000094', 'HRDW000006', 1.000),
('BGPK000094', 'HRDW000012', 2.000),
('BGPK000094', 'HRDW000014', 4.000),
('BGPK000094', 'HRDW000015', 12.000),
('BGPK000094', 'HRDW000018', 0.000),
('BGPK000094', 'HRDW000019', 2.000),
('BGPK000094', 'LTHR000004', 0.000),
('BGPK000094', 'PCKG000001', 1.000),
('BGPK000094', 'PCKG000002', 1.000),
('BGPK000094', 'STRP000003', 2.000),
('BGPK000094', 'STRP000004', 8.000),
('BGPK000094', 'STRP000005', 0.000),
('BGPK000094', 'STRP000006', 0.000),
('BGPK000094', 'STRP000046', 0.000),
('BGPK000094', 'THRD000001', 250.000),
('BGPK000094', 'THRD000004', 40.000),
('BGPK000095', 'BRND000001', 1.000),
('BGPK000095', 'BRND000003', 2.000),
('BGPK000095', 'FBRK000002', 0.000),
('BGPK000095', 'FBRK000010', 0.000),
('BGPK000095', 'FBRK000012', 1.000),
('BGPK000095', 'FBRK000033', 0.000),
('BGPK000095', 'FBRK000046', 1.000),
('BGPK000095', 'FBRK000069', 0.000),
('BGPK000095', 'FBRK000114', 0.000),
('BGPK000095', 'FLNG000001', 0.000),
('BGPK000095', 'FLNG000002', 0.000),
('BGPK000095', 'FLNG000003', 0.000),
('BGPK000095', 'HRDW000001', 2.000),
('BGPK000095', 'HRDW000002', 2.000),
('BGPK000095', 'HRDW000005', 1.000),
('BGPK000095', 'HRDW000006', 1.000),
('BGPK000095', 'HRDW000012', 2.000),
('BGPK000095', 'HRDW000014', 4.000),
('BGPK000095', 'HRDW000015', 12.000),
('BGPK000095', 'HRDW000018', 0.000),
('BGPK000095', 'HRDW000019', 2.000),
('BGPK000095', 'HRDW000064', 1.000),
('BGPK000095', 'LTHR000004', 0.000),
('BGPK000095', 'PCKG000001', 1.000),
('BGPK000095', 'PCKG000002', 1.000),
('BGPK000095', 'STRP000003', 2.000),
('BGPK000095', 'STRP000004', 10.000),
('BGPK000095', 'STRP000005', 0.000),
('BGPK000095', 'STRP000006', 0.000),
('BGPK000095', 'STRP000046', 0.000),
('BGPK000095', 'THRD000001', 250.000),
('BGPK000095', 'THRD000004', 40.000),
('BGPK000096', 'BRND000001', 1.000),
('BGPK000096', 'BRND000003', 2.000),
('BGPK000096', 'FBRK000001', 0.000),
('BGPK000096', 'FBRK000010', 0.000),
('BGPK000096', 'FBRK000013', 1.000),
('BGPK000096', 'FBRK000033', 0.000),
('BGPK000096', 'FBRK000046', 0.000),
('BGPK000096', 'FBRK000053', 0.000),
('BGPK000096', 'FBRK000069', 0.000),
('BGPK000096', 'FBRK000114', 0.000),
('BGPK000096', 'FLNG000001', 0.000),
('BGPK000096', 'FLNG000002', 0.000),
('BGPK000096', 'FLNG000003', 0.000),
('BGPK000096', 'HRDW000001', 2.000),
('BGPK000096', 'HRDW000002', 2.000),
('BGPK000096', 'HRDW000005', 1.000),
('BGPK000096', 'HRDW000006', 1.000),
('BGPK000096', 'HRDW000012', 2.000),
('BGPK000096', 'HRDW000014', 4.000),
('BGPK000096', 'HRDW000015', 12.000),
('BGPK000096', 'HRDW000018', 0.000),
('BGPK000096', 'HRDW000019', 2.000),
('BGPK000096', 'LTHR000004', 0.000),
('BGPK000096', 'PCKG000001', 1.000),
('BGPK000096', 'PCKG000002', 1.000),
('BGPK000096', 'STRP000003', 2.000),
('BGPK000096', 'STRP000004', 8.000),
('BGPK000096', 'STRP000005', 0.000),
('BGPK000096', 'STRP000006', 0.000),
('BGPK000096', 'STRP000046', 0.000),
('BGPK000096', 'THRD000001', 250.000),
('BGPK000096', 'THRD000003', 40.000),
('BGPK000096', 'THRD000014', 30.000),
('BGPK000097', 'BRND000001', 1.000),
('BGPK000097', 'BRND000003', 2.000),
('BGPK000097', 'FBRK000001', 0.000),
('BGPK000097', 'FBRK000010', 0.000),
('BGPK000097', 'FBRK000013', 1.000),
('BGPK000097', 'FBRK000033', 0.000),
('BGPK000097', 'FBRK000046', 0.000),
('BGPK000097', 'FBRK000054', 0.000),
('BGPK000097', 'FBRK000069', 0.000),
('BGPK000097', 'FBRK000114', 0.000),
('BGPK000097', 'FLNG000001', 0.000),
('BGPK000097', 'FLNG000002', 0.000),
('BGPK000097', 'FLNG000003', 0.000),
('BGPK000097', 'HRDW000001', 2.000),
('BGPK000097', 'HRDW000002', 2.000),
('BGPK000097', 'HRDW000005', 1.000),
('BGPK000097', 'HRDW000006', 1.000),
('BGPK000097', 'HRDW000012', 2.000),
('BGPK000097', 'HRDW000014', 4.000),
('BGPK000097', 'HRDW000015', 12.000),
('BGPK000097', 'HRDW000018', 0.000),
('BGPK000097', 'HRDW000019', 2.000),
('BGPK000097', 'LTHR000004', 0.000),
('BGPK000097', 'PCKG000001', 1.000),
('BGPK000097', 'PCKG000002', 1.000),
('BGPK000097', 'STRP000003', 2.000),
('BGPK000097', 'STRP000004', 8.000),
('BGPK000097', 'STRP000005', 0.000),
('BGPK000097', 'STRP000006', 0.000),
('BGPK000097', 'STRP000046', 0.000),
('BGPK000097', 'THRD000001', 250.000),
('BGPK000097', 'THRD000003', 40.000),
('BGPK000097', 'THRD000018', 30.000),
('BGPK000098', 'BRND000001', 1.000),
('BGPK000098', 'BRND000003', 2.000),
('BGPK000098', 'FBRK000001', 0.000),
('BGPK000098', 'FBRK000010', 0.000),
('BGPK000098', 'FBRK000014', 1.000),
('BGPK000098', 'FBRK000033', 0.000),
('BGPK000098', 'FBRK000047', 0.000),
('BGPK000098', 'FBRK000069', 0.000),
('BGPK000098', 'FBRK000071', 0.000),
('BGPK000098', 'FBRK000114', 0.000),
('BGPK000098', 'FLNG000001', 0.000),
('BGPK000098', 'FLNG000002', 0.000),
('BGPK000098', 'FLNG000003', 0.000),
('BGPK000098', 'HRDW000005', 3.000),
('BGPK000098', 'HRDW000006', 3.000),
('BGPK000098', 'HRDW000012', 2.000),
('BGPK000098', 'HRDW000014', 16.000),
('BGPK000098', 'HRDW000018', 0.000),
('BGPK000098', 'HRDW000019', 2.000),
('BGPK000098', 'LTHR000004', 0.000),
('BGPK000098', 'PCKG000001', 1.000),
('BGPK000098', 'PCKG000002', 1.000),
('BGPK000098', 'STRP000003', 5.000),
('BGPK000098', 'STRP000004', 2.000),
('BGPK000098', 'STRP000005', 0.000),
('BGPK000098', 'STRP000006', 0.000),
('BGPK000098', 'STRP000022', 5.000),
('BGPK000098', 'STRP000046', 0.000),
('BGPK000098', 'THRD000001', 120.000),
('BGPK000098', 'THRD000002', 250.000),
('BGPK000098', 'THRD000009', 40.000),
('BGPK000099', 'BRND000001', 1.000),
('BGPK000099', 'BRND000003', 2.000),
('BGPK000099', 'FBRK000001', 0.000),
('BGPK000099', 'FBRK000010', 0.000),
('BGPK000099', 'FBRK000013', 1.000),
('BGPK000099', 'FBRK000033', 0.000),
('BGPK000099', 'FBRK000046', 0.000),
('BGPK000099', 'FBRK000047', 0.000),
('BGPK000099', 'FBRK000069', 0.000),
('BGPK000099', 'FBRK000114', 0.000),
('BGPK000099', 'FLNG000001', 0.000),
('BGPK000099', 'FLNG000002', 0.000),
('BGPK000099', 'FLNG000003', 0.000),
('BGPK000099', 'HRDW000001', 2.000),
('BGPK000099', 'HRDW000002', 2.000),
('BGPK000099', 'HRDW000005', 1.000),
('BGPK000099', 'HRDW000006', 1.000),
('BGPK000099', 'HRDW000012', 2.000),
('BGPK000099', 'HRDW000014', 4.000),
('BGPK000099', 'HRDW000015', 12.000),
('BGPK000099', 'HRDW000018', 0.000),
('BGPK000099', 'HRDW000019', 2.000),
('BGPK000099', 'LTHR000004', 0.000),
('BGPK000099', 'PCKG000001', 1.000),
('BGPK000099', 'PCKG000002', 1.000),
('BGPK000099', 'STRP000003', 2.000),
('BGPK000099', 'STRP000004', 8.000),
('BGPK000099', 'STRP000005', 0.000),
('BGPK000099', 'STRP000006', 0.000),
('BGPK000099', 'STRP000046', 0.000),
('BGPK000099', 'THRD000001', 250.000),
('BGPK000099', 'THRD000002', 30.000),
('BGPK000099', 'THRD000003', 40.000),
('BGPK000100', 'BRND000001', 1.000),
('BGPK000100', 'BRND000003', 2.000),
('BGPK000100', 'FBRK000001', 0.000),
('BGPK000100', 'FBRK000010', 0.000),
('BGPK000100', 'FBRK000013', 1.000),
('BGPK000100', 'FBRK000033', 0.000),
('BGPK000100', 'FBRK000046', 0.000),
('BGPK000100', 'FBRK000048', 0.000),
('BGPK000100', 'FBRK000069', 0.000),
('BGPK000100', 'FBRK000114', 0.000),
('BGPK000100', 'FLNG000001', 0.000),
('BGPK000100', 'FLNG000002', 0.000),
('BGPK000100', 'FLNG000003', 0.000),
('BGPK000100', 'HRDW000001', 2.000),
('BGPK000100', 'HRDW000002', 2.000),
('BGPK000100', 'HRDW000005', 1.000),
('BGPK000100', 'HRDW000006', 1.000),
('BGPK000100', 'HRDW000012', 2.000),
('BGPK000100', 'HRDW000014', 4.000),
('BGPK000100', 'HRDW000015', 12.000),
('BGPK000100', 'HRDW000018', 0.000),
('BGPK000100', 'HRDW000019', 2.000),
('BGPK000100', 'LTHR000004', 0.000),
('BGPK000100', 'PCKG000001', 1.000),
('BGPK000100', 'PCKG000002', 1.000),
('BGPK000100', 'STRP000003', 2.000),
('BGPK000100', 'STRP000004', 8.000),
('BGPK000100', 'STRP000005', 0.000),
('BGPK000100', 'STRP000006', 0.000),
('BGPK000100', 'STRP000046', 0.000),
('BGPK000100', 'THRD000001', 250.000),
('BGPK000100', 'THRD000003', 40.000),
('BGPK000100', 'THRD000017', 30.000),
('BGPK000101', 'BRND000001', 1.000),
('BGPK000101', 'BRND000003', 2.000),
('BGPK000101', 'FBRK000001', 0.000),
('BGPK000101', 'FBRK000010', 0.000),
('BGPK000101', 'FBRK000013', 1.000),
('BGPK000101', 'FBRK000033', 0.000),
('BGPK000101', 'FBRK000046', 0.000),
('BGPK000101', 'FBRK000059', 0.000),
('BGPK000101', 'FBRK000069', 0.000),
('BGPK000101', 'FBRK000114', 0.000),
('BGPK000101', 'FLNG000001', 0.000),
('BGPK000101', 'FLNG000002', 0.000),
('BGPK000101', 'FLNG000003', 0.000),
('BGPK000101', 'HRDW000001', 2.000),
('BGPK000101', 'HRDW000002', 2.000),
('BGPK000101', 'HRDW000005', 1.000),
('BGPK000101', 'HRDW000006', 1.000),
('BGPK000101', 'HRDW000012', 2.000),
('BGPK000101', 'HRDW000014', 4.000),
('BGPK000101', 'HRDW000015', 12.000),
('BGPK000101', 'HRDW000018', 0.000),
('BGPK000101', 'LTHR000004', 0.000),
('BGPK000101', 'PCKG000001', 1.000),
('BGPK000101', 'PCKG000002', 1.000),
('BGPK000101', 'STRP000003', 2.000),
('BGPK000101', 'STRP000004', 8.000),
('BGPK000101', 'STRP000005', 0.000),
('BGPK000101', 'STRP000006', 0.000),
('BGPK000101', 'STRP000046', 0.000),
('BGPK000101', 'THRD000001', 250.000),
('BGPK000101', 'THRD000003', 40.000),
('BGPK000101', 'THRD000015', 30.000),
('BGPK000102', 'BRND000001', 1.000),
('BGPK000102', 'BRND000003', 2.000),
('BGPK000102', 'FBRK000002', 0.000),
('BGPK000102', 'FBRK000010', 0.000),
('BGPK000102', 'FBRK000013', 1.000),
('BGPK000102', 'FBRK000033', 0.000),
('BGPK000102', 'FBRK000069', 0.000),
('BGPK000102', 'FBRK000086', 1.000),
('BGPK000102', 'FBRK000114', 0.000),
('BGPK000102', 'FLNG000001', 0.000),
('BGPK000102', 'FLNG000002', 0.000),
('BGPK000102', 'FLNG000003', 0.000),
('BGPK000102', 'HRDW000005', 1.000),
('BGPK000102', 'HRDW000006', 1.000),
('BGPK000102', 'HRDW000012', 2.000),
('BGPK000102', 'HRDW000014', 16.000),
('BGPK000102', 'HRDW000018', 0.000),
('BGPK000102', 'HRDW000019', 2.000),
('BGPK000102', 'HRDW000036', 2.000),
('BGPK000102', 'LTHR000004', 0.000),
('BGPK000102', 'PCKG000001', 1.000),
('BGPK000102', 'PCKG000002', 1.000),
('BGPK000102', 'STRP000003', 9.000),
('BGPK000102', 'STRP000004', 2.000),
('BGPK000102', 'STRP000005', 0.000),
('BGPK000102', 'STRP000006', 0.000),
('BGPK000102', 'STRP000046', 0.000),
('BGPK000102', 'THRD000001', 250.000),
('BGPK000102', 'THRD000003', 40.000),
('BGPK000103', 'BRND000001', 1.000),
('BGPK000103', 'BRND000003', 2.000),
('BGPK000103', 'FBRK000001', 0.000),
('BGPK000103', 'FBRK000010', 0.000),
('BGPK000103', 'FBRK000017', 1.000),
('BGPK000103', 'FBRK000033', 0.000),
('BGPK000103', 'FBRK000069', 0.000),
('BGPK000103', 'FBRK000086', 0.000),
('BGPK000103', 'FBRK000087', 0.000),
('BGPK000103', 'FBRK000114', 0.000),
('BGPK000103', 'FLNG000001', 0.000),
('BGPK000103', 'FLNG000002', 0.000),
('BGPK000103', 'FLNG000003', 0.000),
('BGPK000103', 'HRDW000005', 1.000),
('BGPK000103', 'HRDW000006', 1.000),
('BGPK000103', 'HRDW000012', 2.000),
('BGPK000103', 'HRDW000014', 16.000),
('BGPK000103', 'HRDW000018', 0.000),
('BGPK000103', 'HRDW000019', 2.000),
('BGPK000103', 'HRDW000036', 2.000),
('BGPK000103', 'LTHR000004', 0.000),
('BGPK000103', 'PCKG000001', 1.000),
('BGPK000103', 'PCKG000002', 1.000),
('BGPK000103', 'STRP000003', 9.000),
('BGPK000103', 'STRP000004', 2.000),
('BGPK000103', 'STRP000005', 0.000),
('BGPK000103', 'STRP000006', 0.000),
('BGPK000103', 'STRP000046', 0.000),
('BGPK000103', 'THRD000001', 30.000),
('BGPK000103', 'THRD000007', 40.000),
('BGPK000103', 'THRD000010', 250.000),
('BGPK000104', 'BRND000001', 1.000),
('BGPK000104', 'BRND000003', 2.000),
('BGPK000104', 'FBRK000003', 0.000),
('BGPK000104', 'FBRK000010', 0.000),
('BGPK000104', 'FBRK000033', 0.000),
('BGPK000104', 'FBRK000069', 0.000),
('BGPK000104', 'FBRK000086', 0.000),
('BGPK000104', 'FBRK000089', 0.000),
('BGPK000104', 'FBRK000114', 0.000),
('BGPK000104', 'FLNG000001', 0.000),
('BGPK000104', 'FLNG000002', 0.000),
('BGPK000104', 'FLNG000003', 0.000),
('BGPK000104', 'HRDW000005', 1.000),
('BGPK000104', 'HRDW000006', 1.000),
('BGPK000104', 'HRDW000012', 2.000),
('BGPK000104', 'HRDW000014', 16.000),
('BGPK000104', 'HRDW000018', 0.000),
('BGPK000104', 'HRDW000019', 2.000),
('BGPK000104', 'HRDW000036', 2.000),
('BGPK000104', 'LTHR000004', 0.000),
('BGPK000104', 'PCKG000001', 1.000),
('BGPK000104', 'PCKG000002', 1.000),
('BGPK000104', 'STRP000003', 9.000),
('BGPK000104', 'STRP000004', 2.000),
('BGPK000104', 'STRP000005', 0.000),
('BGPK000104', 'STRP000006', 0.000),
('BGPK000104', 'STRP000046', 0.000),
('BGPK000104', 'THRD000001', 30.000);
INSERT INTO `bom` (`product_code`, `part_number`, `usage`) VALUES
('BGPK000104', 'THRD000008', 290.000),
('BGPK000105', 'BRND000001', 1.000),
('BGPK000105', 'BRND000003', 2.000),
('BGPK000105', 'FBRK000002', 0.000),
('BGPK000105', 'FBRK000010', 0.000),
('BGPK000105', 'FBRK000012', 1.000),
('BGPK000105', 'FBRK000033', 0.000),
('BGPK000105', 'FBRK000069', 0.000),
('BGPK000105', 'FBRK000086', 0.000),
('BGPK000105', 'FBRK000088', 0.000),
('BGPK000105', 'FBRK000114', 0.000),
('BGPK000105', 'FLNG000001', 0.000),
('BGPK000105', 'FLNG000002', 0.000),
('BGPK000105', 'FLNG000003', 0.000),
('BGPK000105', 'HRDW000005', 1.000),
('BGPK000105', 'HRDW000006', 1.000),
('BGPK000105', 'HRDW000012', 2.000),
('BGPK000105', 'HRDW000014', 16.000),
('BGPK000105', 'HRDW000018', 0.000),
('BGPK000105', 'HRDW000019', 2.000),
('BGPK000105', 'HRDW000036', 2.000),
('BGPK000105', 'LTHR000004', 0.000),
('BGPK000105', 'PCKG000001', 1.000),
('BGPK000105', 'PCKG000002', 1.000),
('BGPK000105', 'STRP000003', 9.000),
('BGPK000105', 'STRP000004', 2.000),
('BGPK000105', 'STRP000005', 0.000),
('BGPK000105', 'STRP000006', 0.000),
('BGPK000105', 'STRP000046', 0.000),
('BGPK000105', 'THRD000001', 30.000),
('BGPK000105', 'THRD000004', 290.000);

-- --------------------------------------------------------

--
-- Struktura tabulky `commodities`
--

CREATE TABLE `commodities` (
  `com_code` varchar(5) NOT NULL,
  `com_name` varchar(25) NOT NULL
) ENGINE=InnoDB DEFAULT CHARSET=utf8mb4 COLLATE=utf8mb4_czech_ci;

--
-- Vypisuji data pro tabulku `commodities`
--

INSERT INTO `commodities` (`com_code`, `com_name`) VALUES
('BRND', 'Branding'),
('FBRK', 'Látky'),
('FLNG', 'Výplně'),
('HRDW', 'Hardware'),
('LTHR', 'Kůže'),
('PCKG', 'Balení'),
('PROD', 'Hotový produkt'),
('SNFB', 'Světlá'),
('STRP', 'Popruh'),
('THRD', 'Nitě');

-- --------------------------------------------------------

--
-- Struktura tabulky `locations`
--

CREATE TABLE `locations` (
  `location_code` varchar(5) NOT NULL,
  `location_name` varchar(50) NOT NULL
) ENGINE=InnoDB DEFAULT CHARSET=utf8mb4 COLLATE=utf8mb4_czech_ci;

--
-- Vypisuji data pro tabulku `locations`
--

INSERT INTO `locations` (`location_code`, `location_name`) VALUES
('', ''),
('DIL', 'Dílna'),
('EXT', 'Externí pracoviště'),
('SKL', 'Sklad');

-- --------------------------------------------------------

--
-- Struktura tabulky `material_list`
--

CREATE TABLE `material_list` (
  `part_number` varchar(10) NOT NULL,
  `description` varchar(50) NOT NULL,
  `unit_code` varchar(5) NOT NULL,
  `com_code` varchar(5) NOT NULL,
  `subcom_code` varchar(5) DEFAULT ''
) ENGINE=InnoDB DEFAULT CHARSET=utf8mb4 COLLATE=utf8mb4_czech_ci;

--
-- Vypisuji data pro tabulku `material_list`
--

INSERT INTO `material_list` (`part_number`, `description`, `unit_code`, `com_code`, `subcom_code`) VALUES
('BRND000001', 'tkaná etiketa kosočt. černobílá Braasi Industry', 'ks', 'BRND', ''),
('BRND000002', 'tkaná etiketa kosočt Braasi Industry baby', 'ks', 'BRND', ''),
('BRND000003', 'tkaná etiketa přežehlená černobílá B/IN', 'ks', 'BRND', ''),
('BRND000004', 'tkaná etiketa přežehlená úzká čepice', 'ks', 'BRND', ''),
('BRND000005', 'tkaná etiketa kosočtverec meděná Braasi Industry', 'ks', 'BRND', ''),
('BRND000006', 'tkaná etiketa X-PAC', 'ks', 'BRND', ''),
('BRND000007', 'tkaná etiketa OUTLAST', 'ks', 'BRND', ''),
('BRND000008', 'tkaná etiketa ROBE', 'ks', 'BRND', ''),
('BRND000009', 'tkaná etiketa DIRECT', 'ks', 'BRND', ''),
('BRND000010', 'tkaná etiketa SEYFOR', 'ks', 'BRND', ''),
('BRND000011', 'tkaná etiketa PPF/ BRAASI', 'ks', 'BRND', ''),
('BRND000012', 'tkaná etiketa ČESKO DIGITAL', 'ks', 'BRND', ''),
('BRND000013', 'tkaná etiketa WE ARE PUBLICIS', 'ks', 'BRND', ''),
('BRND000014', 'tkaná etiketa CLEVERHOOD', 'ks', 'BRND', ''),
('BRND000015', 'tkaná etiketa CLEVERHOOD/ BRAASI', 'ks', 'BRND', ''),
('BRND000016', 'tkaná etiketa WINQS', 'ks', 'BRND', ''),
('BRND000017', 'tkaná etiketa GARAGE 22', 'ks', 'BRND', ''),
('BRND000018', 'tkaná etiketa BEEFEATER', 'ks', 'BRND', ''),
('BRND000019', 'tkaná etiketa JOHNNIE WALKER', 'ks', 'BRND', ''),
('BRND000020', 'tkaná etiketa HORALKY', 'ks', 'BRND', ''),
('BRND000021', 'tkaná etiketa CANVA', 'ks', 'BRND', ''),
('FBRK000001', 'Kortexin černý', 'm2', 'FBRK', 'ASI'),
('FBRK000002', 'Kortexin žlutý', 'm2', 'FBRK', 'ASI'),
('FBRK000003', 'Kortexin bílý', 'm2', 'FBRK', 'ASI'),
('FBRK000004', 'Kortexin červený', 'm2', 'FBRK', 'ASI'),
('FBRK000005', 'Kortexin sv.šedá', 'm2', 'FBRK', 'ASI'),
('FBRK000006', 'Kortexin hnědý', 'm2', 'FBRK', 'ASI'),
('FBRK000007', 'Kortexin oranžový', 'm2', 'FBRK', 'ASI'),
('FBRK000008', 'černý PES s PVC zátěrem', 'm2', 'FBRK', 'ASI'),
('FBRK000009', 'žlutý PES s PVC zátěrem', 'm2', 'FBRK', 'ASI'),
('FBRK000010', '3D tkanina', 'm2', 'FBRK', 'FNC'),
('FBRK000011', 'Outlast', 'm2', 'FBRK', 'FNC'),
('FBRK000012', 'Ubeon žlutá', 'm2', 'FBRK', 'LNG'),
('FBRK000013', 'Ubeon světle šedá', 'm2', 'FBRK', 'LNG'),
('FBRK000014', 'Ubeon modrá', 'm2', 'FBRK', 'LNG'),
('FBRK000015', 'Ubeon bílá', 'm2', 'FBRK', 'LNG'),
('FBRK000016', 'Ulsedan zářivě žlutá', 'm2', 'FBRK', 'LNG'),
('FBRK000017', 'Ulsedan zářivě oranžová', 'm2', 'FBRK', 'LNG'),
('FBRK000018', 'Ulsedan zářivě zelená', 'm2', 'FBRK', 'LNG'),
('FBRK000019', 'Ulsedan modrá', 'm2', 'FBRK', 'LNG'),
('FBRK000020', 'Ulsedan černá', 'm2', 'FBRK', 'LNG'),
('FBRK000021', 'Ulsedan zelená plzeňská', 'm2', 'FBRK', 'LNG'),
('FBRK000022', 'Ulsedan khaki', 'm2', 'FBRK', 'LNG'),
('FBRK000023', 'Ulsedan olivová', 'm2', 'FBRK', 'LNG'),
('FBRK000024', 'Ulsedan červená', 'm2', 'FBRK', 'LNG'),
('FBRK000025', 'Ulsedan fialová', 'm2', 'FBRK', 'LNG'),
('FBRK000026', 'Ulsedan limetkově zelená', 'm2', 'FBRK', 'LNG'),
('FBRK000027', 'Ulsedan aquamarin modrá', 'm2', 'FBRK', 'LNG'),
('FBRK000028', 'Uzaron fialová', 'm2', 'FBRK', 'LNG'),
('FBRK000029', 'Uzaron červená', 'm2', 'FBRK', 'LNG'),
('FBRK000030', 'Uzaron růžová', 'm2', 'FBRK', 'LNG'),
('FBRK000031', 'Uzaron žlutá', 'm2', 'FBRK', 'LNG'),
('FBRK000032', 'Uzaron královská modrá', 'm2', 'FBRK', 'LNG'),
('FBRK000033', 'Uzaron černá', 'm2', 'FBRK', 'LNG'),
('FBRK000034', 'Uzaron zářivě žlutá', 'm2', 'FBRK', 'LNG'),
('FBRK000035', 'Uzaron tmavě šedá', 'm2', 'FBRK', 'LNG'),
('FBRK000036', 'Padákovina černá', 'm2', 'FBRK', 'PAR'),
('FBRK000037', 'Padákovina khaki', 'm2', 'FBRK', 'PAR'),
('FBRK000038', 'Padákovina stříbrná', 'm2', 'FBRK', 'PAR'),
('FBRK000039', 'Padákovina navy', 'm2', 'FBRK', 'PAR'),
('FBRK000040', 'Padákovina bílá', 'm2', 'FBRK', 'PAR'),
('FBRK000041', 'Cordura CZ 1100 černá PU zátěr', 'm2', 'FBRK', 'CRD'),
('FBRK000042', 'Cordura CZ 1100 khaki PU zátěr', 'm2', 'FBRK', 'CRD'),
('FBRK000043', 'Cordura CZ 500 ripstop černá', 'm2', 'FBRK', 'CRD'),
('FBRK000044', 'Cordura CZ 500 ripstop khaki', 'm2', 'FBRK', 'CRD'),
('FBRK000045', 'Cordura Belgická \"UKORET\" 1100 černá', 'm2', 'FBRK', 'CRD'),
('FBRK000046', 'Cordura DE 1100 černá AC zátěr', 'm2', 'FBRK', 'CRD'),
('FBRK000047', 'Cordura DE 1100 navy AC zátěr', 'm2', 'FBRK', 'CRD'),
('FBRK000048', 'Cordura DE 1100 oranžová AC zátěr', 'm2', 'FBRK', 'CRD'),
('FBRK000049', 'Cordura DE 1100 červená AC zátěr', 'm2', 'FBRK', 'CRD'),
('FBRK000050', 'Cordura DE 1100 modrá AC zátěr', 'm2', 'FBRK', 'CRD'),
('FBRK000051', 'Cordura DE 1100 žlutá AC zátěr', 'm2', 'FBRK', 'CRD'),
('FBRK000052', 'Cordura DE 1100 ecru AC zátěr', 'm2', 'FBRK', 'CRD'),
('FBRK000053', 'Cordura DE 1100 tmavě šedá AC zátěr', 'm2', 'FBRK', 'CRD'),
('FBRK000054', 'Cordura DE 1100 khaki AC zátěr', 'm2', 'FBRK', 'CRD'),
('FBRK000055', 'Cordura DE 1100 kávová AC zátěr', 'm2', 'FBRK', 'CRD'),
('FBRK000056', 'Cordura DE 1100 trávově zelená AC zátěr', 'm2', 'FBRK', 'CRD'),
('FBRK000057', 'Cordura DE 1100 coyote AC zátěr', 'm2', 'FBRK', 'CRD'),
('FBRK000058', 'Cordura DE 1100 jarní zelená AC zátěr', 'm2', 'FBRK', 'CRD'),
('FBRK000059', 'Cordura DE 1100 tan AC zátěr', 'm2', 'FBRK', 'CRD'),
('FBRK000060', 'Cordura DE 1100 akvamarin AC zátěr', 'm2', 'FBRK', 'CRD'),
('FBRK000061', 'Cordura DE 1100 khaki PVC zátěr', 'm2', 'FBRK', 'CRD'),
('FBRK000062', 'Cordura DE 1100 šedá AC zátěr', 'm2', 'FBRK', 'CRD'),
('FBRK000063', 'Cordura DE 1100 fialová AC zátěr', 'm2', 'FBRK', 'CRD'),
('FBRK000064', 'Cordura DE 1100 zlatá AC zátěr', 'm2', 'FBRK', 'CRD'),
('FBRK000065', 'Cordura DE 1100 tmavě zelená AC zátěr', 'm2', 'FBRK', 'CRD'),
('FBRK000066', 'Cordura DE 1100 armádní zelená AC zátěr', 'm2', 'FBRK', 'CRD'),
('FBRK000067', 'Cordura DE 1100 olivově zelená AC zátěr', 'm2', 'FBRK', 'CRD'),
('FBRK000068', 'Cordura DE 1100 růžová AC zátěr', 'm2', 'FBRK', 'CRD'),
('FBRK000069', 'Cordura CZ 500 černá PU zátěr', 'm2', 'FBRK', 'CRD'),
('FBRK000070', 'Cordura DE 500 černá PU zátěr', 'm2', 'FBRK', 'CRD'),
('FBRK000071', 'Cordura DE 500 navy AC zátěr', 'm2', 'FBRK', 'CRD'),
('FBRK000072', 'Cordura DE 500 oranžová AC zátěr', 'm2', 'FBRK', 'CRD'),
('FBRK000073', 'Cordura DE 500 žlutá AC zátěr', 'm2', 'FBRK', 'CRD'),
('FBRK000074', 'Cordura DE 500 bílá AC zátěr', 'm2', 'FBRK', 'CRD'),
('FBRK000075', 'Cordura DE 500 světle modrá AC zátěr', 'm2', 'FBRK', 'CRD'),
('FBRK000076', 'Cordura DE 500 šedá AC zátěr', 'm2', 'FBRK', 'CRD'),
('FBRK000077', 'Cordura DE 500 tmavě šedá/zelená AC zátěr', 'm2', 'FBRK', 'CRD'),
('FBRK000078', 'Cordura DE 500 hnědá AC zátěr', 'm2', 'FBRK', 'CRD'),
('FBRK000079', 'Cordura DE 500 zářivě žlutá AC zátěr', 'm2', 'FBRK', 'CRD'),
('FBRK000080', 'Cordura DE 500 blankytně modrá AC zátěr', 'm2', 'FBRK', 'CRD'),
('FBRK000081', 'Cordura DE 500 světle šedá AC zátěr', 'm2', 'FBRK', 'CRD'),
('FBRK000082', 'Cordura DE 500 červená AC zátěr', 'm2', 'FBRK', 'CRD'),
('FBRK000083', 'Cordura DE 500 khaki AC zátěr', 'm2', 'FBRK', 'CRD'),
('FBRK000084', 'Cordura DE 500 vínová AC zátěr', 'm2', 'FBRK', 'CRD'),
('FBRK000085', 'Cordura DE 500 tan AC zátěr', 'm2', 'FBRK', 'CRD'),
('FBRK000086', 'Xpac VX21 black', 'm2', 'FBRK', 'XPC'),
('FBRK000087', 'Xpac VX21 purple', 'm2', 'FBRK', 'XPC'),
('FBRK000088', 'Xpac VX21 yellow', 'm2', 'FBRK', 'XPC'),
('FBRK000089', 'Xpac VX21 white', 'm2', 'FBRK', 'XPC'),
('FBRK000090', 'Xpac RX36/DWR black', 'm2', 'FBRK', 'XPC'),
('FBRK000091', 'Xpac RX36/DWR white', 'm2', 'FBRK', 'XPC'),
('FBRK000092', 'Xpac RX30/DWR black', 'm2', 'FBRK', 'XPC'),
('FBRK000093', 'Xpac RX15/DWR white', 'm2', 'FBRK', 'XPC'),
('FBRK000094', 'Xpac VX07 RS black (ripstop)', 'm2', 'FBRK', 'XPC'),
('FBRK000095', 'Xpac X10/DWR naturale', 'm2', 'FBRK', 'XPC'),
('FBRK000096', 'Xpac LS21 grey', 'm2', 'FBRK', 'XPC'),
('FBRK000097', 'Xpac LS21 black', 'ks', 'FBRK', 'XPC'),
('FBRK000098', 'Patrik Antzcak tisk', 'm2', 'FBRK', 'PES'),
('FBRK000099', 'Paperjoe tisk', 'm2', 'FBRK', 'PES'),
('FBRK000100', 'Bavlna CZ černá', 'm2', 'FBRK', 'CTN'),
('FBRK000101', 'Bavlna IT impregnace černá', 'm2', 'FBRK', 'CTN'),
('FBRK000102', 'Bavlna IT oranžová', 'm2', 'FBRK', 'CTN'),
('FBRK000103', 'Bavlna CZ khaki', 'm2', 'FBRK', 'CTN'),
('FBRK000104', 'Bavlna IT přírodní', 'm2', 'FBRK', 'CTN'),
('FBRK000105', 'Bavlna CZ přírodn', 'm2', 'FBRK', 'CTN'),
('FBRK000106', 'Bavlna CZ žlutá', 'm2', 'FBRK', 'CTN'),
('FBRK000107', 'Bavlna CZ tmavě žlutá', 'm2', 'FBRK', 'CTN'),
('FBRK000108', 'Bavlna CZ magenta', 'm2', 'FBRK', 'CTN'),
('FBRK000109', 'Bavlna CZ červená', 'm2', 'FBRK', 'CTN'),
('FBRK000110', 'Bavlna CZ modrá', 'm2', 'FBRK', 'CTN'),
('FBRK000111', 'Bavlna England (monocle) khaki', 'm2', 'FBRK', 'CTN'),
('FBRK000112', 'Bavlna England (monocle) navy', 'm2', 'FBRK', 'CTN'),
('FBRK000113', 'Bavlna IT šedá', 'm2', 'FBRK', 'CTN'),
('FBRK000114', 'podložení molitanu záda', 'm2', 'FBRK', 'FND'),
('FLNG000001', 'Molitan 2 cm', 'm2', 'FLNG', ''),
('FLNG000002', 'EVA pěna 10 mm', 'm2', 'FLNG', ''),
('FLNG000003', 'Eva pěna 6 mm', 'm2', 'FLNG', ''),
('FLNG000004', 'Eva pěna 2 mm', 'm2', 'FLNG', ''),
('HRDW000001', 'YKK samice 25 mm černá', 'ks', 'HRDW', ''),
('HRDW000002', 'YKK samec 25 mm černá', 'ks', 'HRDW', ''),
('HRDW000003', 'YKK samec 25 mm černá EVO', 'ks', 'HRDW', ''),
('HRDW000004', 'YKK samice 25 mm černá EVO', 'ks', 'HRDW', ''),
('HRDW000005', 'YKK samice 20 mm černá', 'ks', 'HRDW', ''),
('HRDW000006', 'YKK samec 20 mm černá', 'ks', 'HRDW', ''),
('HRDW000007', 'YKK samec 16 mm černá', 'ks', 'HRDW', ''),
('HRDW000008', 'YKK samice 16 mm černá', 'ks', 'HRDW', ''),
('HRDW000009', 'YKK žebříček 16 mm černá', 'ks', 'HRDW', ''),
('HRDW000010', 'YKK žebříček 20 mm černá', 'ks', 'HRDW', ''),
('HRDW000011', 'YKK žebříček 25 mm černá', 'ks', 'HRDW', ''),
('HRDW000012', 'YKK žebříček 25 mm černá WICKER', 'ks', 'HRDW', ''),
('HRDW000013', 'YKK očko 18 mm černá', 'ks', 'HRDW', ''),
('HRDW000014', 'YKK očko 20 mm černá', 'ks', 'HRDW', ''),
('HRDW000015', 'YKK očko 25 mm černá', 'ks', 'HRDW', ''),
('HRDW000016', 'YKK očko 40 mm černá', 'ks', 'HRDW', ''),
('HRDW000017', 'YKK zip černý pogumovaný', 'ks', 'HRDW', ''),
('HRDW000018', 'YKK 5 zip černý reverzní', 'ks', 'HRDW', ''),
('HRDW000019', 'YKK jezdec 5E černá', 'ks', 'HRDW', ''),
('HRDW000020', 'YKK jezdec 5EJ černá', 'ks', 'HRDW', ''),
('HRDW000021', 'YKK klíčenka černá', 'ks', 'HRDW', ''),
('HRDW000022', 'YKK D-kroužek černá', 'ks', 'HRDW', ''),
('HRDW000023', 'YKK karabina černá', 'ks', 'HRDW', ''),
('HRDW000024', 'YKK trojzubec 50 mm černá (samec+samice)', 'ks', 'HRDW', ''),
('HRDW000025', 'YKK bikeroller přezka', 'ks', 'HRDW', ''),
('HRDW000026', 'YKK jezdec 5E bílý', 'ks', 'HRDW', ''),
('HRDW000027', 'YKK průvleky 20 mm', 'ks', 'HRDW', ''),
('HRDW000028', 'trojzubec 40 mm černá (samec+samice)', 'ks', 'HRDW', ''),
('HRDW000029', 'žebříček 40 mm černá CROSSBODY', 'ks', 'HRDW', ''),
('HRDW000030', 'YKK zip 28 cm žlutý', 'ks', 'HRDW', ''),
('HRDW000031', 'YKK zip 28 cm bílý', 'ks', 'HRDW', ''),
('HRDW000032', 'YKK zip kovový 18 cm černý', 'ks', 'HRDW', ''),
('HRDW000033', 'YKK zip kovový 18 cm bílý', 'ks', 'HRDW', ''),
('HRDW000034', 'zip kovový 18 cm černý', 'ks', 'HRDW', ''),
('HRDW000035', 'YKK zip spirálový reverzní 5 CI černá', 'm', 'HRDW', ''),
('HRDW000036', 'Fidlock V-BUCKLE 20 mm jednostranně nastavitelná', 'ks', 'HRDW', ''),
('HRDW000037', 'Fidlock V-BUCKLE 25 mm jednostranně nastavitelná', 'ks', 'HRDW', ''),
('HRDW000038', 'Fidlock V-BUCKLE 40 LL 40 mm nastavitelná černá', 'ks', 'HRDW', ''),
('HRDW000039', 'Fidlock V-BUCKLE 40 SB 40 mm fix černá', 'ks', 'HRDW', ''),
('HRDW000040', 'Fidlock HOOK 40 belt LL', 'ks', 'HRDW', ''),
('HRDW000041', 'Fidlock přezka 20 mm stříbrná', 'ks', 'HRDW', ''),
('HRDW000042', 'Fidlock Stripe X3', 'ks', 'HRDW', ''),
('HRDW000043', 'Fidlock Coinstrap 15 mm na helmu', 'ks', 'HRDW', ''),
('HRDW000044', 'Fidlock SNAP špuntík samec M kulatá nízká černá', 'ks', 'HRDW', ''),
('HRDW000045', 'Fidlock SNAP špuntík samice M kulatá nízká černá', 'ks', 'HRDW', ''),
('HRDW000046', 'Fidlock SNAP samec S na gumičku', 'ks', 'HRDW', ''),
('HRDW000047', 'Fidlock SNAP samice S kulatá nízká černá', 'ks', 'HRDW', ''),
('HRDW000048', 'Fidlock SNAP male M 25 adjuster k rolce', 'ks', 'HRDW', ''),
('HRDW000049', 'Fidlock HOOK 20 na gumičku černá', 'ks', 'HRDW', ''),
('HRDW000050', 'WeTool kovový žebříček 20 mm černá', 'ks', 'HRDW', ''),
('HRDW000051', 'WeTool kovový žebříček 25 mm černá', 'ks', 'HRDW', ''),
('HRDW000052', 'WeTool kovový G-Hook 20 mm levá černá', 'ks', 'HRDW', ''),
('HRDW000053', 'WeTool kovový G-Hook 20 mm pravá černá', 'ks', 'HRDW', ''),
('HRDW000054', 'WeTool kovový G-Hook 25 mm pravá otvírák černý', 'ks', 'HRDW', ''),
('HRDW000055', 'WeTool kovový H-Hook 25 mm černá', 'ks', 'HRDW', ''),
('HRDW000056', 'WeTool kovový karabina 20 mm černá', 'ks', 'HRDW', ''),
('HRDW000057', 'WeTool kovový protikus karabina 20 mm černá', 'ks', 'HRDW', ''),
('HRDW000058', 'WeTool kovová karabina obdélníková 20 mm černá', 'ks', 'HRDW', ''),
('HRDW000059', 'WeTool kovová karabina obdélníková 10 mm černá', 'ks', 'HRDW', ''),
('HRDW000060', 'WeTool kovová karabina otočná 20 mm černá', 'ks', 'HRDW', ''),
('HRDW000061', 'WeTool kovové D-očko 20 mm černá', 'ks', 'HRDW', ''),
('HRDW000062', 'WeTool kovové hawkeye toggle 25 mm černá', 'ks', 'HRDW', ''),
('HRDW000063', 'titanová žabka Austere 20 mm', 'ks', 'HRDW', ''),
('HRDW000064', 'optic fibre lighting', 'ks', 'HRDW', ''),
('HRDW000065', 'PJ trojzubec 25 mm bílá (samec+samice)', 'ks', 'HRDW', ''),
('HRDW000066', 'PJ žebříček 25 mm bílá', 'ks', 'HRDW', ''),
('HRDW000067', 'PJ žebříček 20 mm bílá', 'ks', 'HRDW', ''),
('HRDW000068', 'PJ samec 20 mm bílá', 'ks', 'HRDW', ''),
('HRDW000069', 'PJ samice 20 mm bílá', 'ks', 'HRDW', ''),
('HRDW000070', 'PJ očko 20 mm bílá', 'ks', 'HRDW', ''),
('HRDW000071', 'PJ očko 20 mm černá', 'ks', 'HRDW', ''),
('HRDW000072', 'PJ očko 40 mm černá', 'ks', 'HRDW', ''),
('HRDW000073', 'PJ spona 20 mm bílá', 'ks', 'HRDW', ''),
('HRDW000074', 'PJ trojzubec 10 mm bílá (samec+samice)', 'ks', 'HRDW', ''),
('HRDW000075', 'PJ trojzubec 10 mm khaki (samec+samice)', 'ks', 'HRDW', ''),
('HRDW000076', 'PJ trojzubec 20 mm bílá (samec+samice)', 'ks', 'HRDW', ''),
('HRDW000077', 'PJ trojzubec 10 mm černá', 'ks', 'HRDW', ''),
('HRDW000078', 'PJ karabina 20 mm černá', 'ks', 'HRDW', ''),
('HRDW000079', 'PJ karabina 30 mm černá', 'ks', 'HRDW', ''),
('HRDW000080', 'PJ trojzubec 30 mm černá', 'ks', 'HRDW', ''),
('HRDW000081', 'PJ žebříček 40 mm černá', 'ks', 'HRDW', ''),
('HRDW000082', 'PJ D-kroužek černá 20 mm', 'ks', 'HRDW', ''),
('HRDW000083', 'Massag kovový zebříček 20 mm měděný', 'ks', 'HRDW', ''),
('HRDW000084', 'Massag kovový žebříček 20 mm černá', 'ks', 'HRDW', ''),
('HRDW000085', 'Massag auto druk černá', 'ks', 'HRDW', ''),
('HRDW000086', 'Metal clash hook', 'ks', 'HRDW', ''),
('HRDW000087', 'Massag vsuvka kovová černá', 'ks', 'HRDW', ''),
('HRDW000088', 'cordlock', 'ks', 'HRDW', ''),
('LTHR000001', 'SILK 0842 černá', 'm2', 'LTHR', ''),
('LTHR000002', 'SILK 0250 rezavá', 'm2', 'LTHR', ''),
('LTHR000003', 'VENICE 64080 Albicocca', 'm2', 'LTHR', ''),
('LTHR000004', 'VENICE 64100 Black černá', 'm2', 'LTHR', ''),
('LTHR000005', 'VENICE 64030 Ecrú písková', 'm2', 'LTHR', ''),
('LTHR000006', 'VENICE 64150 Pervinca lila', 'm2', 'LTHR', ''),
('LTHR000007', 'VENICE 64150 Cloud Pink nude', 'm2', 'LTHR', ''),
('LTHR000008', 'VENICE 64110 Corallo lososová', 'm2', 'LTHR', ''),
('LTHR000009', 'VENICE 64040 Cappuccino bílá káva', 'm2', 'LTHR', ''),
('PCKG000001', 'papírová karta příběh + označení batohu', 'ks', 'PCKG', ''),
('PCKG000002', 'igelitový pytel s logem', 'ks', 'PCKG', ''),
('PCKG000003', 'krabice 51x38x7', 'ks', 'PCKG', ''),
('PCKG000004', 'lepící páska Braasi Industry', 'm', 'PCKG', ''),
('PCKG000005', 'štítek Zásilkovna', 'ks', 'PCKG', ''),
('PCKG000006', 'štítek GLS', 'ks', 'PCKG', ''),
('PCKG000007', 'košilka', 'ks', 'PCKG', ''),
('STRP000001', 'poporuh černý PAD 10 mm', 'm', 'STRP', ''),
('STRP000002', 'popruh černý PAD 16 mm', 'm', 'STRP', ''),
('STRP000003', 'popruh černý PAD 20 mm', 'm', 'STRP', ''),
('STRP000004', 'popruh černý PAD 25 mm', 'm', 'STRP', ''),
('STRP000005', 'popruh černý PAD 40 mm', 'm', 'STRP', ''),
('STRP000006', 'lemovka černá PAD 25 mm', 'm', 'STRP', ''),
('STRP000007', 'lemovka černá PES 25 mm', 'm', 'STRP', ''),
('STRP000008', 'pruženka černá 40 mm', 'm', 'STRP', ''),
('STRP000009', 'pruženka černá 25 mm', 'm', 'STRP', ''),
('STRP000010', 'popruh černý PES 10 mm', 'm', 'STRP', ''),
('STRP000011', 'popruh černý PES 16 mm', 'm', 'STRP', ''),
('STRP000012', 'popruh černý PES 20 mm', 'm', 'STRP', ''),
('STRP000013', 'popruh černý PES 25 mm', 'm', 'STRP', ''),
('STRP000014', 'popruh černý PES 55 mm', 'm', 'STRP', ''),
('STRP000015', 'popruh černý bavlna 20 mm', 'm', 'STRP', ''),
('STRP000016', 'popruh bílý PAD 10 mm', 'm', 'STRP', ''),
('STRP000017', 'popruh bílý PAD 20 mm', 'm', 'STRP', ''),
('STRP000018', 'popruh bílý PAD 25 mm', 'm', 'STRP', ''),
('STRP000019', 'popruh přírodní bavlna 20 mm', 'm', 'STRP', ''),
('STRP000020', 'popruh přírodní bavlna 30 mm', 'm', 'STRP', ''),
('STRP000021', 'popruh modrý PAD 10 mm', 'm', 'STRP', ''),
('STRP000022', 'popruh modrý PAD 20 mm', 'm', 'STRP', ''),
('STRP000023', 'popruh modrý PAD 25 mm', 'm', 'STRP', ''),
('STRP000024', 'popruh modrý bavlna 40 mm', 'm', 'STRP', ''),
('STRP000025', 'popruh oranžový reflexní PAD 16 mm', 'm', 'STRP', ''),
('STRP000026', 'popruh oranžový reflexní PAD 20 mm', 'm', 'STRP', ''),
('STRP000027', 'popruh oranžový tmavě PAD 20 mm', 'm', 'STRP', ''),
('STRP000028', 'popruh červený PAD 10 mm', 'm', 'STRP', ''),
('STRP000029', 'popruh červený PAD 20 mm', 'm', 'STRP', ''),
('STRP000030', 'popruh červený PAD 25 mm', 'm', 'STRP', ''),
('STRP000031', 'popruh zelený reflexní PAD 10 mm', 'm', 'STRP', ''),
('STRP000032', 'popruh žlutý PAD 10 mm', 'm', 'STRP', ''),
('STRP000033', 'popruh šedý PAD 10 mm', 'm', 'STRP', ''),
('STRP000034', 'popruh béžový PAD 20 mm', 'm', 'STRP', ''),
('STRP000035', 'popruh fialový PAD 20 mm', 'm', 'STRP', ''),
('STRP000036', 'popruh khaki bavlna 34 mm', 'm', 'STRP', ''),
('STRP000037', 'popruh pruhovaný č,o,z,m,ž 25 mm', 'm', 'STRP', ''),
('STRP000038', 'popruh pruhovaný š,f,š 30 mm', 'm', 'STRP', ''),
('STRP000039', 'pryžové vlákno černá PES', 'm', 'STRP', ''),
('STRP000040', 'gumolano červené 4mm', 'm', 'STRP', ''),
('STRP000041', 'gumolano černé 4mm', 'm', 'STRP', ''),
('STRP000042', 'oděvní vázačka bílý PES 3,5mm', 'm', 'STRP', ''),
('STRP000043', 'oděvní vázačka černý PES 3,5 mm', 'm', 'STRP', ''),
('STRP000044', 'oděvní vázačka žlutý PES 3,5 mm', 'm', 'STRP', ''),
('STRP000045', 'paracorde modrá 3,5 mm', 'm', 'STRP', ''),
('STRP000046', 'paracorde červený 3,5 mm', 'm', 'STRP', ''),
('STRP000047', 'paracorde černý 3,5 mm', 'm', 'STRP', ''),
('STRP000048', 'automobilové pásy 45mm', 'm', 'STRP', ''),
('STRP000049', 'dutinka zlatá 20 mm', 'm', 'STRP', ''),
('STRP000050', 'suché zipy 10 mm háček', 'm', 'STRP', ''),
('STRP000051', 'suché zipy 10 mm plyš', 'm', 'STRP', ''),
('STRP000052', 'suché zipy 25 mm háček', 'm', 'STRP', ''),
('STRP000053', 'suché zipy 25 mm plyš', 'm', 'STRP', ''),
('STRP000054', 'suché zipy 30 mm háček', 'm', 'STRP', ''),
('STRP000055', 'suché zipy 30 mm plyš', 'm', 'STRP', ''),
('STRP000056', 'suché zipy 50 mm plyš', 'm', 'STRP', ''),
('STRP000057', 'suché zipy 50 mm háček', 'm', 'STRP', ''),
('THRD000001', 'Ultrapoly 30 černá 999', 'm', 'THRD', ''),
('THRD000002', 'Ultrapoly 30 modrá 549', 'm', 'THRD', ''),
('THRD000003', 'Ultrapoly 30 světle šedá 882', 'm', 'THRD', ''),
('THRD000004', 'Ultrapoly 30 žlutá 125', 'm', 'THRD', ''),
('THRD000005', 'Ultrapoly 30 královská modrá 556', 'm', 'THRD', ''),
('THRD000006', 'Ultrapoly 30 zářivě růžová 345', 'm', 'THRD', ''),
('THRD000007', 'Ultrapoly 30 neon oranžová 215', 'm', 'THRD', ''),
('THRD000008', 'Ultrapoly 30 bílá 001', 'm', 'THRD', ''),
('THRD000009', 'Ultrapoly 30 modrá podšívka 658', 'm', 'THRD', ''),
('THRD000010', 'Ultrapoly 30 fialová 458', 'm', 'THRD', ''),
('THRD000011', 'Ultrapoly 30 přírodní 710', 'm', 'THRD', ''),
('THRD000012', 'Ultrapoly 30 vínová 344', 'm', 'THRD', ''),
('THRD000013', 'Ultrapoly 30 červená 337', 'm', 'THRD', ''),
('THRD000014', 'Ultrapoly 30 tmavě šedá 888', 'm', 'THRD', ''),
('THRD000015', 'Ultrapoly 30 desertní 1222', 'm', 'THRD', ''),
('THRD000016', 'Ultrapoly 30 neon žlutá 115', 'm', 'THRD', ''),
('THRD000017', 'Ultrapoly 30 foxy 273', 'm', 'THRD', ''),
('THRD000018', 'Ultrapoly 30 khaki', 'ks', 'THRD', '');

-- --------------------------------------------------------

--
-- Struktura tabulky `products`
--

CREATE TABLE `products` (
  `product_code` varchar(10) NOT NULL,
  `product_name` varchar(50) NOT NULL,
  `EAN` decimal(20,0) DEFAULT NULL,
  `SKU` decimal(10,0) DEFAULT NULL,
  `unit_code` varchar(5) NOT NULL,
  `com_code` varchar(5) NOT NULL,
  `subcom_code` varchar(5) NOT NULL
) ENGINE=InnoDB DEFAULT CHARSET=utf8mb4 COLLATE=utf8mb4_czech_ci;

--
-- Vypisuji data pro tabulku `products`
--

INSERT INTO `products` (`product_code`, `product_name`, `EAN`, `SKU`, `unit_code`, `com_code`, `subcom_code`) VALUES
('ACSR000001', 'Bederní pás M', 0, 0, 'ks', 'PROD', 'ACSR'),
('ACSR000002', 'Bederní pás S', 0, 0, 'ks', 'PROD', 'ACSR'),
('ACSR000003', 'Canvas bag black', 0, 0, 'ks', 'PROD', 'ACSR'),
('ACSR000004', 'Canvas bag ecru', 0, 0, 'ks', 'PROD', 'ACSR'),
('ACSR000005', 'Cargo bag black', 0, 0, 'ks', 'PROD', 'ACSR'),
('ACSR000006', 'Cargo bag khaki', 0, 0, 'ks', 'PROD', 'ACSR'),
('ACSR000007', 'Cosmetic bag men black', 0, 0, 'ks', 'PROD', 'ACSR'),
('ACSR000008', 'Cosmetic bag men khaki', 0, 0, 'ks', 'PROD', 'ACSR'),
('ACSR000009', 'crossbody black', 0, 0, 'ks', 'PROD', 'ACSR'),
('ACSR000010', 'crossbody dark grey', 0, 0, 'ks', 'PROD', 'ACSR'),
('ACSR000011', 'crossbody grey', 0, 0, 'ks', 'PROD', 'ACSR'),
('ACSR000012', 'crossbody khaki', 0, 0, 'ks', 'PROD', 'ACSR'),
('ACSR000013', 'crossbody navy', 0, 0, 'ks', 'PROD', 'ACSR'),
('ACSR000014', 'crossbody tan', 0, 0, 'ks', 'PROD', 'ACSR'),
('ACSR000015', 'Crossbody X-Pac black', 0, 0, 'ks', 'PROD', 'ACSR'),
('ACSR000016', 'Crossbody X-Pac purple', 0, 0, 'ks', 'PROD', 'ACSR'),
('ACSR000017', 'Crossbody X-Pac yellow', 0, 0, 'ks', 'PROD', 'ACSR'),
('ACSR000018', 'crossbody yellow', 0, 0, 'ks', 'PROD', 'ACSR'),
('ACSR000019', 'Georgina bílá/oranžová', 0, 0, 'ks', 'PROD', 'ACSR'),
('ACSR000020', 'Georgina bílá/žlutá', 0, 0, 'ks', 'PROD', 'ACSR'),
('ACSR000021', 'Georgina černá/šedá', 0, 0, 'ks', 'PROD', 'ACSR'),
('ACSR000022', 'Georgina černá/zářivě oranžová', 0, 0, 'ks', 'PROD', 'ACSR'),
('ACSR000023', 'Georgina khaki/oranžová', 0, 0, 'ks', 'PROD', 'ACSR'),
('ACSR000024', 'Georgina khaki/šedá', 0, 0, 'ks', 'PROD', 'ACSR'),
('ACSR000025', 'Pouche cordur black', 0, 0, 'ks', 'PROD', 'ACSR'),
('ACSR000026', 'Pouche cordur khaki', 0, 0, 'ks', 'PROD', 'ACSR'),
('ACSR000027', 'Pouche cordur purple', 0, 0, 'ks', 'PROD', 'ACSR'),
('ACSR000028', 'Sacoche parachute black', 0, 0, 'ks', 'PROD', 'ACSR'),
('ACSR000029', 'Sacoche parachute khaki', 0, 0, 'ks', 'PROD', 'ACSR'),
('ACSR000030', 'Sacoche tyvek', 0, 0, 'ks', 'PROD', 'ACSR'),
('ACSR000031', 'Sacoche x-pac black', 0, 0, 'ks', 'PROD', 'ACSR'),
('ACSR000032', 'Sacoche x-pac purple', 0, 0, 'ks', 'PROD', 'ACSR'),
('ACSR000033', 'Sacoche x-pac yellow', 0, 0, 'ks', 'PROD', 'ACSR'),
('ACSR000034', 'Taska', 0, 0, 'ks', 'PROD', 'ACSR'),
('ACSR000035', 'Tyvek Cosmetic bag men', 0, 0, 'ks', 'PROD', 'ACSR'),
('ACSR000036', 'Tyvek Cosmetic L', 0, 0, 'ks', 'PROD', 'ACSR'),
('ACSR000037', 'Tyvek Cosmetic M', 0, 0, 'ks', 'PROD', 'ACSR'),
('ACSR000038', 'Tyvek Cosmetic S', 0, 0, 'ks', 'PROD', 'ACSR'),
('BGPK000001', 'Arne Black', 0, 0, 'ks', 'PROD', 'BGPK'),
('BGPK000002', 'Arne grey', 0, 0, 'ks', 'PROD', 'BGPK'),
('BGPK000003', 'Arne NTB Black', 0, 0, 'ks', 'PROD', 'BGPK'),
('BGPK000004', 'Arne NTB grey', 0, 0, 'ks', 'PROD', 'BGPK'),
('BGPK000005', 'Arne NTB purple', 0, 0, 'ks', 'PROD', 'BGPK'),
('BGPK000006', 'Arne NTB white', 0, 0, 'ks', 'PROD', 'BGPK'),
('BGPK000007', 'Arne NTB yellow', 0, 0, 'ks', 'PROD', 'BGPK'),
('BGPK000008', 'Arne purple', 0, 0, 'ks', 'PROD', 'BGPK'),
('BGPK000009', 'Arne white', 0, 0, 'ks', 'PROD', 'BGPK'),
('BGPK000010', 'Arne yellow', 0, 0, 'ks', 'PROD', 'BGPK'),
('BGPK000011', 'Ayo canvas', 0, 0, 'ks', 'PROD', 'BGPK'),
('BGPK000012', 'Ayo cordura black', 0, 0, 'ks', 'PROD', 'BGPK'),
('BGPK000013', 'Ayo cordura grey/black', 0, 0, 'ks', 'PROD', 'BGPK'),
('BGPK000014', 'Ayo cordura khlaki/black', 0, 0, 'ks', 'PROD', 'BGPK'),
('BGPK000015', 'Ayo cordura navy/black', 0, 0, 'ks', 'PROD', 'BGPK'),
('BGPK000016', 'Ayo cordura tan/black', 0, 0, 'ks', 'PROD', 'BGPK'),
('BGPK000017', 'Ayo S', 0, 0, 'ks', 'PROD', 'BGPK'),
('BGPK000018', 'Evo II black', 0, 0, 'ks', 'PROD', 'BGPK'),
('BGPK000019', 'Evo II Black X-Pac', 0, 0, 'ks', 'PROD', 'BGPK'),
('BGPK000020', 'Evo II khaki', 0, 0, 'ks', 'PROD', 'BGPK'),
('BGPK000021', 'Evo II navy', 0, 0, 'ks', 'PROD', 'BGPK'),
('BGPK000022', 'Evo II purple X-Pac', 0, 0, 'ks', 'PROD', 'BGPK'),
('BGPK000023', 'Evo II tan', 0, 0, 'ks', 'PROD', 'BGPK'),
('BGPK000024', 'Evo II white X-Pac', 0, 0, 'ks', 'PROD', 'BGPK'),
('BGPK000025', 'Evo II yellow X-Pac', 0, 0, 'ks', 'PROD', 'BGPK'),
('BGPK000026', 'Foxy', 0, 0, 'ks', 'PROD', 'BGPK'),
('BGPK000027', 'Henry Asahi khaki', 0, 0, 'ks', 'PROD', 'BGPK'),
('BGPK000028', 'Henry black', 0, 0, 'ks', 'PROD', 'BGPK'),
('BGPK000029', 'Henry black světla', 0, 0, 'ks', 'PROD', 'BGPK'),
('BGPK000030', 'Henry Bot AI', 0, 0, 'ks', 'PROD', 'BGPK'),
('BGPK000031', 'Henry canvas black', 0, 0, 'ks', 'PROD', 'BGPK'),
('BGPK000032', 'Henry canvas ecru/nude', 0, 0, 'ks', 'PROD', 'BGPK'),
('BGPK000033', 'Henry dark grey', 0, 0, 'ks', 'PROD', 'BGPK'),
('BGPK000034', 'Henry khaki', 0, 0, 'ks', 'PROD', 'BGPK'),
('BGPK000035', 'Henry orange', 0, 0, 'ks', 'PROD', 'BGPK'),
('BGPK000036', 'Henry tan', 0, 0, 'ks', 'PROD', 'BGPK'),
('BGPK000037', 'Hertil black', 0, 0, 'ks', 'PROD', 'BGPK'),
('BGPK000038', 'Hertil khaki', 0, 0, 'ks', 'PROD', 'BGPK'),
('BGPK000039', 'Hertil navy', 0, 0, 'ks', 'PROD', 'BGPK'),
('BGPK000040', 'Hertil x-pac black', 0, 0, 'ks', 'PROD', 'BGPK'),
('BGPK000041', 'Hertil x-pac purple', 0, 0, 'ks', 'PROD', 'BGPK'),
('BGPK000042', 'Hertil x-pac yellow', 0, 0, 'ks', 'PROD', 'BGPK'),
('BGPK000043', 'Kira black', 0, 0, 'ks', 'PROD', 'BGPK'),
('BGPK000044', 'Kira dark grey', 0, 0, 'ks', 'PROD', 'BGPK'),
('BGPK000045', 'Kira khaki', 0, 0, 'ks', 'PROD', 'BGPK'),
('BGPK000046', 'Kira navy', 0, 0, 'ks', 'PROD', 'BGPK'),
('BGPK000047', 'Kira orange', 0, 0, 'ks', 'PROD', 'BGPK'),
('BGPK000048', 'Klopista black', 0, 0, 'ks', 'PROD', 'BGPK'),
('BGPK000049', 'Klopista khaki', 0, 0, 'ks', 'PROD', 'BGPK'),
('BGPK000050', 'Levo black', 0, 0, 'ks', 'PROD', 'BGPK'),
('BGPK000051', 'Levo dark grey', 0, 0, 'ks', 'PROD', 'BGPK'),
('BGPK000052', 'Levo khaki', 0, 0, 'ks', 'PROD', 'BGPK'),
('BGPK000053', 'Levo navy', 0, 0, 'ks', 'PROD', 'BGPK'),
('BGPK000054', 'Nico', 0, 0, 'ks', 'PROD', 'BGPK'),
('BGPK000055', 'Noir', 0, 0, 'ks', 'PROD', 'BGPK'),
('BGPK000056', 'Purista ecru/black', 0, 0, 'ks', 'PROD', 'BGPK'),
('BGPK000057', 'Purista ecru/nude', 0, 0, 'ks', 'PROD', 'BGPK'),
('BGPK000058', 'Roger black', 0, 0, 'ks', 'PROD', 'BGPK'),
('BGPK000059', 'Roger khaki', 0, 0, 'ks', 'PROD', 'BGPK'),
('BGPK000060', 'Rolltop Basic black', 0, 0, 'ks', 'PROD', 'BGPK'),
('BGPK000061', 'Rolltop Basic grey', 0, 0, 'ks', 'PROD', 'BGPK'),
('BGPK000062', 'Rolltop Basic Side black', 0, 0, 'ks', 'PROD', 'BGPK'),
('BGPK000063', 'Rolltop Basic Side Grey', 0, 0, 'ks', 'PROD', 'BGPK'),
('BGPK000064', 'rolltop canvas black/nude', 0, 0, 'ks', 'PROD', 'BGPK'),
('BGPK000065', 'rolltop canvas blue/nude', 0, 0, 'ks', 'PROD', 'BGPK'),
('BGPK000066', 'rolltop canvas grey/black', 0, 0, 'ks', 'PROD', 'BGPK'),
('BGPK000067', 'rolltop canvas grey/nude', 0, 0, 'ks', 'PROD', 'BGPK'),
('BGPK000068', 'rolltop canvas khaki/black', 0, 0, 'ks', 'PROD', 'BGPK'),
('BGPK000069', 'rolltop canvas khaki/nude', 0, 0, 'ks', 'PROD', 'BGPK'),
('BGPK000070', 'rolltop canvas magenta/black', 0, 0, 'ks', 'PROD', 'BGPK'),
('BGPK000071', 'rolltop canvas magenta/nude', 0, 0, 'ks', 'PROD', 'BGPK'),
('BGPK000072', 'rolltop canvas red/black', 0, 0, 'ks', 'PROD', 'BGPK'),
('BGPK000073', 'rolltop canvas yellow/nude', 0, 0, 'ks', 'PROD', 'BGPK'),
('BGPK000074', 'Rolltop cordura blue/orange', 0, 0, 'ks', 'PROD', 'BGPK'),
('BGPK000075', 'Rolltop cordura navy/black', 0, 0, 'ks', 'PROD', 'BGPK'),
('BGPK000076', 'Rolltop cordura navy/red', 0, 0, 'ks', 'PROD', 'BGPK'),
('BGPK000077', 'Rolltop cordura orange/navy', 0, 0, 'ks', 'PROD', 'BGPK'),
('BGPK000078', 'Rolltop cordura red/navy', 0, 0, 'ks', 'PROD', 'BGPK'),
('BGPK000079', 'Rolltop cordura tan/black', 0, 0, 'ks', 'PROD', 'BGPK'),
('BGPK000080', 'Rolltop cordura tan/khaki', 0, 0, 'ks', 'PROD', 'BGPK'),
('BGPK000081', 'Rolltop cordura tan/navy', 0, 0, 'ks', 'PROD', 'BGPK'),
('BGPK000082', 'Rolltop cordura tan/red', 0, 0, 'ks', 'PROD', 'BGPK'),
('BGPK000083', 'Rolltop cordura yellow/black', 0, 0, 'ks', 'PROD', 'BGPK'),
('BGPK000084', 'Rolltop X-Pac black', 0, 0, 'ks', 'PROD', 'BGPK'),
('BGPK000085', 'Rolltop X-Pac purple', 0, 0, 'ks', 'PROD', 'BGPK'),
('BGPK000086', 'Rolltop X-Pac yellow', 0, 0, 'ks', 'PROD', 'BGPK'),
('BGPK000087', 'webbing black', 0, 0, 'ks', 'PROD', 'BGPK'),
('BGPK000088', 'webbing dark grey', 0, 0, 'ks', 'PROD', 'BGPK'),
('BGPK000089', 'webbing grey', 0, 0, 'ks', 'PROD', 'BGPK'),
('BGPK000090', 'webbing khaki', 0, 0, 'ks', 'PROD', 'BGPK'),
('BGPK000091', 'webbing navy', 0, 0, 'ks', 'PROD', 'BGPK'),
('BGPK000092', 'webbing orange', 0, 0, 'ks', 'PROD', 'BGPK'),
('BGPK000093', 'webbing tan', 0, 0, 'ks', 'PROD', 'BGPK'),
('BGPK000094', 'Wicker black', 0, 0, 'ks', 'PROD', 'BGPK'),
('BGPK000095', 'Wicker black světla', 0, 0, 'ks', 'PROD', 'BGPK'),
('BGPK000096', 'Wicker Dark grey', 0, 0, 'ks', 'PROD', 'BGPK'),
('BGPK000097', 'Wicker khaki', 0, 0, 'ks', 'PROD', 'BGPK'),
('BGPK000098', 'Wicker Navy blue', 0, 0, 'ks', 'PROD', 'BGPK'),
('BGPK000099', 'Wicker navy/black', 0, 0, 'ks', 'PROD', 'BGPK'),
('BGPK000100', 'Wicker orange', 0, 0, 'ks', 'PROD', 'BGPK'),
('BGPK000101', 'Wicker tan', 0, 0, 'ks', 'PROD', 'BGPK'),
('BGPK000102', 'Wicker x-Pac black', 0, 0, 'ks', 'PROD', 'BGPK'),
('BGPK000103', 'Wicker x-Pac purple', 0, 0, 'ks', 'PROD', 'BGPK'),
('BGPK000104', 'Wicker x-Pac white', 0, 0, 'ks', 'PROD', 'BGPK'),
('BGPK000105', 'Wicker x-Pac yellow', 0, 0, 'ks', 'PROD', 'BGPK');

-- --------------------------------------------------------

--
-- Struktura tabulky `soh_pro`
--

CREATE TABLE `soh_pro` (
  `product_code` varchar(10) NOT NULL,
  `qty` decimal(10,0) NOT NULL,
  `location_code` varchar(5) NOT NULL
) ENGINE=InnoDB DEFAULT CHARSET=utf8mb4 COLLATE=utf8mb4_czech_ci;

--
-- Vypisuji data pro tabulku `soh_pro`
--

INSERT INTO `soh_pro` (`product_code`, `qty`, `location_code`) VALUES
('ACSR000001', 8, 'DIL'),
('ACSR000001', 0, 'EXT'),
('ACSR000001', 77, 'SKL'),
('ACSR000002', 34, 'DIL'),
('ACSR000002', 88, 'EXT'),
('ACSR000002', 33, 'SKL'),
('ACSR000003', 49, 'DIL'),
('ACSR000003', 31, 'EXT'),
('ACSR000003', 3, 'SKL'),
('ACSR000004', 23, 'DIL'),
('ACSR000004', 80, 'EXT'),
('ACSR000004', 11, 'SKL'),
('ACSR000005', 92, 'DIL'),
('ACSR000005', 32, 'EXT'),
('ACSR000005', 74, 'SKL'),
('ACSR000006', 69, 'DIL'),
('ACSR000006', 55, 'EXT'),
('ACSR000006', 30, 'SKL'),
('ACSR000007', 73, 'DIL'),
('ACSR000007', 21, 'EXT'),
('ACSR000007', 54, 'SKL'),
('ACSR000008', 13, 'DIL'),
('ACSR000008', 3, 'EXT'),
('ACSR000008', 51, 'SKL'),
('ACSR000009', 21, 'DIL'),
('ACSR000009', 55, 'EXT'),
('ACSR000009', 78, 'SKL'),
('ACSR000010', 29, 'DIL'),
('ACSR000010', 46, 'EXT'),
('ACSR000010', 92, 'SKL'),
('ACSR000011', 59, 'DIL'),
('ACSR000011', 78, 'EXT'),
('ACSR000011', 86, 'SKL'),
('ACSR000012', 21, 'DIL'),
('ACSR000012', 49, 'EXT'),
('ACSR000012', 18, 'SKL'),
('ACSR000013', 25, 'DIL'),
('ACSR000013', 27, 'EXT'),
('ACSR000013', 45, 'SKL'),
('ACSR000014', 84, 'DIL'),
('ACSR000014', 3, 'EXT'),
('ACSR000014', 0, 'SKL'),
('ACSR000015', 19, 'DIL'),
('ACSR000015', 43, 'EXT'),
('ACSR000015', 2, 'SKL'),
('ACSR000016', 37, 'DIL'),
('ACSR000016', 18, 'EXT'),
('ACSR000016', 32, 'SKL'),
('ACSR000017', 43, 'DIL'),
('ACSR000017', 36, 'EXT'),
('ACSR000017', 1, 'SKL'),
('ACSR000018', 10, 'DIL'),
('ACSR000018', 17, 'EXT'),
('ACSR000018', 87, 'SKL'),
('ACSR000019', 62, 'DIL'),
('ACSR000019', 13, 'EXT'),
('ACSR000019', 2, 'SKL'),
('ACSR000020', 62, 'DIL'),
('ACSR000020', 46, 'EXT'),
('ACSR000020', 44, 'SKL'),
('ACSR000021', 68, 'DIL'),
('ACSR000021', 59, 'EXT'),
('ACSR000021', 30, 'SKL'),
('ACSR000022', 59, 'DIL'),
('ACSR000022', 20, 'EXT'),
('ACSR000022', 60, 'SKL'),
('ACSR000023', 53, 'DIL'),
('ACSR000023', 61, 'EXT'),
('ACSR000023', 72, 'SKL'),
('ACSR000024', 1, 'DIL'),
('ACSR000024', 99, 'EXT'),
('ACSR000024', 8, 'SKL'),
('ACSR000025', 88, 'DIL'),
('ACSR000025', 1, 'EXT'),
('ACSR000025', 99, 'SKL'),
('ACSR000026', 94, 'DIL'),
('ACSR000026', 47, 'EXT'),
('ACSR000026', 95, 'SKL'),
('ACSR000027', 65, 'DIL'),
('ACSR000027', 91, 'EXT'),
('ACSR000027', 42, 'SKL'),
('ACSR000028', 12, 'DIL'),
('ACSR000028', 3, 'EXT'),
('ACSR000028', 58, 'SKL'),
('ACSR000029', 77, 'DIL'),
('ACSR000029', 41, 'EXT'),
('ACSR000029', 66, 'SKL'),
('ACSR000030', 19, 'DIL'),
('ACSR000030', 68, 'EXT'),
('ACSR000030', 11, 'SKL'),
('ACSR000031', 54, 'DIL'),
('ACSR000031', 63, 'EXT'),
('ACSR000031', 60, 'SKL'),
('ACSR000032', 73, 'DIL'),
('ACSR000032', 76, 'EXT'),
('ACSR000032', 4, 'SKL'),
('ACSR000033', 3, 'DIL'),
('ACSR000033', 82, 'EXT'),
('ACSR000033', 67, 'SKL'),
('ACSR000034', 80, 'DIL'),
('ACSR000034', 10, 'EXT'),
('ACSR000034', 44, 'SKL'),
('ACSR000035', 87, 'DIL'),
('ACSR000035', 29, 'EXT'),
('ACSR000035', 95, 'SKL'),
('ACSR000036', 40, 'DIL'),
('ACSR000036', 45, 'EXT'),
('ACSR000036', 21, 'SKL'),
('ACSR000037', 52, 'DIL'),
('ACSR000037', 74, 'EXT'),
('ACSR000037', 83, 'SKL'),
('ACSR000038', 56, 'DIL'),
('ACSR000038', 15, 'EXT'),
('ACSR000038', 89, 'SKL'),
('BGPK000001', 41, 'DIL'),
('BGPK000001', 54, 'EXT'),
('BGPK000001', 97, 'SKL'),
('BGPK000002', 38, 'DIL'),
('BGPK000002', 78, 'EXT'),
('BGPK000002', 17, 'SKL'),
('BGPK000003', 35, 'DIL'),
('BGPK000003', 84, 'EXT'),
('BGPK000003', 57, 'SKL'),
('BGPK000004', 85, 'DIL'),
('BGPK000004', 98, 'EXT'),
('BGPK000004', 42, 'SKL'),
('BGPK000005', 54, 'DIL'),
('BGPK000005', 56, 'EXT'),
('BGPK000005', 60, 'SKL'),
('BGPK000006', 68, 'DIL'),
('BGPK000006', 35, 'EXT'),
('BGPK000006', 91, 'SKL'),
('BGPK000007', 11, 'DIL'),
('BGPK000007', 32, 'EXT'),
('BGPK000007', 24, 'SKL'),
('BGPK000008', 25, 'DIL'),
('BGPK000008', 69, 'EXT'),
('BGPK000008', 7, 'SKL'),
('BGPK000009', 30, 'DIL'),
('BGPK000009', 19, 'EXT'),
('BGPK000009', 2, 'SKL'),
('BGPK000010', 69, 'DIL'),
('BGPK000010', 47, 'EXT'),
('BGPK000010', 85, 'SKL'),
('BGPK000011', 70, 'DIL'),
('BGPK000011', 42, 'EXT'),
('BGPK000011', 78, 'SKL'),
('BGPK000012', 45, 'DIL'),
('BGPK000012', 94, 'EXT'),
('BGPK000012', 42, 'SKL'),
('BGPK000013', 34, 'DIL'),
('BGPK000013', 33, 'EXT'),
('BGPK000013', 62, 'SKL'),
('BGPK000014', 36, 'DIL'),
('BGPK000014', 2, 'EXT'),
('BGPK000014', 39, 'SKL'),
('BGPK000015', 30, 'DIL'),
('BGPK000015', 31, 'EXT'),
('BGPK000015', 22, 'SKL'),
('BGPK000016', 39, 'DIL'),
('BGPK000016', 31, 'EXT'),
('BGPK000016', 56, 'SKL'),
('BGPK000017', 68, 'DIL'),
('BGPK000017', 92, 'EXT'),
('BGPK000017', 35, 'SKL'),
('BGPK000018', 91, 'DIL'),
('BGPK000018', 56, 'EXT'),
('BGPK000018', 92, 'SKL'),
('BGPK000019', 74, 'DIL'),
('BGPK000019', 9, 'EXT'),
('BGPK000019', 72, 'SKL'),
('BGPK000020', 2, 'DIL'),
('BGPK000020', 45, 'EXT'),
('BGPK000020', 29, 'SKL'),
('BGPK000021', 29, 'DIL'),
('BGPK000021', 86, 'EXT'),
('BGPK000021', 43, 'SKL'),
('BGPK000022', 33, 'DIL'),
('BGPK000022', 37, 'EXT'),
('BGPK000022', 2, 'SKL'),
('BGPK000023', 38, 'DIL'),
('BGPK000023', 46, 'EXT'),
('BGPK000023', 5, 'SKL'),
('BGPK000024', 24, 'DIL'),
('BGPK000024', 2, 'EXT'),
('BGPK000024', 95, 'SKL'),
('BGPK000025', 61, 'DIL'),
('BGPK000025', 51, 'EXT'),
('BGPK000025', 6, 'SKL'),
('BGPK000026', 48, 'DIL'),
('BGPK000026', 72, 'EXT'),
('BGPK000026', 57, 'SKL'),
('BGPK000027', 3, 'DIL'),
('BGPK000027', 83, 'EXT'),
('BGPK000027', 80, 'SKL'),
('BGPK000028', 71, 'DIL'),
('BGPK000028', 62, 'EXT'),
('BGPK000028', 85, 'SKL'),
('BGPK000029', 18, 'DIL'),
('BGPK000029', 52, 'EXT'),
('BGPK000029', 91, 'SKL'),
('BGPK000030', 24, 'DIL'),
('BGPK000030', 41, 'EXT'),
('BGPK000030', 96, 'SKL'),
('BGPK000031', 27, 'DIL'),
('BGPK000031', 9, 'EXT'),
('BGPK000031', 30, 'SKL'),
('BGPK000032', 63, 'DIL'),
('BGPK000032', 45, 'EXT'),
('BGPK000032', 88, 'SKL'),
('BGPK000033', 47, 'DIL'),
('BGPK000033', 25, 'EXT'),
('BGPK000033', 42, 'SKL'),
('BGPK000034', 8, 'DIL'),
('BGPK000034', 94, 'EXT'),
('BGPK000034', 73, 'SKL'),
('BGPK000035', 64, 'DIL'),
('BGPK000035', 94, 'EXT'),
('BGPK000035', 4, 'SKL'),
('BGPK000036', 40, 'DIL'),
('BGPK000036', 80, 'EXT'),
('BGPK000036', 65, 'SKL'),
('BGPK000037', 82, 'DIL'),
('BGPK000037', 34, 'EXT'),
('BGPK000037', 40, 'SKL'),
('BGPK000038', 49, 'DIL'),
('BGPK000038', 59, 'EXT'),
('BGPK000038', 35, 'SKL'),
('BGPK000039', 1, 'DIL'),
('BGPK000039', 69, 'EXT'),
('BGPK000039', 90, 'SKL'),
('BGPK000040', 34, 'DIL'),
('BGPK000040', 15, 'EXT'),
('BGPK000040', 77, 'SKL'),
('BGPK000041', 27, 'DIL'),
('BGPK000041', 55, 'EXT'),
('BGPK000041', 34, 'SKL'),
('BGPK000042', 64, 'DIL'),
('BGPK000042', 32, 'EXT'),
('BGPK000042', 68, 'SKL'),
('BGPK000043', 50, 'DIL'),
('BGPK000043', 43, 'EXT'),
('BGPK000043', 4, 'SKL'),
('BGPK000044', 100, 'DIL'),
('BGPK000044', 22, 'EXT'),
('BGPK000044', 27, 'SKL'),
('BGPK000045', 30, 'DIL'),
('BGPK000045', 94, 'EXT'),
('BGPK000045', 4, 'SKL'),
('BGPK000046', 14, 'DIL'),
('BGPK000046', 10, 'EXT'),
('BGPK000046', 76, 'SKL'),
('BGPK000047', 1, 'DIL'),
('BGPK000047', 40, 'EXT'),
('BGPK000047', 95, 'SKL'),
('BGPK000048', 58, 'DIL'),
('BGPK000048', 88, 'EXT'),
('BGPK000048', 1, 'SKL'),
('BGPK000049', 68, 'DIL'),
('BGPK000049', 45, 'EXT'),
('BGPK000049', 56, 'SKL'),
('BGPK000050', 48, 'DIL'),
('BGPK000050', 15, 'EXT'),
('BGPK000050', 7, 'SKL'),
('BGPK000051', 98, 'DIL'),
('BGPK000051', 10, 'EXT'),
('BGPK000051', 10, 'SKL'),
('BGPK000052', 64, 'DIL'),
('BGPK000052', 77, 'EXT'),
('BGPK000052', 8, 'SKL'),
('BGPK000053', 43, 'DIL'),
('BGPK000053', 50, 'EXT'),
('BGPK000053', 21, 'SKL'),
('BGPK000054', 58, 'DIL'),
('BGPK000054', 67, 'EXT'),
('BGPK000054', 84, 'SKL'),
('BGPK000055', 26, 'DIL'),
('BGPK000055', 14, 'EXT'),
('BGPK000055', 44, 'SKL'),
('BGPK000056', 40, 'DIL'),
('BGPK000056', 40, 'EXT'),
('BGPK000056', 2, 'SKL'),
('BGPK000057', 55, 'DIL'),
('BGPK000057', 53, 'EXT'),
('BGPK000057', 22, 'SKL'),
('BGPK000058', 77, 'DIL'),
('BGPK000058', 20, 'EXT'),
('BGPK000058', 100, 'SKL'),
('BGPK000059', 2, 'DIL'),
('BGPK000059', 58, 'EXT'),
('BGPK000059', 84, 'SKL'),
('BGPK000060', 5, 'DIL'),
('BGPK000060', 34, 'EXT'),
('BGPK000060', 89, 'SKL'),
('BGPK000061', 3, 'DIL'),
('BGPK000061', 22, 'EXT'),
('BGPK000061', 84, 'SKL'),
('BGPK000062', 97, 'DIL'),
('BGPK000062', 95, 'EXT'),
('BGPK000062', 14, 'SKL'),
('BGPK000063', 70, 'DIL'),
('BGPK000063', 6, 'EXT'),
('BGPK000063', 64, 'SKL'),
('BGPK000064', 54, 'DIL'),
('BGPK000064', 70, 'EXT'),
('BGPK000064', 39, 'SKL'),
('BGPK000065', 98, 'DIL'),
('BGPK000065', 49, 'EXT'),
('BGPK000065', 34, 'SKL'),
('BGPK000066', 37, 'DIL'),
('BGPK000066', 93, 'EXT'),
('BGPK000066', 94, 'SKL'),
('BGPK000067', 27, 'DIL'),
('BGPK000067', 28, 'EXT'),
('BGPK000067', 40, 'SKL'),
('BGPK000068', 86, 'DIL'),
('BGPK000068', 43, 'EXT'),
('BGPK000068', 56, 'SKL'),
('BGPK000069', 85, 'DIL'),
('BGPK000069', 5, 'EXT'),
('BGPK000069', 93, 'SKL'),
('BGPK000070', 44, 'DIL'),
('BGPK000070', 48, 'EXT'),
('BGPK000070', 11, 'SKL'),
('BGPK000071', 29, 'DIL'),
('BGPK000071', 79, 'EXT'),
('BGPK000071', 1, 'SKL'),
('BGPK000072', 9, 'DIL'),
('BGPK000072', 86, 'EXT'),
('BGPK000072', 48, 'SKL'),
('BGPK000073', 37, 'DIL'),
('BGPK000073', 77, 'EXT'),
('BGPK000073', 76, 'SKL'),
('BGPK000074', 83, 'DIL'),
('BGPK000074', 93, 'EXT'),
('BGPK000074', 97, 'SKL'),
('BGPK000075', 40, 'DIL'),
('BGPK000075', 29, 'EXT'),
('BGPK000075', 12, 'SKL'),
('BGPK000076', 11, 'DIL'),
('BGPK000076', 43, 'EXT'),
('BGPK000076', 77, 'SKL'),
('BGPK000077', 58, 'DIL'),
('BGPK000077', 83, 'EXT'),
('BGPK000077', 81, 'SKL'),
('BGPK000078', 63, 'DIL'),
('BGPK000078', 63, 'EXT'),
('BGPK000078', 95, 'SKL'),
('BGPK000079', 20, 'DIL'),
('BGPK000079', 10, 'EXT'),
('BGPK000079', 68, 'SKL'),
('BGPK000080', 41, 'DIL'),
('BGPK000080', 71, 'EXT'),
('BGPK000080', 34, 'SKL'),
('BGPK000081', 88, 'DIL'),
('BGPK000081', 74, 'EXT'),
('BGPK000081', 53, 'SKL'),
('BGPK000082', 79, 'DIL'),
('BGPK000082', 83, 'EXT'),
('BGPK000082', 93, 'SKL'),
('BGPK000083', 47, 'DIL'),
('BGPK000083', 44, 'EXT'),
('BGPK000083', 31, 'SKL'),
('BGPK000084', 6, 'DIL'),
('BGPK000084', 2, 'EXT'),
('BGPK000084', 1, 'SKL'),
('BGPK000085', 75, 'DIL'),
('BGPK000085', 32, 'EXT'),
('BGPK000085', 23, 'SKL'),
('BGPK000086', 2, 'DIL'),
('BGPK000086', 43, 'EXT'),
('BGPK000086', 23, 'SKL'),
('BGPK000087', 87, 'DIL'),
('BGPK000087', 40, 'EXT'),
('BGPK000087', 68, 'SKL'),
('BGPK000088', 77, 'DIL'),
('BGPK000088', 86, 'EXT'),
('BGPK000088', 22, 'SKL'),
('BGPK000089', 98, 'DIL'),
('BGPK000089', 61, 'EXT'),
('BGPK000089', 64, 'SKL'),
('BGPK000090', 64, 'DIL'),
('BGPK000090', 23, 'EXT'),
('BGPK000090', 91, 'SKL'),
('BGPK000091', 86, 'DIL'),
('BGPK000091', 42, 'EXT'),
('BGPK000091', 85, 'SKL'),
('BGPK000092', 12, 'DIL'),
('BGPK000092', 51, 'EXT'),
('BGPK000092', 16, 'SKL'),
('BGPK000093', 91, 'DIL'),
('BGPK000093', 57, 'EXT'),
('BGPK000093', 15, 'SKL'),
('BGPK000094', 37, 'DIL'),
('BGPK000094', 5, 'EXT'),
('BGPK000094', 3, 'SKL'),
('BGPK000095', 14, 'DIL'),
('BGPK000095', 5, 'EXT'),
('BGPK000095', 37, 'SKL'),
('BGPK000096', 73, 'DIL'),
('BGPK000096', 20, 'EXT'),
('BGPK000096', 66, 'SKL'),
('BGPK000097', 10, 'DIL'),
('BGPK000097', 44, 'EXT'),
('BGPK000097', 49, 'SKL'),
('BGPK000098', 32, 'DIL'),
('BGPK000098', 4, 'EXT'),
('BGPK000098', 21, 'SKL'),
('BGPK000099', 33, 'DIL'),
('BGPK000099', 68, 'EXT'),
('BGPK000099', 11, 'SKL'),
('BGPK000100', 93, 'DIL'),
('BGPK000100', 87, 'EXT'),
('BGPK000100', 48, 'SKL'),
('BGPK000101', 25, 'DIL'),
('BGPK000101', 26, 'EXT'),
('BGPK000101', 58, 'SKL'),
('BGPK000102', 50, 'DIL'),
('BGPK000102', 14, 'EXT'),
('BGPK000102', 21, 'SKL'),
('BGPK000103', 34, 'DIL'),
('BGPK000103', 8, 'EXT'),
('BGPK000103', 23, 'SKL'),
('BGPK000104', 33, 'DIL'),
('BGPK000104', 46, 'EXT'),
('BGPK000104', 11, 'SKL'),
('BGPK000105', 3, 'DIL'),
('BGPK000105', 28, 'EXT'),
('BGPK000105', 23, 'SKL');

-- --------------------------------------------------------

--
-- Struktura tabulky `stock_on_hand`
--

CREATE TABLE `stock_on_hand` (
  `part_number` varchar(10) NOT NULL,
  `description` varchar(50) NOT NULL,
  `qty` decimal(10,3) NOT NULL,
  `unit_code` varchar(5) NOT NULL,
  `location_code` varchar(5) NOT NULL
) ENGINE=InnoDB DEFAULT CHARSET=utf8mb4 COLLATE=utf8mb4_czech_ci;

--
-- Vypisuji data pro tabulku `stock_on_hand`
--

INSERT INTO `stock_on_hand` (`part_number`, `description`, `qty`, `unit_code`, `location_code`) VALUES
('BRND000001', 'tkaná etiketa kosočt. černobílá Braasi Industry', 2.000, 'ks', 'DIL'),
('BRND000001', 'tkaná etiketa kosočt. černobílá Braasi Industry', 54.000, 'ks', 'EXT'),
('BRND000001', 'tkaná etiketa kosočt. černobílá Braasi Industry', 1.000, 'ks', 'SKL'),
('BRND000002', 'tkaná etiketa kosočt Braasi Industry baby', 38.000, 'ks', 'DIL'),
('BRND000002', 'tkaná etiketa kosočt Braasi Industry baby', 45.000, 'ks', 'EXT'),
('BRND000002', 'tkaná etiketa kosočt Braasi Industry baby', 100.000, 'ks', 'SKL'),
('BRND000003', 'tkaná etiketa přežehlená černobílá B/IN', 18.000, 'ks', 'DIL'),
('BRND000003', 'tkaná etiketa přežehlená černobílá B/IN', 28.000, 'ks', 'EXT'),
('BRND000003', 'tkaná etiketa přežehlená černobílá B/IN', 2.000, 'ks', 'SKL'),
('BRND000004', 'tkaná etiketa přežehlená úzká čepice', 8.000, 'ks', 'DIL'),
('BRND000004', 'tkaná etiketa přežehlená úzká čepice', 46.000, 'ks', 'EXT'),
('BRND000004', 'tkaná etiketa přežehlená úzká čepice', 55.000, 'ks', 'SKL'),
('BRND000005', 'tkaná etiketa kosočtverec meděná Braasi Industry', 97.000, 'ks', 'DIL'),
('BRND000005', 'tkaná etiketa kosočtverec meděná Braasi Industry', 29.000, 'ks', 'EXT'),
('BRND000005', 'tkaná etiketa kosočtverec meděná Braasi Industry', 69.000, 'ks', 'SKL'),
('BRND000006', 'tkaná etiketa X-PAC', 43.000, 'ks', 'DIL'),
('BRND000006', 'tkaná etiketa X-PAC', 15.000, 'ks', 'EXT'),
('BRND000006', 'tkaná etiketa X-PAC', 57.000, 'ks', 'SKL'),
('BRND000007', 'tkaná etiketa OUTLAST', 100.000, 'ks', 'DIL'),
('BRND000007', 'tkaná etiketa OUTLAST', 55.000, 'ks', 'EXT'),
('BRND000007', 'tkaná etiketa OUTLAST', 37.000, 'ks', 'SKL'),
('BRND000008', 'tkaná etiketa ROBE', 42.000, 'ks', 'DIL'),
('BRND000008', 'tkaná etiketa ROBE', 59.000, 'ks', 'EXT'),
('BRND000008', 'tkaná etiketa ROBE', 97.000, 'ks', 'SKL'),
('BRND000009', 'tkaná etiketa DIRECT', 90.000, 'ks', 'DIL'),
('BRND000009', 'tkaná etiketa DIRECT', 80.000, 'ks', 'EXT'),
('BRND000009', 'tkaná etiketa DIRECT', 1.000, 'ks', 'SKL'),
('BRND000010', 'tkaná etiketa SEYFOR', 58.000, 'ks', 'DIL'),
('BRND000010', 'tkaná etiketa SEYFOR', 66.000, 'ks', 'EXT'),
('BRND000010', 'tkaná etiketa SEYFOR', 44.000, 'ks', 'SKL'),
('BRND000011', 'tkaná etiketa PPF/ BRAASI', 79.000, 'ks', 'DIL'),
('BRND000011', 'tkaná etiketa PPF/ BRAASI', 64.000, 'ks', 'EXT'),
('BRND000011', 'tkaná etiketa PPF/ BRAASI', 31.000, 'ks', 'SKL'),
('BRND000012', 'tkaná etiketa ČESKO DIGITAL', 63.000, 'ks', 'DIL'),
('BRND000012', 'tkaná etiketa ČESKO DIGITAL', 18.000, 'ks', 'EXT'),
('BRND000012', 'tkaná etiketa ČESKO DIGITAL', 94.000, 'ks', 'SKL'),
('BRND000013', 'tkaná etiketa WE ARE PUBLICIS', 59.000, 'ks', 'DIL'),
('BRND000013', 'tkaná etiketa WE ARE PUBLICIS', 50.000, 'ks', 'EXT'),
('BRND000013', 'tkaná etiketa WE ARE PUBLICIS', 98.000, 'ks', 'SKL'),
('BRND000014', 'tkaná etiketa CLEVERHOOD', 18.000, 'ks', 'DIL'),
('BRND000014', 'tkaná etiketa CLEVERHOOD', 91.000, 'ks', 'EXT'),
('BRND000014', 'tkaná etiketa CLEVERHOOD', 60.000, 'ks', 'SKL'),
('BRND000015', 'tkaná etiketa CLEVERHOOD/ BRAASI', 83.000, 'ks', 'DIL'),
('BRND000015', 'tkaná etiketa CLEVERHOOD/ BRAASI', 43.000, 'ks', 'EXT'),
('BRND000015', 'tkaná etiketa CLEVERHOOD/ BRAASI', 21.000, 'ks', 'SKL'),
('BRND000016', 'tkaná etiketa WINQS', 39.000, 'ks', 'DIL'),
('BRND000016', 'tkaná etiketa WINQS', 56.000, 'ks', 'EXT'),
('BRND000016', 'tkaná etiketa WINQS', 7.000, 'ks', 'SKL'),
('BRND000017', 'tkaná etiketa GARAGE 22', 76.000, 'ks', 'DIL'),
('BRND000017', 'tkaná etiketa GARAGE 22', 58.000, 'ks', 'EXT'),
('BRND000017', 'tkaná etiketa GARAGE 22', 82.000, 'ks', 'SKL'),
('BRND000018', 'tkaná etiketa BEEFEATER', 57.000, 'ks', 'DIL'),
('BRND000018', 'tkaná etiketa BEEFEATER', 3.000, 'ks', 'EXT'),
('BRND000018', 'tkaná etiketa BEEFEATER', 94.000, 'ks', 'SKL'),
('BRND000019', 'tkaná etiketa JOHNNIE WALKER', 19.000, 'ks', 'DIL'),
('BRND000019', 'tkaná etiketa JOHNNIE WALKER', 74.000, 'ks', 'EXT'),
('BRND000019', 'tkaná etiketa JOHNNIE WALKER', 6.000, 'ks', 'SKL'),
('BRND000020', 'tkaná etiketa HORALKY', 97.000, 'ks', 'DIL'),
('BRND000020', 'tkaná etiketa HORALKY', 12.000, 'ks', 'EXT'),
('BRND000020', 'tkaná etiketa HORALKY', 89.000, 'ks', 'SKL'),
('BRND000021', 'tkaná etiketa CANVA', 13.000, 'ks', 'DIL'),
('BRND000021', 'tkaná etiketa CANVA', 14.000, 'ks', 'EXT'),
('BRND000021', 'tkaná etiketa CANVA', 76.000, 'ks', 'SKL'),
('FBRK000001', 'Kortexin černý', 86.000, 'm2', 'DIL'),
('FBRK000001', 'Kortexin černý', 2.000, 'm2', 'EXT'),
('FBRK000001', 'Kortexin černý', 82.000, 'm2', 'SKL'),
('FBRK000002', 'Kortexin žlutý', 78.000, 'm2', 'DIL'),
('FBRK000002', 'Kortexin žlutý', 14.000, 'm2', 'EXT'),
('FBRK000002', 'Kortexin žlutý', 62.000, 'm2', 'SKL'),
('FBRK000003', 'Kortexin bílý', 61.000, 'm2', 'DIL'),
('FBRK000003', 'Kortexin bílý', 96.000, 'm2', 'EXT'),
('FBRK000003', 'Kortexin bílý', 12.000, 'm2', 'SKL'),
('FBRK000004', 'Kortexin červený', 81.000, 'm2', 'DIL'),
('FBRK000004', 'Kortexin červený', 39.000, 'm2', 'EXT'),
('FBRK000004', 'Kortexin červený', 41.000, 'm2', 'SKL'),
('FBRK000005', 'Kortexin sv.šedá', 100.000, 'm2', 'DIL'),
('FBRK000005', 'Kortexin sv.šedá', 29.000, 'm2', 'EXT'),
('FBRK000005', 'Kortexin sv.šedá', 5.000, 'm2', 'SKL'),
('FBRK000006', 'Kortexin hnědý', 68.000, 'm2', 'DIL'),
('FBRK000006', 'Kortexin hnědý', 71.000, 'm2', 'EXT'),
('FBRK000006', 'Kortexin hnědý', 91.000, 'm2', 'SKL'),
('FBRK000007', 'Kortexin oranžový', 31.000, 'm2', 'DIL'),
('FBRK000007', 'Kortexin oranžový', 64.000, 'm2', 'EXT'),
('FBRK000007', 'Kortexin oranžový', 34.000, 'm2', 'SKL'),
('FBRK000008', 'černý PES s PVC zátěrem', 2.000, 'm2', 'DIL'),
('FBRK000008', 'černý PES s PVC zátěrem', 40.000, 'm2', 'EXT'),
('FBRK000008', 'černý PES s PVC zátěrem', 15.000, 'm2', 'SKL'),
('FBRK000009', 'žlutý PES s PVC zátěrem', 32.000, 'm2', 'DIL'),
('FBRK000009', 'žlutý PES s PVC zátěrem', 86.000, 'm2', 'EXT'),
('FBRK000009', 'žlutý PES s PVC zátěrem', 11.000, 'm2', 'SKL'),
('FBRK000010', '3D tkanina', 52.000, 'm2', 'DIL'),
('FBRK000010', '3D tkanina', 55.000, 'm2', 'EXT'),
('FBRK000010', '3D tkanina', 78.000, 'm2', 'SKL'),
('FBRK000011', 'Outlast', 63.000, 'm2', 'DIL'),
('FBRK000011', 'Outlast', 74.000, 'm2', 'EXT'),
('FBRK000011', 'Outlast', 15.000, 'm2', 'SKL'),
('FBRK000012', 'Ubeon žlutá', 98.000, 'm2', 'DIL'),
('FBRK000012', 'Ubeon žlutá', 1.000, 'm2', 'EXT'),
('FBRK000012', 'Ubeon žlutá', 94.000, 'm2', 'SKL'),
('FBRK000013', 'Ubeon světle šedá', 6.000, 'm2', 'DIL'),
('FBRK000013', 'Ubeon světle šedá', 85.000, 'm2', 'EXT'),
('FBRK000013', 'Ubeon světle šedá', 96.000, 'm2', 'SKL'),
('FBRK000014', 'Ubeon modrá', 94.000, 'm2', 'DIL'),
('FBRK000014', 'Ubeon modrá', 51.000, 'm2', 'EXT'),
('FBRK000014', 'Ubeon modrá', 83.000, 'm2', 'SKL'),
('FBRK000015', 'Ubeon bílá', 28.000, 'm2', 'DIL'),
('FBRK000015', 'Ubeon bílá', 39.000, 'm2', 'EXT'),
('FBRK000015', 'Ubeon bílá', 56.000, 'm2', 'SKL'),
('FBRK000016', 'Ulsedan zářivě žlutá', 95.000, 'm2', 'DIL'),
('FBRK000016', 'Ulsedan zářivě žlutá', 83.000, 'm2', 'EXT'),
('FBRK000016', 'Ulsedan zářivě žlutá', 43.000, 'm2', 'SKL'),
('FBRK000017', 'Ulsedan zářivě oranžová', 35.000, 'm2', 'DIL'),
('FBRK000017', 'Ulsedan zářivě oranžová', 74.000, 'm2', 'EXT'),
('FBRK000017', 'Ulsedan zářivě oranžová', 68.000, 'm2', 'SKL'),
('FBRK000018', 'Ulsedan zářivě zelená', 17.000, 'm2', 'DIL'),
('FBRK000018', 'Ulsedan zářivě zelená', 2.000, 'm2', 'EXT'),
('FBRK000018', 'Ulsedan zářivě zelená', 68.000, 'm2', 'SKL'),
('FBRK000019', 'Ulsedan modrá', 31.000, 'm2', 'DIL'),
('FBRK000019', 'Ulsedan modrá', 71.000, 'm2', 'EXT'),
('FBRK000019', 'Ulsedan modrá', 77.000, 'm2', 'SKL'),
('FBRK000020', 'Ulsedan černá', 19.000, 'm2', 'DIL'),
('FBRK000020', 'Ulsedan černá', 99.000, 'm2', 'EXT'),
('FBRK000020', 'Ulsedan černá', 86.000, 'm2', 'SKL'),
('FBRK000021', 'Ulsedan zelená plzeňská', 55.000, 'm2', 'DIL'),
('FBRK000021', 'Ulsedan zelená plzeňská', 64.000, 'm2', 'EXT'),
('FBRK000021', 'Ulsedan zelená plzeňská', 62.000, 'm2', 'SKL'),
('FBRK000022', 'Ulsedan khaki', 64.000, 'm2', 'DIL'),
('FBRK000022', 'Ulsedan khaki', 91.000, 'm2', 'EXT'),
('FBRK000022', 'Ulsedan khaki', 24.000, 'm2', 'SKL'),
('FBRK000023', 'Ulsedan olivová', 22.000, 'm2', 'DIL'),
('FBRK000023', 'Ulsedan olivová', 93.000, 'm2', 'EXT'),
('FBRK000023', 'Ulsedan olivová', 31.000, 'm2', 'SKL'),
('FBRK000024', 'Ulsedan červená', 24.000, 'm2', 'DIL'),
('FBRK000024', 'Ulsedan červená', 66.000, 'm2', 'EXT'),
('FBRK000024', 'Ulsedan červená', 79.000, 'm2', 'SKL'),
('FBRK000025', 'Ulsedan fialová', 23.000, 'm2', 'DIL'),
('FBRK000025', 'Ulsedan fialová', 72.000, 'm2', 'EXT'),
('FBRK000025', 'Ulsedan fialová', 48.000, 'm2', 'SKL'),
('FBRK000026', 'Ulsedan limetkově zelená', 96.000, 'm2', 'DIL'),
('FBRK000026', 'Ulsedan limetkově zelená', 92.000, 'm2', 'EXT'),
('FBRK000026', 'Ulsedan limetkově zelená', 22.000, 'm2', 'SKL'),
('FBRK000027', 'Ulsedan aquamarin modrá', 62.000, 'm2', 'DIL'),
('FBRK000027', 'Ulsedan aquamarin modrá', 51.000, 'm2', 'EXT'),
('FBRK000027', 'Ulsedan aquamarin modrá', 29.000, 'm2', 'SKL'),
('FBRK000028', 'Uzaron fialová', 57.000, 'm2', 'DIL'),
('FBRK000028', 'Uzaron fialová', 81.000, 'm2', 'EXT'),
('FBRK000028', 'Uzaron fialová', 74.000, 'm2', 'SKL'),
('FBRK000029', 'Uzaron červená', 79.000, 'm2', 'DIL'),
('FBRK000029', 'Uzaron červená', 87.000, 'm2', 'EXT'),
('FBRK000029', 'Uzaron červená', 99.000, 'm2', 'SKL'),
('FBRK000030', 'Uzaron růžová', 11.000, 'm2', 'DIL'),
('FBRK000030', 'Uzaron růžová', 20.000, 'm2', 'EXT'),
('FBRK000030', 'Uzaron růžová', 97.000, 'm2', 'SKL'),
('FBRK000031', 'Uzaron žlutá', 7.000, 'm2', 'DIL'),
('FBRK000031', 'Uzaron žlutá', 64.000, 'm2', 'EXT'),
('FBRK000031', 'Uzaron žlutá', 3.000, 'm2', 'SKL'),
('FBRK000032', 'Uzaron královská modrá', 41.000, 'm2', 'DIL'),
('FBRK000032', 'Uzaron královská modrá', 100.000, 'm2', 'EXT'),
('FBRK000032', 'Uzaron královská modrá', 86.000, 'm2', 'SKL'),
('FBRK000033', 'Uzaron černá', 33.000, 'm2', 'DIL'),
('FBRK000033', 'Uzaron černá', 75.000, 'm2', 'EXT'),
('FBRK000033', 'Uzaron černá', 76.000, 'm2', 'SKL'),
('FBRK000034', 'Uzaron zářivě žlutá', 97.000, 'm2', 'DIL'),
('FBRK000034', 'Uzaron zářivě žlutá', 94.000, 'm2', 'EXT'),
('FBRK000034', 'Uzaron zářivě žlutá', 46.000, 'm2', 'SKL'),
('FBRK000035', 'Uzaron tmavě šedá', 26.000, 'm2', 'DIL'),
('FBRK000035', 'Uzaron tmavě šedá', 61.000, 'm2', 'EXT'),
('FBRK000035', 'Uzaron tmavě šedá', 29.000, 'm2', 'SKL'),
('FBRK000036', 'Padákovina černá', 85.000, 'm2', 'DIL'),
('FBRK000036', 'Padákovina černá', 24.000, 'm2', 'EXT'),
('FBRK000036', 'Padákovina černá', 33.000, 'm2', 'SKL'),
('FBRK000037', 'Padákovina khaki', 49.000, 'm2', 'DIL'),
('FBRK000037', 'Padákovina khaki', 79.000, 'm2', 'EXT'),
('FBRK000037', 'Padákovina khaki', 85.000, 'm2', 'SKL'),
('FBRK000038', 'Padákovina stříbrná', 8.000, 'm2', 'DIL'),
('FBRK000038', 'Padákovina stříbrná', 51.000, 'm2', 'EXT'),
('FBRK000038', 'Padákovina stříbrná', 21.000, 'm2', 'SKL'),
('FBRK000039', 'Padákovina navy', 98.000, 'm2', 'DIL'),
('FBRK000039', 'Padákovina navy', 74.000, 'm2', 'EXT'),
('FBRK000039', 'Padákovina navy', 65.000, 'm2', 'SKL'),
('FBRK000040', 'Padákovina bílá', 59.000, 'm2', 'DIL'),
('FBRK000040', 'Padákovina bílá', 76.000, 'm2', 'EXT'),
('FBRK000040', 'Padákovina bílá', 27.000, 'm2', 'SKL'),
('FBRK000041', 'Cordura CZ 1100 černá PU zátěr', 4.000, 'm2', 'DIL'),
('FBRK000041', 'Cordura CZ 1100 černá PU zátěr', 96.000, 'm2', 'EXT'),
('FBRK000041', 'Cordura CZ 1100 černá PU zátěr', 7.000, 'm2', 'SKL'),
('FBRK000042', 'Cordura CZ 1100 khaki PU zátěr', 21.000, 'm2', 'DIL'),
('FBRK000042', 'Cordura CZ 1100 khaki PU zátěr', 73.000, 'm2', 'EXT'),
('FBRK000042', 'Cordura CZ 1100 khaki PU zátěr', 32.000, 'm2', 'SKL'),
('FBRK000043', 'Cordura CZ 500 ripstop černá', 3.000, 'm2', 'DIL'),
('FBRK000043', 'Cordura CZ 500 ripstop černá', 83.000, 'm2', 'EXT'),
('FBRK000043', 'Cordura CZ 500 ripstop černá', 39.000, 'm2', 'SKL'),
('FBRK000044', 'Cordura CZ 500 ripstop khaki', 45.000, 'm2', 'DIL'),
('FBRK000044', 'Cordura CZ 500 ripstop khaki', 56.000, 'm2', 'EXT'),
('FBRK000044', 'Cordura CZ 500 ripstop khaki', 31.000, 'm2', 'SKL'),
('FBRK000045', 'Cordura Belgická \"UKORET\" 1100 černá', 20.000, 'm2', 'DIL'),
('FBRK000045', 'Cordura Belgická \"UKORET\" 1100 černá', 72.000, 'm2', 'EXT'),
('FBRK000045', 'Cordura Belgická \"UKORET\" 1100 černá', 69.000, 'm2', 'SKL'),
('FBRK000046', 'Cordura DE 1100 černá AC zátěr', 46.000, 'm2', 'DIL'),
('FBRK000046', 'Cordura DE 1100 černá AC zátěr', 30.000, 'm2', 'EXT'),
('FBRK000046', 'Cordura DE 1100 černá AC zátěr', 57.000, 'm2', 'SKL'),
('FBRK000047', 'Cordura DE 1100 navy AC zátěr', 1.000, 'm2', 'DIL'),
('FBRK000047', 'Cordura DE 1100 navy AC zátěr', 46.000, 'm2', 'EXT'),
('FBRK000047', 'Cordura DE 1100 navy AC zátěr', 75.000, 'm2', 'SKL'),
('FBRK000048', 'Cordura DE 1100 oranžová AC zátěr', 11.000, 'm2', 'DIL'),
('FBRK000048', 'Cordura DE 1100 oranžová AC zátěr', 29.000, 'm2', 'EXT'),
('FBRK000048', 'Cordura DE 1100 oranžová AC zátěr', 96.000, 'm2', 'SKL'),
('FBRK000049', 'Cordura DE 1100 červená AC zátěr', 63.000, 'm2', 'DIL'),
('FBRK000049', 'Cordura DE 1100 červená AC zátěr', 69.000, 'm2', 'EXT'),
('FBRK000049', 'Cordura DE 1100 červená AC zátěr', 16.000, 'm2', 'SKL'),
('FBRK000050', 'Cordura DE 1100 modrá AC zátěr', 83.000, 'm2', 'DIL'),
('FBRK000050', 'Cordura DE 1100 modrá AC zátěr', 89.000, 'm2', 'EXT'),
('FBRK000050', 'Cordura DE 1100 modrá AC zátěr', 29.000, 'm2', 'SKL'),
('FBRK000051', 'Cordura DE 1100 žlutá AC zátěr', 70.000, 'm2', 'DIL'),
('FBRK000051', 'Cordura DE 1100 žlutá AC zátěr', 23.000, 'm2', 'EXT'),
('FBRK000051', 'Cordura DE 1100 žlutá AC zátěr', 26.000, 'm2', 'SKL'),
('FBRK000052', 'Cordura DE 1100 ecru AC zátěr', 6.000, 'm2', 'DIL'),
('FBRK000052', 'Cordura DE 1100 ecru AC zátěr', 85.000, 'm2', 'EXT'),
('FBRK000052', 'Cordura DE 1100 ecru AC zátěr', 87.000, 'm2', 'SKL'),
('FBRK000053', 'Cordura DE 1100 tmavě šedá AC zátěr', 73.000, 'm2', 'DIL'),
('FBRK000053', 'Cordura DE 1100 tmavě šedá AC zátěr', 27.000, 'm2', 'EXT'),
('FBRK000053', 'Cordura DE 1100 tmavě šedá AC zátěr', 19.000, 'm2', 'SKL'),
('FBRK000054', 'Cordura DE 1100 khaki AC zátěr', 54.000, 'm2', 'DIL'),
('FBRK000054', 'Cordura DE 1100 khaki AC zátěr', 51.000, 'm2', 'EXT'),
('FBRK000054', 'Cordura DE 1100 khaki AC zátěr', 95.000, 'm2', 'SKL'),
('FBRK000055', 'Cordura DE 1100 kávová AC zátěr', 32.000, 'm2', 'DIL'),
('FBRK000055', 'Cordura DE 1100 kávová AC zátěr', 72.000, 'm2', 'EXT'),
('FBRK000055', 'Cordura DE 1100 kávová AC zátěr', 73.000, 'm2', 'SKL'),
('FBRK000056', 'Cordura DE 1100 trávově zelená AC zátěr', 9.000, 'm2', 'DIL'),
('FBRK000056', 'Cordura DE 1100 trávově zelená AC zátěr', 92.000, 'm2', 'EXT'),
('FBRK000056', 'Cordura DE 1100 trávově zelená AC zátěr', 80.000, 'm2', 'SKL'),
('FBRK000057', 'Cordura DE 1100 coyote AC zátěr', 41.000, 'm2', 'DIL'),
('FBRK000057', 'Cordura DE 1100 coyote AC zátěr', 96.000, 'm2', 'EXT'),
('FBRK000057', 'Cordura DE 1100 coyote AC zátěr', 59.000, 'm2', 'SKL'),
('FBRK000058', 'Cordura DE 1100 jarní zelená AC zátěr', 43.000, 'm2', 'DIL'),
('FBRK000058', 'Cordura DE 1100 jarní zelená AC zátěr', 2.000, 'm2', 'EXT'),
('FBRK000058', 'Cordura DE 1100 jarní zelená AC zátěr', 9.000, 'm2', 'SKL'),
('FBRK000059', 'Cordura DE 1100 tan AC zátěr', 28.000, 'm2', 'DIL'),
('FBRK000059', 'Cordura DE 1100 tan AC zátěr', 76.000, 'm2', 'EXT'),
('FBRK000059', 'Cordura DE 1100 tan AC zátěr', 83.000, 'm2', 'SKL'),
('FBRK000060', 'Cordura DE 1100 akvamarin AC zátěr', 3.000, 'm2', 'DIL'),
('FBRK000060', 'Cordura DE 1100 akvamarin AC zátěr', 60.000, 'm2', 'EXT'),
('FBRK000060', 'Cordura DE 1100 akvamarin AC zátěr', 24.000, 'm2', 'SKL'),
('FBRK000061', 'Cordura DE 1100 khaki PVC zátěr', 8.000, 'm2', 'DIL'),
('FBRK000061', 'Cordura DE 1100 khaki PVC zátěr', 70.000, 'm2', 'EXT'),
('FBRK000061', 'Cordura DE 1100 khaki PVC zátěr', 51.000, 'm2', 'SKL'),
('FBRK000062', 'Cordura DE 1100 šedá AC zátěr', 86.000, 'm2', 'DIL'),
('FBRK000062', 'Cordura DE 1100 šedá AC zátěr', 22.000, 'm2', 'EXT'),
('FBRK000062', 'Cordura DE 1100 šedá AC zátěr', 63.000, 'm2', 'SKL'),
('FBRK000063', 'Cordura DE 1100 fialová AC zátěr', 34.000, 'm2', 'DIL'),
('FBRK000063', 'Cordura DE 1100 fialová AC zátěr', 0.000, 'm2', 'EXT'),
('FBRK000063', 'Cordura DE 1100 fialová AC zátěr', 7.000, 'm2', 'SKL'),
('FBRK000064', 'Cordura DE 1100 zlatá AC zátěr', 54.000, 'm2', 'DIL'),
('FBRK000064', 'Cordura DE 1100 zlatá AC zátěr', 68.000, 'm2', 'EXT'),
('FBRK000064', 'Cordura DE 1100 zlatá AC zátěr', 55.000, 'm2', 'SKL'),
('FBRK000065', 'Cordura DE 1100 tmavě zelená AC zátěr', 96.000, 'm2', 'DIL'),
('FBRK000065', 'Cordura DE 1100 tmavě zelená AC zátěr', 12.000, 'm2', 'EXT'),
('FBRK000065', 'Cordura DE 1100 tmavě zelená AC zátěr', 36.000, 'm2', 'SKL'),
('FBRK000066', 'Cordura DE 1100 armádní zelená AC zátěr', 35.000, 'm2', 'DIL'),
('FBRK000066', 'Cordura DE 1100 armádní zelená AC zátěr', 89.000, 'm2', 'EXT'),
('FBRK000066', 'Cordura DE 1100 armádní zelená AC zátěr', 50.000, 'm2', 'SKL'),
('FBRK000067', 'Cordura DE 1100 olivově zelená AC zátěr', 7.000, 'm2', 'DIL'),
('FBRK000067', 'Cordura DE 1100 olivově zelená AC zátěr', 31.000, 'm2', 'EXT'),
('FBRK000067', 'Cordura DE 1100 olivově zelená AC zátěr', 58.000, 'm2', 'SKL'),
('FBRK000068', 'Cordura DE 1100 růžová AC zátěr', 70.000, 'm2', 'DIL'),
('FBRK000068', 'Cordura DE 1100 růžová AC zátěr', 27.000, 'm2', 'EXT'),
('FBRK000068', 'Cordura DE 1100 růžová AC zátěr', 47.000, 'm2', 'SKL'),
('FBRK000069', 'Cordura CZ 500 černá PU zátěr', 56.000, 'm2', 'DIL'),
('FBRK000069', 'Cordura CZ 500 černá PU zátěr', 45.000, 'm2', 'EXT'),
('FBRK000069', 'Cordura CZ 500 černá PU zátěr', 12.000, 'm2', 'SKL'),
('FBRK000070', 'Cordura DE 500 černá PU zátěr', 100.000, 'm2', 'DIL'),
('FBRK000070', 'Cordura DE 500 černá PU zátěr', 91.000, 'm2', 'EXT'),
('FBRK000070', 'Cordura DE 500 černá PU zátěr', 83.000, 'm2', 'SKL'),
('FBRK000071', 'Cordura DE 500 navy AC zátěr', 42.000, 'm2', 'DIL'),
('FBRK000071', 'Cordura DE 500 navy AC zátěr', 27.000, 'm2', 'EXT'),
('FBRK000071', 'Cordura DE 500 navy AC zátěr', 73.000, 'm2', 'SKL'),
('FBRK000072', 'Cordura DE 500 oranžová AC zátěr', 38.000, 'm2', 'DIL'),
('FBRK000072', 'Cordura DE 500 oranžová AC zátěr', 70.000, 'm2', 'EXT'),
('FBRK000072', 'Cordura DE 500 oranžová AC zátěr', 9.000, 'm2', 'SKL'),
('FBRK000073', 'Cordura DE 500 žlutá AC zátěr', 27.000, 'm2', 'DIL'),
('FBRK000073', 'Cordura DE 500 žlutá AC zátěr', 93.000, 'm2', 'EXT'),
('FBRK000073', 'Cordura DE 500 žlutá AC zátěr', 27.000, 'm2', 'SKL'),
('FBRK000074', 'Cordura DE 500 bílá AC zátěr', 59.000, 'm2', 'DIL'),
('FBRK000074', 'Cordura DE 500 bílá AC zátěr', 37.000, 'm2', 'EXT'),
('FBRK000074', 'Cordura DE 500 bílá AC zátěr', 65.000, 'm2', 'SKL'),
('FBRK000075', 'Cordura DE 500 světle modrá AC zátěr', 24.000, 'm2', 'DIL'),
('FBRK000075', 'Cordura DE 500 světle modrá AC zátěr', 49.000, 'm2', 'EXT'),
('FBRK000075', 'Cordura DE 500 světle modrá AC zátěr', 16.000, 'm2', 'SKL'),
('FBRK000076', 'Cordura DE 500 šedá AC zátěr', 25.000, 'm2', 'DIL'),
('FBRK000076', 'Cordura DE 500 šedá AC zátěr', 95.000, 'm2', 'EXT'),
('FBRK000076', 'Cordura DE 500 šedá AC zátěr', 28.000, 'm2', 'SKL'),
('FBRK000077', 'Cordura DE 500 tmavě šedá/zelená AC zátěr', 32.000, 'm2', 'DIL'),
('FBRK000077', 'Cordura DE 500 tmavě šedá/zelená AC zátěr', 19.000, 'm2', 'EXT'),
('FBRK000077', 'Cordura DE 500 tmavě šedá/zelená AC zátěr', 70.000, 'm2', 'SKL'),
('FBRK000078', 'Cordura DE 500 hnědá AC zátěr', 88.000, 'm2', 'DIL'),
('FBRK000078', 'Cordura DE 500 hnědá AC zátěr', 20.000, 'm2', 'EXT'),
('FBRK000078', 'Cordura DE 500 hnědá AC zátěr', 5.000, 'm2', 'SKL'),
('FBRK000079', 'Cordura DE 500 zářivě žlutá AC zátěr', 35.000, 'm2', 'DIL'),
('FBRK000079', 'Cordura DE 500 zářivě žlutá AC zátěr', 74.000, 'm2', 'EXT'),
('FBRK000079', 'Cordura DE 500 zářivě žlutá AC zátěr', 68.000, 'm2', 'SKL'),
('FBRK000080', 'Cordura DE 500 blankytně modrá AC zátěr', 74.000, 'm2', 'DIL'),
('FBRK000080', 'Cordura DE 500 blankytně modrá AC zátěr', 22.000, 'm2', 'EXT'),
('FBRK000080', 'Cordura DE 500 blankytně modrá AC zátěr', 42.000, 'm2', 'SKL'),
('FBRK000081', 'Cordura DE 500 světle šedá AC zátěr', 6.000, 'm2', 'DIL'),
('FBRK000081', 'Cordura DE 500 světle šedá AC zátěr', 64.000, 'm2', 'EXT'),
('FBRK000081', 'Cordura DE 500 světle šedá AC zátěr', 24.000, 'm2', 'SKL'),
('FBRK000082', 'Cordura DE 500 červená AC zátěr', 85.000, 'm2', 'DIL'),
('FBRK000082', 'Cordura DE 500 červená AC zátěr', 67.000, 'm2', 'EXT'),
('FBRK000082', 'Cordura DE 500 červená AC zátěr', 39.000, 'm2', 'SKL'),
('FBRK000083', 'Cordura DE 500 khaki AC zátěr', 40.000, 'm2', 'DIL'),
('FBRK000083', 'Cordura DE 500 khaki AC zátěr', 58.000, 'm2', 'EXT'),
('FBRK000083', 'Cordura DE 500 khaki AC zátěr', 25.000, 'm2', 'SKL'),
('FBRK000084', 'Cordura DE 500 vínová AC zátěr', 21.000, 'm2', 'DIL'),
('FBRK000084', 'Cordura DE 500 vínová AC zátěr', 12.000, 'm2', 'EXT'),
('FBRK000084', 'Cordura DE 500 vínová AC zátěr', 74.000, 'm2', 'SKL'),
('FBRK000085', 'Cordura DE 500 tan AC zátěr', 14.000, 'm2', 'DIL'),
('FBRK000085', 'Cordura DE 500 tan AC zátěr', 66.000, 'm2', 'EXT'),
('FBRK000085', 'Cordura DE 500 tan AC zátěr', 13.000, 'm2', 'SKL'),
('FBRK000086', 'Xpac VX21 black', 12.000, 'm2', 'DIL'),
('FBRK000086', 'Xpac VX21 black', 28.000, 'm2', 'EXT'),
('FBRK000086', 'Xpac VX21 black', 72.000, 'm2', 'SKL'),
('FBRK000087', 'Xpac VX21 purple', 26.000, 'm2', 'DIL'),
('FBRK000087', 'Xpac VX21 purple', 85.000, 'm2', 'EXT'),
('FBRK000087', 'Xpac VX21 purple', 57.000, 'm2', 'SKL'),
('FBRK000088', 'Xpac VX21 yellow', 91.000, 'm2', 'DIL'),
('FBRK000088', 'Xpac VX21 yellow', 75.000, 'm2', 'EXT'),
('FBRK000088', 'Xpac VX21 yellow', 91.000, 'm2', 'SKL'),
('FBRK000089', 'Xpac VX21 white', 55.000, 'm2', 'DIL'),
('FBRK000089', 'Xpac VX21 white', 96.000, 'm2', 'EXT'),
('FBRK000089', 'Xpac VX21 white', 19.000, 'm2', 'SKL'),
('FBRK000090', 'Xpac RX36/DWR black', 62.000, 'm2', 'DIL'),
('FBRK000090', 'Xpac RX36/DWR black', 49.000, 'm2', 'EXT'),
('FBRK000090', 'Xpac RX36/DWR black', 43.000, 'm2', 'SKL'),
('FBRK000091', 'Xpac RX36/DWR white', 71.000, 'm2', 'DIL'),
('FBRK000091', 'Xpac RX36/DWR white', 12.000, 'm2', 'EXT'),
('FBRK000091', 'Xpac RX36/DWR white', 15.000, 'm2', 'SKL'),
('FBRK000092', 'Xpac RX30/DWR black', 35.000, 'm2', 'DIL'),
('FBRK000092', 'Xpac RX30/DWR black', 55.000, 'm2', 'EXT'),
('FBRK000092', 'Xpac RX30/DWR black', 7.000, 'm2', 'SKL'),
('FBRK000093', 'Xpac RX15/DWR white', 84.000, 'm2', 'DIL'),
('FBRK000093', 'Xpac RX15/DWR white', 58.000, 'm2', 'EXT'),
('FBRK000093', 'Xpac RX15/DWR white', 84.000, 'm2', 'SKL'),
('FBRK000094', 'Xpac VX07 RS black (ripstop)', 79.000, 'm2', 'DIL'),
('FBRK000094', 'Xpac VX07 RS black (ripstop)', 45.000, 'm2', 'EXT'),
('FBRK000094', 'Xpac VX07 RS black (ripstop)', 60.000, 'm2', 'SKL'),
('FBRK000095', 'Xpac X10/DWR naturale', 81.000, 'm2', 'DIL'),
('FBRK000095', 'Xpac X10/DWR naturale', 49.000, 'm2', 'EXT'),
('FBRK000095', 'Xpac X10/DWR naturale', 82.000, 'm2', 'SKL'),
('FBRK000096', 'Xpac LS21 grey', 24.000, 'm2', 'DIL'),
('FBRK000096', 'Xpac LS21 grey', 45.000, 'm2', 'EXT'),
('FBRK000096', 'Xpac LS21 grey', 72.000, 'm2', 'SKL'),
('FBRK000097', 'Xpac LS21 black', 53.000, 'ks', 'DIL'),
('FBRK000097', 'Xpac LS21 black', 58.000, 'ks', 'EXT'),
('FBRK000097', 'Xpac LS21 black', 53.000, 'ks', 'SKL'),
('FBRK000098', 'Patrik Antzcak tisk', 14.000, 'm2', 'DIL'),
('FBRK000098', 'Patrik Antzcak tisk', 65.000, 'm2', 'EXT'),
('FBRK000098', 'Patrik Antzcak tisk', 88.000, 'm2', 'SKL'),
('FBRK000099', 'Paperjoe tisk', 6.000, 'm2', 'DIL'),
('FBRK000099', 'Paperjoe tisk', 58.000, 'm2', 'EXT'),
('FBRK000099', 'Paperjoe tisk', 76.000, 'm2', 'SKL'),
('FBRK000100', 'Bavlna CZ černá', 54.000, 'm2', 'DIL'),
('FBRK000100', 'Bavlna CZ černá', 7.000, 'm2', 'EXT'),
('FBRK000100', 'Bavlna CZ černá', 9.000, 'm2', 'SKL'),
('FBRK000101', 'Bavlna IT impregnace černá', 94.000, 'm2', 'DIL'),
('FBRK000101', 'Bavlna IT impregnace černá', 10.000, 'm2', 'EXT'),
('FBRK000101', 'Bavlna IT impregnace černá', 53.000, 'm2', 'SKL'),
('FBRK000102', 'Bavlna IT oranžová', 95.000, 'm2', 'DIL'),
('FBRK000102', 'Bavlna IT oranžová', 90.000, 'm2', 'EXT'),
('FBRK000102', 'Bavlna IT oranžová', 54.000, 'm2', 'SKL'),
('FBRK000103', 'Bavlna CZ khaki', 36.000, 'm2', 'DIL'),
('FBRK000103', 'Bavlna CZ khaki', 91.000, 'm2', 'EXT'),
('FBRK000103', 'Bavlna CZ khaki', 4.000, 'm2', 'SKL'),
('FBRK000104', 'Bavlna IT přírodní', 45.000, 'm2', 'DIL'),
('FBRK000104', 'Bavlna IT přírodní', 2.000, 'm2', 'EXT'),
('FBRK000104', 'Bavlna IT přírodní', 79.000, 'm2', 'SKL'),
('FBRK000105', 'Bavlna CZ přírodn', 42.000, 'm2', 'DIL'),
('FBRK000105', 'Bavlna CZ přírodn', 53.000, 'm2', 'EXT'),
('FBRK000105', 'Bavlna CZ přírodn', 90.000, 'm2', 'SKL'),
('FBRK000106', 'Bavlna CZ žlutá', 90.000, 'm2', 'DIL'),
('FBRK000106', 'Bavlna CZ žlutá', 29.000, 'm2', 'EXT'),
('FBRK000106', 'Bavlna CZ žlutá', 43.000, 'm2', 'SKL'),
('FBRK000107', 'Bavlna CZ tmavě žlutá', 73.000, 'm2', 'DIL'),
('FBRK000107', 'Bavlna CZ tmavě žlutá', 88.000, 'm2', 'EXT'),
('FBRK000107', 'Bavlna CZ tmavě žlutá', 95.000, 'm2', 'SKL'),
('FBRK000108', 'Bavlna CZ magenta', 82.000, 'm2', 'DIL'),
('FBRK000108', 'Bavlna CZ magenta', 84.000, 'm2', 'EXT'),
('FBRK000108', 'Bavlna CZ magenta', 90.000, 'm2', 'SKL'),
('FBRK000109', 'Bavlna CZ červená', 56.000, 'm2', 'DIL'),
('FBRK000109', 'Bavlna CZ červená', 6.000, 'm2', 'EXT'),
('FBRK000109', 'Bavlna CZ červená', 14.000, 'm2', 'SKL'),
('FBRK000110', 'Bavlna CZ modrá', 93.000, 'm2', 'DIL'),
('FBRK000110', 'Bavlna CZ modrá', 29.000, 'm2', 'EXT'),
('FBRK000110', 'Bavlna CZ modrá', 49.000, 'm2', 'SKL'),
('FBRK000111', 'Bavlna England (monocle) khaki', 92.000, 'm2', 'DIL'),
('FBRK000111', 'Bavlna England (monocle) khaki', 20.000, 'm2', 'EXT'),
('FBRK000111', 'Bavlna England (monocle) khaki', 31.000, 'm2', 'SKL'),
('FBRK000112', 'Bavlna England (monocle) navy', 79.000, 'm2', 'DIL'),
('FBRK000112', 'Bavlna England (monocle) navy', 49.000, 'm2', 'EXT'),
('FBRK000112', 'Bavlna England (monocle) navy', 49.000, 'm2', 'SKL'),
('FBRK000113', 'Bavlna IT šedá', 72.000, 'm2', 'DIL'),
('FBRK000113', 'Bavlna IT šedá', 92.000, 'm2', 'EXT'),
('FBRK000113', 'Bavlna IT šedá', 42.000, 'm2', 'SKL'),
('FBRK000114', 'podložení molitanu záda', 76.000, 'm2', 'DIL'),
('FBRK000114', 'podložení molitanu záda', 71.000, 'm2', 'EXT'),
('FBRK000114', 'podložení molitanu záda', 82.000, 'm2', 'SKL'),
('FLNG000001', 'Molitan 2 cm', 75.000, 'm2', 'DIL'),
('FLNG000001', 'Molitan 2 cm', 14.000, 'm2', 'EXT'),
('FLNG000001', 'Molitan 2 cm', 61.000, 'm2', 'SKL'),
('FLNG000002', 'EVA pěna 10 mm', 8.000, 'm2', 'DIL'),
('FLNG000002', 'EVA pěna 10 mm', 2.000, 'm2', 'EXT'),
('FLNG000002', 'EVA pěna 10 mm', 26.000, 'm2', 'SKL'),
('FLNG000003', 'Eva pěna 6 mm', 57.000, 'm2', 'DIL'),
('FLNG000003', 'Eva pěna 6 mm', 2.000, 'm2', 'EXT'),
('FLNG000003', 'Eva pěna 6 mm', 42.000, 'm2', 'SKL'),
('FLNG000004', 'Eva pěna 2 mm', 89.000, 'm2', 'DIL'),
('FLNG000004', 'Eva pěna 2 mm', 59.000, 'm2', 'EXT'),
('FLNG000004', 'Eva pěna 2 mm', 5.000, 'm2', 'SKL'),
('HRDW000001', 'YKK samice 25 mm černá', 50.000, 'ks', 'DIL'),
('HRDW000001', 'YKK samice 25 mm černá', 10.000, 'ks', 'EXT'),
('HRDW000001', 'YKK samice 25 mm černá', 84.000, 'ks', 'SKL'),
('HRDW000002', 'YKK samec 25 mm černá', 93.000, 'ks', 'DIL'),
('HRDW000002', 'YKK samec 25 mm černá', 89.000, 'ks', 'EXT'),
('HRDW000002', 'YKK samec 25 mm černá', 4.000, 'ks', 'SKL'),
('HRDW000003', 'YKK samec 25 mm černá EVO', 20.000, 'ks', 'DIL'),
('HRDW000003', 'YKK samec 25 mm černá EVO', 83.000, 'ks', 'EXT'),
('HRDW000003', 'YKK samec 25 mm černá EVO', 56.000, 'ks', 'SKL'),
('HRDW000004', 'YKK samice 25 mm černá EVO', 11.000, 'ks', 'DIL'),
('HRDW000004', 'YKK samice 25 mm černá EVO', 33.000, 'ks', 'EXT'),
('HRDW000004', 'YKK samice 25 mm černá EVO', 28.000, 'ks', 'SKL'),
('HRDW000005', 'YKK samice 20 mm černá', 71.000, 'ks', 'DIL'),
('HRDW000005', 'YKK samice 20 mm černá', 44.000, 'ks', 'EXT'),
('HRDW000005', 'YKK samice 20 mm černá', 76.000, 'ks', 'SKL'),
('HRDW000006', 'YKK samec 20 mm černá', 19.000, 'ks', 'DIL'),
('HRDW000006', 'YKK samec 20 mm černá', 85.000, 'ks', 'EXT'),
('HRDW000006', 'YKK samec 20 mm černá', 43.000, 'ks', 'SKL'),
('HRDW000007', 'YKK samec 16 mm černá', 83.000, 'ks', 'DIL'),
('HRDW000007', 'YKK samec 16 mm černá', 26.000, 'ks', 'EXT'),
('HRDW000007', 'YKK samec 16 mm černá', 73.000, 'ks', 'SKL'),
('HRDW000008', 'YKK samice 16 mm černá', 62.000, 'ks', 'DIL'),
('HRDW000008', 'YKK samice 16 mm černá', 6.000, 'ks', 'EXT'),
('HRDW000008', 'YKK samice 16 mm černá', 73.000, 'ks', 'SKL'),
('HRDW000009', 'YKK žebříček 16 mm černá', 38.000, 'ks', 'DIL'),
('HRDW000009', 'YKK žebříček 16 mm černá', 23.000, 'ks', 'EXT'),
('HRDW000009', 'YKK žebříček 16 mm černá', 2.000, 'ks', 'SKL'),
('HRDW000010', 'YKK žebříček 20 mm černá', 57.000, 'ks', 'DIL'),
('HRDW000010', 'YKK žebříček 20 mm černá', 63.000, 'ks', 'EXT'),
('HRDW000010', 'YKK žebříček 20 mm černá', 61.000, 'ks', 'SKL'),
('HRDW000011', 'YKK žebříček 25 mm černá', 99.000, 'ks', 'DIL'),
('HRDW000011', 'YKK žebříček 25 mm černá', 42.000, 'ks', 'EXT'),
('HRDW000011', 'YKK žebříček 25 mm černá', 50.000, 'ks', 'SKL'),
('HRDW000012', 'YKK žebříček 25 mm černá WICKER', 69.000, 'ks', 'DIL'),
('HRDW000012', 'YKK žebříček 25 mm černá WICKER', 60.000, 'ks', 'EXT'),
('HRDW000012', 'YKK žebříček 25 mm černá WICKER', 82.000, 'ks', 'SKL'),
('HRDW000013', 'YKK očko 18 mm černá', 65.000, 'ks', 'DIL'),
('HRDW000013', 'YKK očko 18 mm černá', 91.000, 'ks', 'EXT'),
('HRDW000013', 'YKK očko 18 mm černá', 46.000, 'ks', 'SKL'),
('HRDW000014', 'YKK očko 20 mm černá', 73.000, 'ks', 'DIL'),
('HRDW000014', 'YKK očko 20 mm černá', 56.000, 'ks', 'EXT'),
('HRDW000014', 'YKK očko 20 mm černá', 83.000, 'ks', 'SKL'),
('HRDW000015', 'YKK očko 25 mm černá', 96.000, 'ks', 'DIL'),
('HRDW000015', 'YKK očko 25 mm černá', 6.000, 'ks', 'EXT'),
('HRDW000015', 'YKK očko 25 mm černá', 27.000, 'ks', 'SKL'),
('HRDW000016', 'YKK očko 40 mm černá', 61.000, 'ks', 'DIL'),
('HRDW000016', 'YKK očko 40 mm černá', 89.000, 'ks', 'EXT'),
('HRDW000016', 'YKK očko 40 mm černá', 76.000, 'ks', 'SKL'),
('HRDW000017', 'YKK zip černý pogumovaný', 82.000, 'ks', 'DIL'),
('HRDW000017', 'YKK zip černý pogumovaný', 33.000, 'ks', 'EXT'),
('HRDW000017', 'YKK zip černý pogumovaný', 81.000, 'ks', 'SKL'),
('HRDW000018', 'YKK 5 zip černý reverzní', 1.000, 'ks', 'DIL'),
('HRDW000018', 'YKK 5 zip černý reverzní', 13.000, 'ks', 'EXT'),
('HRDW000018', 'YKK 5 zip černý reverzní', 29.000, 'ks', 'SKL'),
('HRDW000019', 'YKK jezdec 5E černá', 74.000, 'ks', 'DIL'),
('HRDW000019', 'YKK jezdec 5E černá', 2.000, 'ks', 'EXT'),
('HRDW000019', 'YKK jezdec 5E černá', 36.000, 'ks', 'SKL'),
('HRDW000020', 'YKK jezdec 5EJ černá', 4.000, 'ks', 'DIL'),
('HRDW000020', 'YKK jezdec 5EJ černá', 94.000, 'ks', 'EXT'),
('HRDW000020', 'YKK jezdec 5EJ černá', 38.000, 'ks', 'SKL'),
('HRDW000021', 'YKK klíčenka černá', 27.000, 'ks', 'DIL'),
('HRDW000021', 'YKK klíčenka černá', 12.000, 'ks', 'EXT'),
('HRDW000021', 'YKK klíčenka černá', 57.000, 'ks', 'SKL'),
('HRDW000022', 'YKK D-kroužek černá', 22.000, 'ks', 'DIL'),
('HRDW000022', 'YKK D-kroužek černá', 6.000, 'ks', 'EXT'),
('HRDW000022', 'YKK D-kroužek černá', 52.000, 'ks', 'SKL'),
('HRDW000023', 'YKK karabina černá', 12.000, 'ks', 'DIL'),
('HRDW000023', 'YKK karabina černá', 34.000, 'ks', 'EXT'),
('HRDW000023', 'YKK karabina černá', 19.000, 'ks', 'SKL'),
('HRDW000024', 'YKK trojzubec 50 mm černá (samec+samice)', 14.000, 'ks', 'DIL'),
('HRDW000024', 'YKK trojzubec 50 mm černá (samec+samice)', 23.000, 'ks', 'EXT'),
('HRDW000024', 'YKK trojzubec 50 mm černá (samec+samice)', 24.000, 'ks', 'SKL'),
('HRDW000025', 'YKK bikeroller přezka', 87.000, 'ks', 'DIL'),
('HRDW000025', 'YKK bikeroller přezka', 54.000, 'ks', 'EXT'),
('HRDW000025', 'YKK bikeroller přezka', 76.000, 'ks', 'SKL'),
('HRDW000026', 'YKK jezdec 5E bílý', 29.000, 'ks', 'DIL'),
('HRDW000026', 'YKK jezdec 5E bílý', 76.000, 'ks', 'EXT'),
('HRDW000026', 'YKK jezdec 5E bílý', 93.000, 'ks', 'SKL'),
('HRDW000027', 'YKK průvleky 20 mm', 17.000, 'ks', 'DIL'),
('HRDW000027', 'YKK průvleky 20 mm', 60.000, 'ks', 'EXT'),
('HRDW000027', 'YKK průvleky 20 mm', 83.000, 'ks', 'SKL'),
('HRDW000028', 'trojzubec 40 mm černá (samec+samice)', 48.000, 'ks', 'DIL'),
('HRDW000028', 'trojzubec 40 mm černá (samec+samice)', 96.000, 'ks', 'EXT'),
('HRDW000028', 'trojzubec 40 mm černá (samec+samice)', 87.000, 'ks', 'SKL'),
('HRDW000029', 'žebříček 40 mm černá CROSSBODY', 28.000, 'ks', 'DIL'),
('HRDW000029', 'žebříček 40 mm černá CROSSBODY', 99.000, 'ks', 'EXT'),
('HRDW000029', 'žebříček 40 mm černá CROSSBODY', 18.000, 'ks', 'SKL'),
('HRDW000030', 'YKK zip 28 cm žlutý', 29.000, 'ks', 'DIL'),
('HRDW000030', 'YKK zip 28 cm žlutý', 93.000, 'ks', 'EXT'),
('HRDW000030', 'YKK zip 28 cm žlutý', 62.000, 'ks', 'SKL'),
('HRDW000031', 'YKK zip 28 cm bílý', 45.000, 'ks', 'DIL'),
('HRDW000031', 'YKK zip 28 cm bílý', 46.000, 'ks', 'EXT'),
('HRDW000031', 'YKK zip 28 cm bílý', 97.000, 'ks', 'SKL'),
('HRDW000032', 'YKK zip kovový 18 cm černý', 92.000, 'ks', 'DIL'),
('HRDW000032', 'YKK zip kovový 18 cm černý', 99.000, 'ks', 'EXT'),
('HRDW000032', 'YKK zip kovový 18 cm černý', 61.000, 'ks', 'SKL'),
('HRDW000033', 'YKK zip kovový 18 cm bílý', 71.000, 'ks', 'DIL'),
('HRDW000033', 'YKK zip kovový 18 cm bílý', 50.000, 'ks', 'EXT'),
('HRDW000033', 'YKK zip kovový 18 cm bílý', 65.000, 'ks', 'SKL'),
('HRDW000034', 'zip kovový 18 cm černý', 2.000, 'ks', 'DIL'),
('HRDW000034', 'zip kovový 18 cm černý', 6.000, 'ks', 'EXT'),
('HRDW000034', 'zip kovový 18 cm černý', 52.000, 'ks', 'SKL'),
('HRDW000035', 'YKK zip spirálový reverzní 5 CI černá', 56.000, 'm', 'DIL'),
('HRDW000035', 'YKK zip spirálový reverzní 5 CI černá', 72.000, 'm', 'EXT'),
('HRDW000035', 'YKK zip spirálový reverzní 5 CI černá', 19.000, 'm', 'SKL'),
('HRDW000036', 'Fidlock V-BUCKLE 20 mm jednostranně nastavitelná', 4.000, 'ks', 'DIL'),
('HRDW000036', 'Fidlock V-BUCKLE 20 mm jednostranně nastavitelná', 87.000, 'ks', 'EXT'),
('HRDW000036', 'Fidlock V-BUCKLE 20 mm jednostranně nastavitelná', 82.000, 'ks', 'SKL'),
('HRDW000037', 'Fidlock V-BUCKLE 25 mm jednostranně nastavitelná', 55.000, 'ks', 'DIL'),
('HRDW000037', 'Fidlock V-BUCKLE 25 mm jednostranně nastavitelná', 49.000, 'ks', 'EXT'),
('HRDW000037', 'Fidlock V-BUCKLE 25 mm jednostranně nastavitelná', 30.000, 'ks', 'SKL'),
('HRDW000038', 'Fidlock V-BUCKLE 40 LL 40 mm nastavitelná černá', 88.000, 'ks', 'DIL'),
('HRDW000038', 'Fidlock V-BUCKLE 40 LL 40 mm nastavitelná černá', 3.000, 'ks', 'EXT'),
('HRDW000038', 'Fidlock V-BUCKLE 40 LL 40 mm nastavitelná černá', 72.000, 'ks', 'SKL'),
('HRDW000039', 'Fidlock V-BUCKLE 40 SB 40 mm fix černá', 84.000, 'ks', 'DIL'),
('HRDW000039', 'Fidlock V-BUCKLE 40 SB 40 mm fix černá', 61.000, 'ks', 'EXT'),
('HRDW000039', 'Fidlock V-BUCKLE 40 SB 40 mm fix černá', 99.000, 'ks', 'SKL'),
('HRDW000040', 'Fidlock HOOK 40 belt LL', 29.000, 'ks', 'DIL'),
('HRDW000040', 'Fidlock HOOK 40 belt LL', 66.000, 'ks', 'EXT'),
('HRDW000040', 'Fidlock HOOK 40 belt LL', 71.000, 'ks', 'SKL'),
('HRDW000041', 'Fidlock přezka 20 mm stříbrná', 26.000, 'ks', 'DIL'),
('HRDW000041', 'Fidlock přezka 20 mm stříbrná', 48.000, 'ks', 'EXT'),
('HRDW000041', 'Fidlock přezka 20 mm stříbrná', 16.000, 'ks', 'SKL'),
('HRDW000042', 'Fidlock Stripe X3', 91.000, 'ks', 'DIL'),
('HRDW000042', 'Fidlock Stripe X3', 25.000, 'ks', 'EXT'),
('HRDW000042', 'Fidlock Stripe X3', 43.000, 'ks', 'SKL'),
('HRDW000043', 'Fidlock Coinstrap 15 mm na helmu', 5.000, 'ks', 'DIL'),
('HRDW000043', 'Fidlock Coinstrap 15 mm na helmu', 39.000, 'ks', 'EXT'),
('HRDW000043', 'Fidlock Coinstrap 15 mm na helmu', 71.000, 'ks', 'SKL'),
('HRDW000044', 'Fidlock SNAP špuntík samec M kulatá nízká černá', 61.000, 'ks', 'DIL'),
('HRDW000044', 'Fidlock SNAP špuntík samec M kulatá nízká černá', 90.000, 'ks', 'EXT'),
('HRDW000044', 'Fidlock SNAP špuntík samec M kulatá nízká černá', 27.000, 'ks', 'SKL'),
('HRDW000045', 'Fidlock SNAP špuntík samice M kulatá nízká černá', 76.000, 'ks', 'DIL'),
('HRDW000045', 'Fidlock SNAP špuntík samice M kulatá nízká černá', 18.000, 'ks', 'EXT'),
('HRDW000045', 'Fidlock SNAP špuntík samice M kulatá nízká černá', 53.000, 'ks', 'SKL'),
('HRDW000046', 'Fidlock SNAP samec S na gumičku', 51.000, 'ks', 'DIL'),
('HRDW000046', 'Fidlock SNAP samec S na gumičku', 11.000, 'ks', 'EXT'),
('HRDW000046', 'Fidlock SNAP samec S na gumičku', 16.000, 'ks', 'SKL'),
('HRDW000047', 'Fidlock SNAP samice S kulatá nízká černá', 2.000, 'ks', 'DIL'),
('HRDW000047', 'Fidlock SNAP samice S kulatá nízká černá', 97.000, 'ks', 'EXT'),
('HRDW000047', 'Fidlock SNAP samice S kulatá nízká černá', 56.000, 'ks', 'SKL'),
('HRDW000048', 'Fidlock SNAP male M 25 adjuster k rolce', 89.000, 'ks', 'DIL'),
('HRDW000048', 'Fidlock SNAP male M 25 adjuster k rolce', 12.000, 'ks', 'EXT'),
('HRDW000048', 'Fidlock SNAP male M 25 adjuster k rolce', 98.000, 'ks', 'SKL'),
('HRDW000049', 'Fidlock HOOK 20 na gumičku černá', 32.000, 'ks', 'DIL'),
('HRDW000049', 'Fidlock HOOK 20 na gumičku černá', 27.000, 'ks', 'EXT'),
('HRDW000049', 'Fidlock HOOK 20 na gumičku černá', 13.000, 'ks', 'SKL'),
('HRDW000050', 'WeTool kovový žebříček 20 mm černá', 92.000, 'ks', 'DIL'),
('HRDW000050', 'WeTool kovový žebříček 20 mm černá', 91.000, 'ks', 'EXT'),
('HRDW000050', 'WeTool kovový žebříček 20 mm černá', 7.000, 'ks', 'SKL'),
('HRDW000051', 'WeTool kovový žebříček 25 mm černá', 68.000, 'ks', 'DIL'),
('HRDW000051', 'WeTool kovový žebříček 25 mm černá', 55.000, 'ks', 'EXT'),
('HRDW000051', 'WeTool kovový žebříček 25 mm černá', 56.000, 'ks', 'SKL'),
('HRDW000052', 'WeTool kovový G-Hook 20 mm levá černá', 10.000, 'ks', 'DIL'),
('HRDW000052', 'WeTool kovový G-Hook 20 mm levá černá', 71.000, 'ks', 'EXT'),
('HRDW000052', 'WeTool kovový G-Hook 20 mm levá černá', 91.000, 'ks', 'SKL'),
('HRDW000053', 'WeTool kovový G-Hook 20 mm pravá černá', 67.000, 'ks', 'DIL'),
('HRDW000053', 'WeTool kovový G-Hook 20 mm pravá černá', 35.000, 'ks', 'EXT'),
('HRDW000053', 'WeTool kovový G-Hook 20 mm pravá černá', 59.000, 'ks', 'SKL'),
('HRDW000054', 'WeTool kovový G-Hook 25 mm pravá otvírák černý', 60.000, 'ks', 'DIL'),
('HRDW000054', 'WeTool kovový G-Hook 25 mm pravá otvírák černý', 8.000, 'ks', 'EXT'),
('HRDW000054', 'WeTool kovový G-Hook 25 mm pravá otvírák černý', 51.000, 'ks', 'SKL'),
('HRDW000055', 'WeTool kovový H-Hook 25 mm černá', 17.000, 'ks', 'DIL'),
('HRDW000055', 'WeTool kovový H-Hook 25 mm černá', 16.000, 'ks', 'EXT'),
('HRDW000055', 'WeTool kovový H-Hook 25 mm černá', 13.000, 'ks', 'SKL'),
('HRDW000056', 'WeTool kovový karabina 20 mm černá', 62.000, 'ks', 'DIL'),
('HRDW000056', 'WeTool kovový karabina 20 mm černá', 50.000, 'ks', 'EXT'),
('HRDW000056', 'WeTool kovový karabina 20 mm černá', 64.000, 'ks', 'SKL'),
('HRDW000057', 'WeTool kovový protikus karabina 20 mm černá', 62.000, 'ks', 'DIL'),
('HRDW000057', 'WeTool kovový protikus karabina 20 mm černá', 21.000, 'ks', 'EXT'),
('HRDW000057', 'WeTool kovový protikus karabina 20 mm černá', 40.000, 'ks', 'SKL'),
('HRDW000058', 'WeTool kovová karabina obdélníková 20 mm černá', 14.000, 'ks', 'DIL'),
('HRDW000058', 'WeTool kovová karabina obdélníková 20 mm černá', 35.000, 'ks', 'EXT'),
('HRDW000058', 'WeTool kovová karabina obdélníková 20 mm černá', 91.000, 'ks', 'SKL'),
('HRDW000059', 'WeTool kovová karabina obdélníková 10 mm černá', 91.000, 'ks', 'DIL'),
('HRDW000059', 'WeTool kovová karabina obdélníková 10 mm černá', 84.000, 'ks', 'EXT'),
('HRDW000059', 'WeTool kovová karabina obdélníková 10 mm černá', 31.000, 'ks', 'SKL'),
('HRDW000060', 'WeTool kovová karabina otočná 20 mm černá', 18.000, 'ks', 'DIL'),
('HRDW000060', 'WeTool kovová karabina otočná 20 mm černá', 96.000, 'ks', 'EXT'),
('HRDW000060', 'WeTool kovová karabina otočná 20 mm černá', 10.000, 'ks', 'SKL'),
('HRDW000061', 'WeTool kovové D-očko 20 mm černá', 27.000, 'ks', 'DIL'),
('HRDW000061', 'WeTool kovové D-očko 20 mm černá', 33.000, 'ks', 'EXT'),
('HRDW000061', 'WeTool kovové D-očko 20 mm černá', 87.000, 'ks', 'SKL'),
('HRDW000062', 'WeTool kovové hawkeye toggle 25 mm černá', 67.000, 'ks', 'DIL'),
('HRDW000062', 'WeTool kovové hawkeye toggle 25 mm černá', 2.000, 'ks', 'EXT'),
('HRDW000062', 'WeTool kovové hawkeye toggle 25 mm černá', 85.000, 'ks', 'SKL'),
('HRDW000063', 'titanová žabka Austere 20 mm', 87.000, 'ks', 'DIL'),
('HRDW000063', 'titanová žabka Austere 20 mm', 76.000, 'ks', 'EXT'),
('HRDW000063', 'titanová žabka Austere 20 mm', 72.000, 'ks', 'SKL'),
('HRDW000064', 'optic fibre lighting', 61.000, 'ks', 'DIL'),
('HRDW000064', 'optic fibre lighting', 99.000, 'ks', 'EXT'),
('HRDW000064', 'optic fibre lighting', 3.000, 'ks', 'SKL'),
('HRDW000065', 'PJ trojzubec 25 mm bílá (samec+samice)', 42.000, 'ks', 'DIL'),
('HRDW000065', 'PJ trojzubec 25 mm bílá (samec+samice)', 26.000, 'ks', 'EXT'),
('HRDW000065', 'PJ trojzubec 25 mm bílá (samec+samice)', 59.000, 'ks', 'SKL'),
('HRDW000066', 'PJ žebříček 25 mm bílá', 70.000, 'ks', 'DIL'),
('HRDW000066', 'PJ žebříček 25 mm bílá', 72.000, 'ks', 'EXT'),
('HRDW000066', 'PJ žebříček 25 mm bílá', 62.000, 'ks', 'SKL'),
('HRDW000067', 'PJ žebříček 20 mm bílá', 79.000, 'ks', 'DIL'),
('HRDW000067', 'PJ žebříček 20 mm bílá', 19.000, 'ks', 'EXT'),
('HRDW000067', 'PJ žebříček 20 mm bílá', 36.000, 'ks', 'SKL'),
('HRDW000068', 'PJ samec 20 mm bílá', 36.000, 'ks', 'DIL'),
('HRDW000068', 'PJ samec 20 mm bílá', 51.000, 'ks', 'EXT'),
('HRDW000068', 'PJ samec 20 mm bílá', 79.000, 'ks', 'SKL'),
('HRDW000069', 'PJ samice 20 mm bílá', 26.000, 'ks', 'DIL'),
('HRDW000069', 'PJ samice 20 mm bílá', 75.000, 'ks', 'EXT'),
('HRDW000069', 'PJ samice 20 mm bílá', 5.000, 'ks', 'SKL'),
('HRDW000070', 'PJ očko 20 mm bílá', 79.000, 'ks', 'DIL'),
('HRDW000070', 'PJ očko 20 mm bílá', 69.000, 'ks', 'EXT'),
('HRDW000070', 'PJ očko 20 mm bílá', 22.000, 'ks', 'SKL'),
('HRDW000071', 'PJ očko 20 mm černá', 26.000, 'ks', 'DIL'),
('HRDW000071', 'PJ očko 20 mm černá', 29.000, 'ks', 'EXT'),
('HRDW000071', 'PJ očko 20 mm černá', 82.000, 'ks', 'SKL'),
('HRDW000072', 'PJ očko 40 mm černá', 47.000, 'ks', 'DIL'),
('HRDW000072', 'PJ očko 40 mm černá', 94.000, 'ks', 'EXT'),
('HRDW000072', 'PJ očko 40 mm černá', 59.000, 'ks', 'SKL'),
('HRDW000073', 'PJ spona 20 mm bílá', 2.000, 'ks', 'DIL'),
('HRDW000073', 'PJ spona 20 mm bílá', 49.000, 'ks', 'EXT'),
('HRDW000073', 'PJ spona 20 mm bílá', 40.000, 'ks', 'SKL'),
('HRDW000074', 'PJ trojzubec 10 mm bílá (samec+samice)', 75.000, 'ks', 'DIL'),
('HRDW000074', 'PJ trojzubec 10 mm bílá (samec+samice)', 1.000, 'ks', 'EXT'),
('HRDW000074', 'PJ trojzubec 10 mm bílá (samec+samice)', 46.000, 'ks', 'SKL'),
('HRDW000075', 'PJ trojzubec 10 mm khaki (samec+samice)', 64.000, 'ks', 'DIL'),
('HRDW000075', 'PJ trojzubec 10 mm khaki (samec+samice)', 82.000, 'ks', 'EXT'),
('HRDW000075', 'PJ trojzubec 10 mm khaki (samec+samice)', 62.000, 'ks', 'SKL'),
('HRDW000076', 'PJ trojzubec 20 mm bílá (samec+samice)', 20.000, 'ks', 'DIL'),
('HRDW000076', 'PJ trojzubec 20 mm bílá (samec+samice)', 45.000, 'ks', 'EXT'),
('HRDW000076', 'PJ trojzubec 20 mm bílá (samec+samice)', 78.000, 'ks', 'SKL'),
('HRDW000077', 'PJ trojzubec 10 mm černá', 62.000, 'ks', 'DIL'),
('HRDW000077', 'PJ trojzubec 10 mm černá', 53.000, 'ks', 'EXT'),
('HRDW000077', 'PJ trojzubec 10 mm černá', 41.000, 'ks', 'SKL'),
('HRDW000078', 'PJ karabina 20 mm černá', 12.000, 'ks', 'DIL'),
('HRDW000078', 'PJ karabina 20 mm černá', 32.000, 'ks', 'EXT'),
('HRDW000078', 'PJ karabina 20 mm černá', 60.000, 'ks', 'SKL'),
('HRDW000079', 'PJ karabina 30 mm černá', 14.000, 'ks', 'DIL'),
('HRDW000079', 'PJ karabina 30 mm černá', 59.000, 'ks', 'EXT'),
('HRDW000079', 'PJ karabina 30 mm černá', 72.000, 'ks', 'SKL'),
('HRDW000080', 'PJ trojzubec 30 mm černá', 69.000, 'ks', 'DIL'),
('HRDW000080', 'PJ trojzubec 30 mm černá', 90.000, 'ks', 'EXT'),
('HRDW000080', 'PJ trojzubec 30 mm černá', 13.000, 'ks', 'SKL'),
('HRDW000081', 'PJ žebříček 40 mm černá', 55.000, 'ks', 'DIL'),
('HRDW000081', 'PJ žebříček 40 mm černá', 71.000, 'ks', 'EXT'),
('HRDW000081', 'PJ žebříček 40 mm černá', 53.000, 'ks', 'SKL'),
('HRDW000082', 'PJ D-kroužek černá 20 mm', 10.000, 'ks', 'DIL'),
('HRDW000082', 'PJ D-kroužek černá 20 mm', 16.000, 'ks', 'EXT'),
('HRDW000082', 'PJ D-kroužek černá 20 mm', 75.000, 'ks', 'SKL'),
('HRDW000083', 'Massag kovový zebříček 20 mm měděný', 80.000, 'ks', 'DIL'),
('HRDW000083', 'Massag kovový zebříček 20 mm měděný', 45.000, 'ks', 'EXT'),
('HRDW000083', 'Massag kovový zebříček 20 mm měděný', 76.000, 'ks', 'SKL'),
('HRDW000084', 'Massag kovový žebříček 20 mm černá', 97.000, 'ks', 'DIL'),
('HRDW000084', 'Massag kovový žebříček 20 mm černá', 25.000, 'ks', 'EXT'),
('HRDW000084', 'Massag kovový žebříček 20 mm černá', 10.000, 'ks', 'SKL'),
('HRDW000085', 'Massag auto druk černá', 86.000, 'ks', 'DIL'),
('HRDW000085', 'Massag auto druk černá', 84.000, 'ks', 'EXT'),
('HRDW000085', 'Massag auto druk černá', 3.000, 'ks', 'SKL'),
('HRDW000086', 'Metal clash hook', 38.000, 'ks', 'DIL'),
('HRDW000086', 'Metal clash hook', 16.000, 'ks', 'EXT'),
('HRDW000086', 'Metal clash hook', 53.000, 'ks', 'SKL'),
('HRDW000087', 'Massag vsuvka kovová černá', 47.000, 'ks', 'DIL'),
('HRDW000087', 'Massag vsuvka kovová černá', 52.000, 'ks', 'EXT'),
('HRDW000087', 'Massag vsuvka kovová černá', 35.000, 'ks', 'SKL'),
('HRDW000088', 'cordlock', 43.000, 'ks', 'DIL'),
('HRDW000088', 'cordlock', 95.000, 'ks', 'EXT'),
('HRDW000088', 'cordlock', 28.000, 'ks', 'SKL'),
('LTHR000001', 'SILK 0842 černá', 2.000, 'm2', 'DIL'),
('LTHR000001', 'SILK 0842 černá', 77.000, 'm2', 'EXT'),
('LTHR000001', 'SILK 0842 černá', 2.000, 'm2', 'SKL'),
('LTHR000002', 'SILK 0250 rezavá', 56.000, 'm2', 'DIL'),
('LTHR000002', 'SILK 0250 rezavá', 25.000, 'm2', 'EXT'),
('LTHR000002', 'SILK 0250 rezavá', 6.000, 'm2', 'SKL'),
('LTHR000003', 'VENICE 64080 Albicocca', 95.000, 'm2', 'DIL'),
('LTHR000003', 'VENICE 64080 Albicocca', 25.000, 'm2', 'EXT'),
('LTHR000003', 'VENICE 64080 Albicocca', 92.000, 'm2', 'SKL'),
('LTHR000004', 'VENICE 64100 Black černá', 36.000, 'm2', 'DIL'),
('LTHR000004', 'VENICE 64100 Black černá', 41.000, 'm2', 'EXT'),
('LTHR000004', 'VENICE 64100 Black černá', 20.000, 'm2', 'SKL'),
('LTHR000005', 'VENICE 64030 Ecrú písková', 31.000, 'm2', 'DIL'),
('LTHR000005', 'VENICE 64030 Ecrú písková', 37.000, 'm2', 'EXT'),
('LTHR000005', 'VENICE 64030 Ecrú písková', 56.000, 'm2', 'SKL'),
('LTHR000006', 'VENICE 64150 Pervinca lila', 27.000, 'm2', 'DIL'),
('LTHR000006', 'VENICE 64150 Pervinca lila', 55.000, 'm2', 'EXT'),
('LTHR000006', 'VENICE 64150 Pervinca lila', 30.000, 'm2', 'SKL'),
('LTHR000007', 'VENICE 64150 Cloud Pink nude', 28.000, 'm2', 'DIL'),
('LTHR000007', 'VENICE 64150 Cloud Pink nude', 71.000, 'm2', 'EXT'),
('LTHR000007', 'VENICE 64150 Cloud Pink nude', 52.000, 'm2', 'SKL'),
('LTHR000008', 'VENICE 64110 Corallo lososová', 93.000, 'm2', 'DIL'),
('LTHR000008', 'VENICE 64110 Corallo lososová', 51.000, 'm2', 'EXT'),
('LTHR000008', 'VENICE 64110 Corallo lososová', 36.000, 'm2', 'SKL'),
('LTHR000009', 'VENICE 64040 Cappuccino bílá káva', 96.000, 'm2', 'DIL'),
('LTHR000009', 'VENICE 64040 Cappuccino bílá káva', 8.000, 'm2', 'EXT'),
('LTHR000009', 'VENICE 64040 Cappuccino bílá káva', 4.000, 'm2', 'SKL'),
('PCKG000001', 'papírová karta příběh + označení batohu', 16.000, 'ks', 'DIL'),
('PCKG000001', 'papírová karta příběh + označení batohu', 83.000, 'ks', 'EXT'),
('PCKG000001', 'papírová karta příběh + označení batohu', 96.000, 'ks', 'SKL'),
('PCKG000002', 'igelitový pytel s logem', 16.000, 'ks', 'DIL'),
('PCKG000002', 'igelitový pytel s logem', 20.000, 'ks', 'EXT'),
('PCKG000002', 'igelitový pytel s logem', 66.000, 'ks', 'SKL'),
('PCKG000003', 'krabice 51x38x7', 26.000, 'ks', 'DIL'),
('PCKG000003', 'krabice 51x38x7', 23.000, 'ks', 'EXT'),
('PCKG000003', 'krabice 51x38x7', 88.000, 'ks', 'SKL'),
('PCKG000004', 'lepící páska Braasi Industry', 39.000, 'm', 'DIL'),
('PCKG000004', 'lepící páska Braasi Industry', 52.000, 'm', 'EXT'),
('PCKG000004', 'lepící páska Braasi Industry', 47.000, 'm', 'SKL'),
('PCKG000005', 'štítek Zásilkovna', 16.000, 'ks', 'DIL'),
('PCKG000005', 'štítek Zásilkovna', 44.000, 'ks', 'EXT'),
('PCKG000005', 'štítek Zásilkovna', 28.000, 'ks', 'SKL'),
('PCKG000006', 'štítek GLS', 73.000, 'ks', 'DIL'),
('PCKG000006', 'štítek GLS', 34.000, 'ks', 'EXT'),
('PCKG000006', 'štítek GLS', 58.000, 'ks', 'SKL'),
('PCKG000007', 'košilka', 86.000, 'ks', 'DIL'),
('PCKG000007', 'košilka', 68.000, 'ks', 'EXT'),
('PCKG000007', 'košilka', 13.000, 'ks', 'SKL'),
('STRP000001', 'poporuh černý PAD 10 mm', 91.000, 'm', 'DIL'),
('STRP000001', 'poporuh černý PAD 10 mm', 85.000, 'm', 'EXT'),
('STRP000001', 'poporuh černý PAD 10 mm', 99.000, 'm', 'SKL'),
('STRP000002', 'popruh černý PAD 16 mm', 68.000, 'm', 'DIL'),
('STRP000002', 'popruh černý PAD 16 mm', 77.000, 'm', 'EXT'),
('STRP000002', 'popruh černý PAD 16 mm', 706.000, 'm', 'SKL'),
('STRP000003', 'popruh černý PAD 20 mm', 66.000, 'm', 'DIL'),
('STRP000003', 'popruh černý PAD 20 mm', 33.000, 'm', 'EXT'),
('STRP000003', 'popruh černý PAD 20 mm', 53.000, 'm', 'SKL'),
('STRP000004', 'popruh černý PAD 25 mm', 23.000, 'm', 'DIL'),
('STRP000004', 'popruh černý PAD 25 mm', 13.000, 'm', 'EXT'),
('STRP000004', 'popruh černý PAD 25 mm', 28.000, 'm', 'SKL'),
('STRP000005', 'popruh černý PAD 40 mm', 35.000, 'm', 'DIL'),
('STRP000005', 'popruh černý PAD 40 mm', 58.000, 'm', 'EXT'),
('STRP000005', 'popruh černý PAD 40 mm', 41.000, 'm', 'SKL'),
('STRP000006', 'lemovka černá PAD 25 mm', 33.000, 'm', 'DIL'),
('STRP000006', 'lemovka černá PAD 25 mm', 95.000, 'm', 'EXT'),
('STRP000006', 'lemovka černá PAD 25 mm', 3.000, 'm', 'SKL'),
('STRP000007', 'lemovka černá PES 25 mm', 18.000, 'm', 'DIL'),
('STRP000007', 'lemovka černá PES 25 mm', 5.000, 'm', 'EXT'),
('STRP000007', 'lemovka černá PES 25 mm', 93.000, 'm', 'SKL'),
('STRP000008', 'pruženka černá 40 mm', 82.000, 'm', 'DIL'),
('STRP000008', 'pruženka černá 40 mm', 56.000, 'm', 'EXT'),
('STRP000008', 'pruženka černá 40 mm', 97.000, 'm', 'SKL'),
('STRP000009', 'pruženka černá 25 mm', 85.000, 'm', 'DIL'),
('STRP000009', 'pruženka černá 25 mm', 52.000, 'm', 'EXT'),
('STRP000009', 'pruženka černá 25 mm', 78.000, 'm', 'SKL'),
('STRP000010', 'popruh černý PES 10 mm', 40.000, 'm', 'DIL'),
('STRP000010', 'popruh černý PES 10 mm', 71.000, 'm', 'EXT'),
('STRP000010', 'popruh černý PES 10 mm', 40.000, 'm', 'SKL'),
('STRP000011', 'popruh černý PES 16 mm', 44.000, 'm', 'DIL'),
('STRP000011', 'popruh černý PES 16 mm', 40.000, 'm', 'EXT'),
('STRP000011', 'popruh černý PES 16 mm', 33.000, 'm', 'SKL'),
('STRP000012', 'popruh černý PES 20 mm', 49.000, 'm', 'DIL'),
('STRP000012', 'popruh černý PES 20 mm', 36.000, 'm', 'EXT'),
('STRP000012', 'popruh černý PES 20 mm', 60.000, 'm', 'SKL'),
('STRP000013', 'popruh černý PES 25 mm', 51.000, 'm', 'DIL'),
('STRP000013', 'popruh černý PES 25 mm', 64.000, 'm', 'EXT'),
('STRP000013', 'popruh černý PES 25 mm', 80.000, 'm', 'SKL'),
('STRP000014', 'popruh černý PES 55 mm', 65.000, 'm', 'DIL'),
('STRP000014', 'popruh černý PES 55 mm', 8.000, 'm', 'EXT'),
('STRP000014', 'popruh černý PES 55 mm', 92.000, 'm', 'SKL'),
('STRP000015', 'popruh černý bavlna 20 mm', 13.000, 'm', 'DIL'),
('STRP000015', 'popruh černý bavlna 20 mm', 35.000, 'm', 'EXT'),
('STRP000015', 'popruh černý bavlna 20 mm', 66.000, 'm', 'SKL'),
('STRP000016', 'popruh bílý PAD 10 mm', 3.000, 'm', 'DIL'),
('STRP000016', 'popruh bílý PAD 10 mm', 71.000, 'm', 'EXT'),
('STRP000016', 'popruh bílý PAD 10 mm', 36.000, 'm', 'SKL'),
('STRP000017', 'popruh bílý PAD 20 mm', 46.000, 'm', 'DIL'),
('STRP000017', 'popruh bílý PAD 20 mm', 89.000, 'm', 'EXT'),
('STRP000017', 'popruh bílý PAD 20 mm', 59.000, 'm', 'SKL'),
('STRP000018', 'popruh bílý PAD 25 mm', 58.000, 'm', 'DIL'),
('STRP000018', 'popruh bílý PAD 25 mm', 63.000, 'm', 'EXT'),
('STRP000018', 'popruh bílý PAD 25 mm', 51.000, 'm', 'SKL'),
('STRP000019', 'popruh přírodní bavlna 20 mm', 39.000, 'm', 'DIL');
INSERT INTO `stock_on_hand` (`part_number`, `description`, `qty`, `unit_code`, `location_code`) VALUES
('STRP000019', 'popruh přírodní bavlna 20 mm', 47.000, 'm', 'EXT'),
('STRP000019', 'popruh přírodní bavlna 20 mm', 40.000, 'm', 'SKL'),
('STRP000020', 'popruh přírodní bavlna 30 mm', 50.000, 'm', 'DIL'),
('STRP000020', 'popruh přírodní bavlna 30 mm', 50.000, 'm', 'EXT'),
('STRP000020', 'popruh přírodní bavlna 30 mm', 93.000, 'm', 'SKL'),
('STRP000021', 'popruh modrý PAD 10 mm', 31.000, 'm', 'DIL'),
('STRP000021', 'popruh modrý PAD 10 mm', 74.000, 'm', 'EXT'),
('STRP000021', 'popruh modrý PAD 10 mm', 4.000, 'm', 'SKL'),
('STRP000022', 'popruh modrý PAD 20 mm', 87.000, 'm', 'DIL'),
('STRP000022', 'popruh modrý PAD 20 mm', 50.000, 'm', 'EXT'),
('STRP000022', 'popruh modrý PAD 20 mm', 89.000, 'm', 'SKL'),
('STRP000023', 'popruh modrý PAD 25 mm', 12.000, 'm', 'DIL'),
('STRP000023', 'popruh modrý PAD 25 mm', 94.000, 'm', 'EXT'),
('STRP000023', 'popruh modrý PAD 25 mm', 82.000, 'm', 'SKL'),
('STRP000024', 'popruh modrý bavlna 40 mm', 68.000, 'm', 'DIL'),
('STRP000024', 'popruh modrý bavlna 40 mm', 22.000, 'm', 'EXT'),
('STRP000024', 'popruh modrý bavlna 40 mm', 48.000, 'm', 'SKL'),
('STRP000025', 'popruh oranžový reflexní PAD 16 mm', 56.000, 'm', 'DIL'),
('STRP000025', 'popruh oranžový reflexní PAD 16 mm', 62.000, 'm', 'EXT'),
('STRP000025', 'popruh oranžový reflexní PAD 16 mm', 14.000, 'm', 'SKL'),
('STRP000026', 'popruh oranžový reflexní PAD 20 mm', 76.000, 'm', 'DIL'),
('STRP000026', 'popruh oranžový reflexní PAD 20 mm', 14.000, 'm', 'EXT'),
('STRP000026', 'popruh oranžový reflexní PAD 20 mm', 99.000, 'm', 'SKL'),
('STRP000027', 'popruh oranžový tmavě PAD 20 mm', 76.000, 'm', 'DIL'),
('STRP000027', 'popruh oranžový tmavě PAD 20 mm', 34.000, 'm', 'EXT'),
('STRP000027', 'popruh oranžový tmavě PAD 20 mm', 17.000, 'm', 'SKL'),
('STRP000028', 'popruh červený PAD 10 mm', 20.000, 'm', 'DIL'),
('STRP000028', 'popruh červený PAD 10 mm', 91.000, 'm', 'EXT'),
('STRP000028', 'popruh červený PAD 10 mm', 48.000, 'm', 'SKL'),
('STRP000029', 'popruh červený PAD 20 mm', 99.000, 'm', 'DIL'),
('STRP000029', 'popruh červený PAD 20 mm', 30.000, 'm', 'EXT'),
('STRP000029', 'popruh červený PAD 20 mm', 28.000, 'm', 'SKL'),
('STRP000030', 'popruh červený PAD 25 mm', 44.000, 'm', 'DIL'),
('STRP000030', 'popruh červený PAD 25 mm', 38.000, 'm', 'EXT'),
('STRP000030', 'popruh červený PAD 25 mm', 84.000, 'm', 'SKL'),
('STRP000031', 'popruh zelený reflexní PAD 10 mm', 1.000, 'm', 'DIL'),
('STRP000031', 'popruh zelený reflexní PAD 10 mm', 23.000, 'm', 'EXT'),
('STRP000031', 'popruh zelený reflexní PAD 10 mm', 38.000, 'm', 'SKL'),
('STRP000032', 'popruh žlutý PAD 10 mm', 59.000, 'm', 'DIL'),
('STRP000032', 'popruh žlutý PAD 10 mm', 89.000, 'm', 'EXT'),
('STRP000032', 'popruh žlutý PAD 10 mm', 14.000, 'm', 'SKL'),
('STRP000033', 'popruh šedý PAD 10 mm', 20.000, 'm', 'DIL'),
('STRP000033', 'popruh šedý PAD 10 mm', 77.000, 'm', 'EXT'),
('STRP000033', 'popruh šedý PAD 10 mm', 83.000, 'm', 'SKL'),
('STRP000034', 'popruh béžový PAD 20 mm', 35.000, 'm', 'DIL'),
('STRP000034', 'popruh béžový PAD 20 mm', 88.000, 'm', 'EXT'),
('STRP000034', 'popruh béžový PAD 20 mm', 82.000, 'm', 'SKL'),
('STRP000035', 'popruh fialový PAD 20 mm', 50.000, 'm', 'DIL'),
('STRP000035', 'popruh fialový PAD 20 mm', 32.000, 'm', 'EXT'),
('STRP000035', 'popruh fialový PAD 20 mm', 37.000, 'm', 'SKL'),
('STRP000036', 'popruh khaki bavlna 34 mm', 57.000, 'm', 'DIL'),
('STRP000036', 'popruh khaki bavlna 34 mm', 49.000, 'm', 'EXT'),
('STRP000036', 'popruh khaki bavlna 34 mm', 19.000, 'm', 'SKL'),
('STRP000037', 'popruh pruhovaný č,o,z,m,ž 25 mm', 45.000, 'm', 'DIL'),
('STRP000037', 'popruh pruhovaný č,o,z,m,ž 25 mm', 76.000, 'm', 'EXT'),
('STRP000037', 'popruh pruhovaný č,o,z,m,ž 25 mm', 38.000, 'm', 'SKL'),
('STRP000038', 'popruh pruhovaný š,f,š 30 mm', 90.000, 'm', 'DIL'),
('STRP000038', 'popruh pruhovaný š,f,š 30 mm', 80.000, 'm', 'EXT'),
('STRP000038', 'popruh pruhovaný š,f,š 30 mm', 8.000, 'm', 'SKL'),
('STRP000039', 'pryžové vlákno černá PES', 61.000, 'm', 'DIL'),
('STRP000039', 'pryžové vlákno černá PES', 59.000, 'm', 'EXT'),
('STRP000039', 'pryžové vlákno černá PES', 67.000, 'm', 'SKL'),
('STRP000040', 'gumolano červené 4mm', 20.000, 'm', 'DIL'),
('STRP000040', 'gumolano červené 4mm', 59.000, 'm', 'EXT'),
('STRP000040', 'gumolano červené 4mm', 77.000, 'm', 'SKL'),
('STRP000041', 'gumolano černé 4mm', 42.000, 'm', 'DIL'),
('STRP000041', 'gumolano černé 4mm', 40.000, 'm', 'EXT'),
('STRP000041', 'gumolano černé 4mm', 40.000, 'm', 'SKL'),
('STRP000042', 'oděvní vázačka bílý PES 3,5mm', 90.000, 'm', 'DIL'),
('STRP000042', 'oděvní vázačka bílý PES 3,5mm', 17.000, 'm', 'EXT'),
('STRP000042', 'oděvní vázačka bílý PES 3,5mm', 100.000, 'm', 'SKL'),
('STRP000043', 'oděvní vázačka černý PES 3,5 mm', 8.000, 'm', 'DIL'),
('STRP000043', 'oděvní vázačka černý PES 3,5 mm', 88.000, 'm', 'EXT'),
('STRP000043', 'oděvní vázačka černý PES 3,5 mm', 92.000, 'm', 'SKL'),
('STRP000044', 'oděvní vázačka žlutý PES 3,5 mm', 22.000, 'm', 'DIL'),
('STRP000044', 'oděvní vázačka žlutý PES 3,5 mm', 52.000, 'm', 'EXT'),
('STRP000044', 'oděvní vázačka žlutý PES 3,5 mm', 83.000, 'm', 'SKL'),
('STRP000045', 'paracorde modrá 3,5 mm', 82.000, 'm', 'DIL'),
('STRP000045', 'paracorde modrá 3,5 mm', 78.000, 'm', 'EXT'),
('STRP000045', 'paracorde modrá 3,5 mm', 86.000, 'm', 'SKL'),
('STRP000046', 'paracorde červený 3,5 mm', 84.000, 'm', 'DIL'),
('STRP000046', 'paracorde červený 3,5 mm', 29.000, 'm', 'EXT'),
('STRP000046', 'paracorde červený 3,5 mm', 8.000, 'm', 'SKL'),
('STRP000047', 'paracorde černý 3,5 mm', 28.000, 'm', 'DIL'),
('STRP000047', 'paracorde černý 3,5 mm', 35.000, 'm', 'EXT'),
('STRP000047', 'paracorde černý 3,5 mm', 82.000, 'm', 'SKL'),
('STRP000048', 'automobilové pásy 45mm', 2.000, 'm', 'DIL'),
('STRP000048', 'automobilové pásy 45mm', 15.000, 'm', 'EXT'),
('STRP000048', 'automobilové pásy 45mm', 83.000, 'm', 'SKL'),
('STRP000049', 'dutinka zlatá 20 mm', 86.000, 'm', 'DIL'),
('STRP000049', 'dutinka zlatá 20 mm', 87.000, 'm', 'EXT'),
('STRP000049', 'dutinka zlatá 20 mm', 94.000, 'm', 'SKL'),
('STRP000050', 'suché zipy 10 mm háček', 54.000, 'm', 'DIL'),
('STRP000050', 'suché zipy 10 mm háček', 32.000, 'm', 'EXT'),
('STRP000050', 'suché zipy 10 mm háček', 58.000, 'm', 'SKL'),
('STRP000051', 'suché zipy 10 mm plyš', 9.000, 'm', 'DIL'),
('STRP000051', 'suché zipy 10 mm plyš', 89.000, 'm', 'EXT'),
('STRP000051', 'suché zipy 10 mm plyš', 59.000, 'm', 'SKL'),
('STRP000052', 'suché zipy 25 mm háček', 37.000, 'm', 'DIL'),
('STRP000052', 'suché zipy 25 mm háček', 62.000, 'm', 'EXT'),
('STRP000052', 'suché zipy 25 mm háček', 15.000, 'm', 'SKL'),
('STRP000053', 'suché zipy 25 mm plyš', 55.000, 'm', 'DIL'),
('STRP000053', 'suché zipy 25 mm plyš', 18.000, 'm', 'EXT'),
('STRP000053', 'suché zipy 25 mm plyš', 51.000, 'm', 'SKL'),
('STRP000054', 'suché zipy 30 mm háček', 8.000, 'm', 'DIL'),
('STRP000054', 'suché zipy 30 mm háček', 93.000, 'm', 'EXT'),
('STRP000054', 'suché zipy 30 mm háček', 4.000, 'm', 'SKL'),
('STRP000055', 'suché zipy 30 mm plyš', 40.000, 'm', 'DIL'),
('STRP000055', 'suché zipy 30 mm plyš', 77.000, 'm', 'EXT'),
('STRP000055', 'suché zipy 30 mm plyš', 59.000, 'm', 'SKL'),
('STRP000056', 'suché zipy 50 mm plyš', 59.000, 'm', 'DIL'),
('STRP000056', 'suché zipy 50 mm plyš', 20.000, 'm', 'EXT'),
('STRP000056', 'suché zipy 50 mm plyš', 23.000, 'm', 'SKL'),
('STRP000057', 'suché zipy 50 mm háček', 26.000, 'm', 'DIL'),
('STRP000057', 'suché zipy 50 mm háček', 14.000, 'm', 'EXT'),
('STRP000057', 'suché zipy 50 mm háček', 35.000, 'm', 'SKL'),
('THRD000001', 'Ultrapoly 30 černá 999', 45.000, 'm', 'DIL'),
('THRD000001', 'Ultrapoly 30 černá 999', 22.000, 'm', 'EXT'),
('THRD000001', 'Ultrapoly 30 černá 999', 52.000, 'm', 'SKL'),
('THRD000002', 'Ultrapoly 30 modrá 549', 94.000, 'm', 'DIL'),
('THRD000002', 'Ultrapoly 30 modrá 549', 26.000, 'm', 'EXT'),
('THRD000002', 'Ultrapoly 30 modrá 549', 4.000, 'm', 'SKL'),
('THRD000003', 'Ultrapoly 30 světle šedá 882', 83.000, 'm', 'DIL'),
('THRD000003', 'Ultrapoly 30 světle šedá 882', 89.000, 'm', 'EXT'),
('THRD000003', 'Ultrapoly 30 světle šedá 882', 8.000, 'm', 'SKL'),
('THRD000004', 'Ultrapoly 30 žlutá 125', 87.000, 'm', 'DIL'),
('THRD000004', 'Ultrapoly 30 žlutá 125', 25.000, 'm', 'EXT'),
('THRD000004', 'Ultrapoly 30 žlutá 125', 65.000, 'm', 'SKL'),
('THRD000005', 'Ultrapoly 30 královská modrá 556', 32.000, 'm', 'DIL'),
('THRD000005', 'Ultrapoly 30 královská modrá 556', 78.000, 'm', 'EXT'),
('THRD000005', 'Ultrapoly 30 královská modrá 556', 68.000, 'm', 'SKL'),
('THRD000006', 'Ultrapoly 30 zářivě růžová 345', 65.000, 'm', 'DIL'),
('THRD000006', 'Ultrapoly 30 zářivě růžová 345', 62.000, 'm', 'EXT'),
('THRD000006', 'Ultrapoly 30 zářivě růžová 345', 35.000, 'm', 'SKL'),
('THRD000007', 'Ultrapoly 30 neon oranžová 215', 22.000, 'm', 'DIL'),
('THRD000007', 'Ultrapoly 30 neon oranžová 215', 65.000, 'm', 'EXT'),
('THRD000007', 'Ultrapoly 30 neon oranžová 215', 75.000, 'm', 'SKL'),
('THRD000008', 'Ultrapoly 30 bílá 001', 18.000, 'm', 'DIL'),
('THRD000008', 'Ultrapoly 30 bílá 001', 70.000, 'm', 'EXT'),
('THRD000008', 'Ultrapoly 30 bílá 001', 46.000, 'm', 'SKL'),
('THRD000009', 'Ultrapoly 30 modrá podšívka 658', 38.000, 'm', 'DIL'),
('THRD000009', 'Ultrapoly 30 modrá podšívka 658', 90.000, 'm', 'EXT'),
('THRD000009', 'Ultrapoly 30 modrá podšívka 658', 61.000, 'm', 'SKL'),
('THRD000010', 'Ultrapoly 30 fialová 458', 76.000, 'm', 'DIL'),
('THRD000010', 'Ultrapoly 30 fialová 458', 60.000, 'm', 'EXT'),
('THRD000010', 'Ultrapoly 30 fialová 458', 61.000, 'm', 'SKL'),
('THRD000011', 'Ultrapoly 30 přírodní 710', 38.000, 'm', 'DIL'),
('THRD000011', 'Ultrapoly 30 přírodní 710', 76.000, 'm', 'EXT'),
('THRD000011', 'Ultrapoly 30 přírodní 710', 43.000, 'm', 'SKL'),
('THRD000012', 'Ultrapoly 30 vínová 344', 80.000, 'm', 'DIL'),
('THRD000012', 'Ultrapoly 30 vínová 344', 25.000, 'm', 'EXT'),
('THRD000012', 'Ultrapoly 30 vínová 344', 60.000, 'm', 'SKL'),
('THRD000013', 'Ultrapoly 30 červená 337', 60.000, 'm', 'DIL'),
('THRD000013', 'Ultrapoly 30 červená 337', 9.000, 'm', 'EXT'),
('THRD000013', 'Ultrapoly 30 červená 337', 16.000, 'm', 'SKL'),
('THRD000014', 'Ultrapoly 30 tmavě šedá 888', 40.000, 'm', 'DIL'),
('THRD000014', 'Ultrapoly 30 tmavě šedá 888', 4.000, 'm', 'EXT'),
('THRD000014', 'Ultrapoly 30 tmavě šedá 888', 46.000, 'm', 'SKL'),
('THRD000015', 'Ultrapoly 30 desertní 1222', 15.000, 'm', 'DIL'),
('THRD000015', 'Ultrapoly 30 desertní 1222', 6.000, 'm', 'EXT'),
('THRD000015', 'Ultrapoly 30 desertní 1222', 32.000, 'm', 'SKL'),
('THRD000016', 'Ultrapoly 30 neon žlutá 115', 3.000, 'm', 'DIL'),
('THRD000016', 'Ultrapoly 30 neon žlutá 115', 4.000, 'm', 'EXT'),
('THRD000016', 'Ultrapoly 30 neon žlutá 115', 83.000, 'm', 'SKL'),
('THRD000017', 'Ultrapoly 30 foxy 273', 39.000, 'm', 'DIL'),
('THRD000017', 'Ultrapoly 30 foxy 273', 72.000, 'm', 'EXT'),
('THRD000017', 'Ultrapoly 30 foxy 273', 2.000, 'm', 'SKL'),
('THRD000018', 'Ultrapoly 30 khaki', 7.000, 'ks', 'DIL'),
('THRD000018', 'Ultrapoly 30 khaki', 24.000, 'ks', 'EXT'),
('THRD000018', 'Ultrapoly 30 khaki', 38.000, 'ks', 'SKL');

-- --------------------------------------------------------

--
-- Struktura tabulky `subcommodities`
--

CREATE TABLE `subcommodities` (
  `subcom_code` varchar(5) NOT NULL,
  `subcom_name` varchar(25) NOT NULL,
  `com_code` varchar(5) NOT NULL
) ENGINE=InnoDB DEFAULT CHARSET=utf8mb4 COLLATE=utf8mb4_czech_ci;

--
-- Vypisuji data pro tabulku `subcommodities`
--

INSERT INTO `subcommodities` (`subcom_code`, `subcom_name`, `com_code`) VALUES
('', '', 'FBRK'),
('ACSR', 'Doplňky', 'PROD'),
('ADAC', 'Příslušenství', 'PROD'),
('APPR', 'Oblečení', 'PROD'),
('ASI', 'Látky Asie', 'FBRK'),
('BGPK', 'Batohy', 'PROD'),
('BIKE', 'Kolo', 'PROD'),
('CRD', 'Cordura', 'FBRK'),
('CTN', 'Bavlna', 'FBRK'),
('FNC', 'Funkční látky', 'FBRK'),
('FND', 'Podklad', 'FBRK'),
('LIN', 'Len', 'FBRK'),
('LNG', 'Podšívkovina', 'FBRK'),
('PAR', 'Padákovina', 'FBRK'),
('PES', 'Potisklý PES', 'FBRK'),
('PPS', 'Polyester', 'FBRK'),
('TVK', 'Tyvek', 'FBRK'),
('VCHR', 'Vouchery', 'PROD'),
('WOL', 'Vlna', 'FBRK'),
('XPC', 'X-Pac', 'FBRK');

-- --------------------------------------------------------

--
-- Struktura tabulky `units`
--

CREATE TABLE `units` (
  `unit_code` varchar(5) NOT NULL,
  `unit_name` varchar(25) NOT NULL
) ENGINE=InnoDB DEFAULT CHARSET=utf8mb4 COLLATE=utf8mb4_czech_ci;

--
-- Vypisuji data pro tabulku `units`
--

INSERT INTO `units` (`unit_code`, `unit_name`) VALUES
('ks', 'kus'),
('m', 'metr'),
('m2', 'metr čtvereční');

--
-- Indexy pro exportované tabulky
--

--
-- Indexy pro tabulku `bom`
--
ALTER TABLE `bom`
  ADD PRIMARY KEY (`product_code`,`part_number`),
  ADD KEY `fk_part_number_bom` (`part_number`);

--
-- Indexy pro tabulku `commodities`
--
ALTER TABLE `commodities`
  ADD PRIMARY KEY (`com_code`);

--
-- Indexy pro tabulku `locations`
--
ALTER TABLE `locations`
  ADD PRIMARY KEY (`location_code`);

--
-- Indexy pro tabulku `material_list`
--
ALTER TABLE `material_list`
  ADD PRIMARY KEY (`part_number`),
  ADD UNIQUE KEY `description` (`description`),
  ADD KEY `fk_com_code_material_list` (`com_code`),
  ADD KEY `fk_subcom_code_material_list` (`subcom_code`),
  ADD KEY `fk_unit_code_material_list` (`unit_code`);

--
-- Indexy pro tabulku `products`
--
ALTER TABLE `products`
  ADD PRIMARY KEY (`product_code`),
  ADD KEY `fk_unit_code_products` (`unit_code`),
  ADD KEY `fk_com_code_products` (`com_code`),
  ADD KEY `fk_subcom_code_products` (`subcom_code`);

--
-- Indexy pro tabulku `soh_pro`
--
ALTER TABLE `soh_pro`
  ADD PRIMARY KEY (`product_code`,`location_code`),
  ADD KEY `fk_location_code_soh_pro` (`location_code`);

--
-- Indexy pro tabulku `stock_on_hand`
--
ALTER TABLE `stock_on_hand`
  ADD PRIMARY KEY (`part_number`,`location_code`),
  ADD KEY `fk_unit_code_soh` (`unit_code`),
  ADD KEY `fk_location_code_soh` (`location_code`),
  ADD KEY `fk_description_soh` (`description`);

--
-- Indexy pro tabulku `subcommodities`
--
ALTER TABLE `subcommodities`
  ADD PRIMARY KEY (`subcom_code`),
  ADD KEY `fk_com_code_subcommodities` (`com_code`);

--
-- Indexy pro tabulku `units`
--
ALTER TABLE `units`
  ADD PRIMARY KEY (`unit_code`);

--
-- Omezení pro exportované tabulky
--

--
-- Omezení pro tabulku `bom`
--
ALTER TABLE `bom`
  ADD CONSTRAINT `fk_part_number_bom` FOREIGN KEY (`part_number`) REFERENCES `material_list` (`part_number`) ON UPDATE CASCADE,
  ADD CONSTRAINT `fk_product_code_bom` FOREIGN KEY (`product_code`) REFERENCES `products` (`product_code`) ON UPDATE CASCADE;

--
-- Omezení pro tabulku `material_list`
--
ALTER TABLE `material_list`
  ADD CONSTRAINT `fk_com_code_material_list` FOREIGN KEY (`com_code`) REFERENCES `commodities` (`com_code`) ON UPDATE CASCADE,
  ADD CONSTRAINT `fk_subcom_code_material_list` FOREIGN KEY (`subcom_code`) REFERENCES `subcommodities` (`subcom_code`) ON UPDATE CASCADE,
  ADD CONSTRAINT `fk_unit_code_material_list` FOREIGN KEY (`unit_code`) REFERENCES `units` (`unit_code`) ON UPDATE CASCADE;

--
-- Omezení pro tabulku `products`
--
ALTER TABLE `products`
  ADD CONSTRAINT `fk_com_code_products` FOREIGN KEY (`com_code`) REFERENCES `commodities` (`com_code`) ON UPDATE CASCADE,
  ADD CONSTRAINT `fk_subcom_code_products` FOREIGN KEY (`subcom_code`) REFERENCES `subcommodities` (`subcom_code`) ON UPDATE CASCADE,
  ADD CONSTRAINT `fk_unit_code_products` FOREIGN KEY (`unit_code`) REFERENCES `units` (`unit_code`) ON UPDATE CASCADE;

--
-- Omezení pro tabulku `soh_pro`
--
ALTER TABLE `soh_pro`
  ADD CONSTRAINT `fk_location_code_soh_pro` FOREIGN KEY (`location_code`) REFERENCES `locations` (`location_code`) ON UPDATE CASCADE,
  ADD CONSTRAINT `fk_product_code_soh_pro` FOREIGN KEY (`product_code`) REFERENCES `products` (`product_code`) ON UPDATE CASCADE;

--
-- Omezení pro tabulku `stock_on_hand`
--
ALTER TABLE `stock_on_hand`
  ADD CONSTRAINT `fk_description_soh` FOREIGN KEY (`description`) REFERENCES `material_list` (`description`) ON UPDATE CASCADE,
  ADD CONSTRAINT `fk_location_code_soh` FOREIGN KEY (`location_code`) REFERENCES `locations` (`location_code`) ON UPDATE CASCADE,
  ADD CONSTRAINT `fk_part_number_soh` FOREIGN KEY (`part_number`) REFERENCES `material_list` (`part_number`) ON UPDATE CASCADE,
  ADD CONSTRAINT `fk_unit_code_soh` FOREIGN KEY (`unit_code`) REFERENCES `units` (`unit_code`) ON UPDATE CASCADE;

--
-- Omezení pro tabulku `subcommodities`
--
ALTER TABLE `subcommodities`
  ADD CONSTRAINT `fk_com_code_subcommodities` FOREIGN KEY (`com_code`) REFERENCES `commodities` (`com_code`) ON UPDATE CASCADE;
COMMIT;

/*!40101 SET CHARACTER_SET_CLIENT=@OLD_CHARACTER_SET_CLIENT */;
/*!40101 SET CHARACTER_SET_RESULTS=@OLD_CHARACTER_SET_RESULTS */;
/*!40101 SET COLLATION_CONNECTION=@OLD_COLLATION_CONNECTION */;
